Index,target
66,9.741440137969782
67,14.825426398290872
68,14.995659361394981
69,15.115566203530145
70,11.87532998997453
71,18.97291682113225
72,38.539489146559575
73,39.68034724790968
74,32.201057543388394
75,48.887304093718384
76,48.945489115813054
77,36.52874418610825
141,33.277097157095376
142,28.030935650776726
143,49.696836164207234
144,49.62328580641084
217,42.28323250507109
218,59.4024030151827
219,36.710931454578166
220,47.027974428020634
221,61.756281044136536
222,36.41449233171579
223,23.56602138479345
224,26.699657985649036
225,37.07516416794897
226,26.747057863258938
227,35.88351752576393
228,29.994272128252845
229,40.03060348369672
230,35.33288374181391
231,38.62598611561176
232,15.87560037143566
233,14.4620766091904
234,23.27252086783251
235,28.432424343929036
236,36.18909924531735
237,36.261551346084055
238,39.78465431659132
239,46.15934294394673
240,43.72376228431472
241,38.491575022240106
242,29.09299188771856
243,26.907351729500462
244,30.44385428534445
423,34.95204679329338
424,27.998404068674592
425,37.68332022846595
426,41.672252095658514
427,36.94725176432032
428,36.15001084887358
429,32.86583689316463
430,45.82895277904499
431,35.04377353719264
432,23.283087786612064
433,17.15550500954105
434,16.85831189594288
447,29.725491288524275
448,27.390113230080285
449,26.522142403580617
450,33.16320545407477
519,27.493372154122
520,36.343525844329115
521,29.902764964202877
522,41.0848696700838
554,26.43758405744711
555,41.13291524698136
556,46.62924645005358
557,36.73955054006003
558,21.10080074200005
559,24.7624020704387
560,31.9950773849827
561,31.86550058887422
562,32.65707348986133
563,39.04391252136103
585,28.996061016701955
586,49.053373888793345
587,49.780402634113386
588,48.18504715081136
589,44.13383201252807
590,54.94886614970143
591,59.64667387055616
592,53.285873869926554
593,18.999390092778164
594,31.21344619308563
595,23.912349188801716
596,26.900772923581904
606,26.601125950673783
607,30.02189298954236
608,40.01445129417214
609,43.06670610132988
610,46.00568900520938
611,5.2906496107290275
612,3.398083206732603
613,5.256017176559615
614,10.5380264985835
615,11.836174829333965
616,16.278557948026112
617,14.632466380158403
618,10.684274685416254
619,11.543890874266324
620,15.56897399985014
621,16.885432808030572
622,17.27735471624888
623,17.072706460893954
624,25.216803787773813
625,25.213443172503506
626,34.39106118669699
638,28.667404402348748
639,34.11992316288621
640,31.90372533661671
641,35.12222108788367
713,22.31253702367324
714,18.489875430070388
715,21.17770011844684
716,27.186473663019857
717,23.695723008403558
718,26.349450882012206
719,32.11956355940707
720,27.74903278449538
721,27.198528960180344
722,43.125685525534486
723,52.36056772230339
724,43.11768691463208
731,57.81779971312321
732,46.64767708842165
733,61.060692886838844
734,40.0247748472916
735,45.455815527142065
736,47.17918856699694
737,45.562189424483094
738,29.132194232325674
739,29.724409568425163
740,35.1312192558346
741,30.70842877157519
742,42.37940259060765
759,41.233749579609125
760,35.0191074889679
761,51.23564499933529
762,56.366346530894276
763,42.34570658037021
770,43.54028135922277
771,43.13629415013119
772,12.675073774366457
773,15.642328142564304
774,15.567456584778094
775,19.004911101530528
776,23.168302370324096
777,26.974947424844643
778,31.585525180548455
779,35.34177844618332
780,36.10052309432157
781,32.32289677404753
782,34.39865061443726
783,38.92519059616259
784,20.513328657748986
785,33.03482963023298
786,30.71270149338601
787,32.69421844224905
788,39.03931105712282
789,48.6454785848898
790,55.05931198050581
791,24.175689193820137
792,21.048408831669295
822,25.755389038750163
823,33.642818857701954
824,33.79423510157382
825,33.23942804484944
826,27.960770163995033
839,30.41717498457999
840,39.318598678971604
841,51.00769494319254
842,46.12778327212679
843,46.876946439423534
844,47.10788987788317
845,52.586123255981356
846,50.49302348065057
847,47.87206139529358
848,54.552636801875266
849,31.691736049812448
850,20.668562788103568
911,21.100181516274738
912,17.63044637168094
913,31.418557965141776
914,27.46537379298616
915,30.438594470462036
916,38.992394077904514
917,39.293311791646936
918,41.124280354565286
919,30.326551146972605
920,32.79893250376036
921,33.0414615059141
922,28.21478089091694
944,49.012869408841254
945,36.14716361344834
946,32.63864846811356
947,32.433505381776264
948,40.29430141673446
949,35.013664416258294
959,20.42236675550819
960,29.768795682026937
961,33.08139851506507
962,48.71910069901301
963,39.90212198941015
964,45.51172953433078
965,52.412125158164045
966,47.13439796387186
967,39.71580614748753
968,47.83066137011289
969,44.23282593607464
970,57.54624207548837
1097,26.572642336167714
1098,31.09184272046203
1099,24.799239031168124
1100,26.754572449057253
1101,26.142590415457605
1102,30.613881697359947
1103,24.230372295767886
1133,38.01481565259685
1134,35.751696183615
1135,42.124776306861136
1136,33.30600254123793
1137,41.1372939505144
1138,44.74947168648282
1139,41.537488508182584
1140,40.569571929966195
1141,45.47110264453323
1142,59.255846179445044
1143,23.694043086851867
1156,34.26484070329958
1157,18.47032151623569
1158,28.070805728077918
1159,27.287789291862655
1271,37.32884215336889
1272,38.85647726284071
1273,33.58941215940699
1274,56.430360835886084
1275,26.396788742568614
1276,42.533082229153976
1277,47.02881137569768
1278,36.10907179871877
1279,48.0971273246431
1280,55.52825506687445
1281,62.390956504245615
1282,57.46456314704451
1294,27.40036977508718
1295,28.04515572429046
1296,41.04023501636877
1297,30.934837053299184
1298,38.285866121393234
1299,43.535612943252836
1300,36.968944842421585
1301,56.830508290594224
1302,54.082530498734975
1303,49.530072965350676
1304,60.97687371933794
1305,52.67939395986742
1318,57.98023815394685
1319,64.41267918372232
1320,51.40375722279434
1321,46.16107983306633
1322,56.581021440164626
1323,63.62748081417783
1324,54.3863632956239
1325,53.040367394130534
1326,36.232058159802335
1327,54.43829847996949
1328,48.93015552344577
1329,57.603732963242415
1443,52.899816618888565
1444,62.761449676548445
1445,61.88480578907913
1446,59.296690936615036
1447,60.85428066317753
1448,52.385466369710876
1449,56.416624019534
1450,2.4318545909988285
1451,3.4847160143335074
1452,5.412741244106646
1453,7.780578597973974
1491,17.141118086828076
1492,11.496668582913271
1493,21.249447282382768
1494,12.937770468640865
1495,18.761897873608092
1496,25.608231244373787
1497,30.947402284117366
1498,31.544288541588237
1499,36.597014235607446
1500,29.96669858925641
1501,32.65607096342797
1502,49.57531135254544
1540,44.503740493929335
1541,44.784721249423775
1542,61.33730605462433
1543,47.50779522341104
1544,47.932713873549886
1545,16.800093962057513
1546,22.578195248868624
1547,10.29362865071565
1548,31.269965867160884
1549,11.26073172045725
1550,28.021774840287367
1551,26.795352419318444
1682,39.54804634983257
1683,10.144451945533412
1684,39.38328112602116
1685,24.6817985423877
1686,33.290003222158276
1687,45.28031010740552
1688,55.80084984119916
1689,38.192428685319754
1690,50.15675833662977
1691,46.50980801021379
1692,47.94845980256787
1693,48.94374404341899
1788,47.79609648386501
1789,33.10267944767661
1790,38.786746318936984
1791,36.84116055462314
1792,56.3859049352279
1793,45.063015307002445
1794,59.667621256837336
1795,51.20123322914983
1796,54.53930956628349
1797,40.87484031672553
1798,51.04477878276143
1799,56.73614505980437
1823,10.960363030382013
1824,12.215322695106467
1825,13.32523861816069
1826,12.88719038603343
1827,18.76417526923898
1828,30.287695332418366
1829,22.06590380955714
1830,23.54975033082161
1831,35.242506890908516
1832,30.709595135870906
1833,31.41846819928129
1834,22.21609867500778
1835,40.43393511990819
1836,44.2223507764541
1837,47.422367202494144
1838,41.42879522989293
1839,11.151368072523734
1888,15.705556781921478
1889,15.792605039373758
1890,47.49653216265891
1891,53.56452428284107
1892,59.736020888978516
1893,53.69608348003706
1894,61.19655664931012
1895,33.83407539945419
1896,38.68676559547456
1897,39.36666014993363
1898,40.84927168913262
1899,44.646491759527265
1900,17.578560183533114
1901,18.090277400624057
1902,19.177000041580634
1903,16.173893634738683
1921,34.76116501098251
1922,28.36321776393526
1923,33.21503626352815
1924,29.808709012322975
1925,45.20633892961287
1926,30.85131320917956
1927,31.43925790490857
1928,37.06837922518921
1929,13.047931831834264
2057,12.836991923677864
2058,18.766181130247695
2059,16.63702585150666
2060,25.707760404401057
2061,20.016107846595354
2062,25.880641201638376
2063,36.36777630671181
2064,28.53791321875556
2065,26.61181446278046
2066,9.285030611175333
2067,15.815906140229233
2068,16.382632756765815
2139,32.14115948504872
2140,27.596020882887352
2141,27.967259275890193
2142,28.385587446334604
2218,30.686105938657224
2219,39.59182976168312
2220,36.47049436054978
2221,26.41225268776663
2222,17.165078840852296
2223,25.73792409824398
2224,19.23053602339534
2225,30.223695947627903
2226,28.23676280743087
2227,40.60820284206536
2255,36.93646661021443
2256,32.2602624862054
2257,34.031525361437026
2258,40.0968610016849
2259,34.428279424755786
2260,33.41822454018789
2261,50.99105585780247
2262,40.56416571009417
2263,55.69411010617107
2264,40.02481091596653
2265,16.008001007030725
2266,16.052293298874574
2271,35.88767290335367
2272,21.222429442932174
2273,28.081886692480605
2274,17.75641726315702
2287,28.321409811309607
2288,26.680372421313987
2289,28.780000943013484
2290,40.2683414014765
2336,40.697064966615756
2337,31.826523935049835
2338,34.23146339033628
2339,46.2367275795427
2340,31.016037226833433
2341,31.149425545676394
2342,42.72632295962309
2343,45.34313690817292
2344,38.52798482192345
2345,37.38379031296837
2346,39.244688005836984
2347,45.922735381637054
2413,46.181641719944444
2414,44.89226483268876
2415,38.76215108411983
2416,49.69687302918152
2417,36.94262616835481
2418,56.90980172962461
2419,34.43557141494581
2420,42.87921255551129
2437,58.946515557671276
2438,50.81084610658281
2439,52.392223996884304
2440,48.819594863639296
2479,63.93709589591056
2480,70.516194961229
2481,60.76762010205579
2482,20.22311360843367
2483,23.12076390616712
2484,12.693439874566508
2485,16.729246007141743
2486,30.63642310065495
2487,28.308314111551088
2488,34.63369852362023
2489,43.277136847358896
2490,36.365273848179484
2491,32.1702226236962
2492,44.661903146996366
2493,59.067879048421595
2494,39.989738229774304
2535,40.48656201160834
2536,28.29532090503845
2537,32.56928784088506
2538,34.410345273357734
2539,37.067502372196856
2557,29.687274252795447
2558,49.588732181634704
2559,40.38019619030232
2560,40.223893806007624
2561,33.64199593937478
2562,34.47238047741323
2563,32.7176118828941
2564,31.094062251276156
2565,33.386597914010224
2566,33.164835133388486
2567,35.65817838850398
2568,31.56006469453748
2573,25.550136170073703
2574,53.653869822767334
2575,44.77640258114537
2576,32.894812701100676
2577,44.28097228692572
2578,45.7569362942524
2579,17.945810517179925
2580,13.951613137534894
2581,11.978634393525311
2582,8.864891793744505
2583,34.06410114649767
2584,32.36575616062621
2585,31.410409231390133
2586,27.069646384355345
2587,38.1898428384531
2588,35.32863670730309
2589,39.6187805806194
2590,52.855997451885166
2591,46.493217371081954
2592,30.145355538711797
2593,55.19169328309749
2594,47.71005248508209
2595,3.0691807121436065
2596,32.62050416462545
2597,31.944101651789026
2598,38.51051762060441
2599,33.939637232483
2600,36.03949249574054
2601,44.12551930547351
2602,38.674320033883184
2603,57.471878682389864
2604,58.01355873053581
2605,27.18949421561233
2606,46.913015080373725
2607,30.177393447284935
2608,52.366474830046435
2609,36.69820137620928
2610,53.417550251578895
2632,32.730195841996604
2633,39.244045024803036
2634,62.810305598424065
2635,51.954518884679786
2636,37.673581454734595
2637,40.38071030321274
2638,51.45816551033002
2639,18.92808888087399
2640,19.548652167016026
2641,22.799902481852946
2642,32.21078266925196
2643,28.072481818909495
2644,33.09543140951766
2645,32.747851297038906
2646,29.95254938224394
2647,39.5312273855213
2672,32.832707868488036
2673,32.13289655352262
2674,33.70913761841893
2675,16.387161188437027
2676,12.010678344992785
2677,22.410723271407818
2678,19.86320288503626
2679,47.323323493625196
2680,48.044836671517736
2830,44.400303506908884
2831,39.64189741958646
2832,46.2565134157234
2833,38.598491456309816
2834,40.89967387497846
2903,53.00792933499276
2904,34.09684853338407
2905,44.940762038557985
2906,49.02306494357598
2955,45.95025373393204
2956,48.81218797672115
2957,47.85918734209555
2958,59.78987633711726
2959,41.95703476344654
2960,33.131294569511816
2961,30.870350472536487
2962,41.431474020790766
2963,44.99733781795241
2964,41.66574226182938
2965,46.35844213632724
2966,38.891021072895654
2967,48.48614965164612
2968,50.53081986720623
2969,48.65080528706421
2970,61.02331404007864
2971,49.6860771889418
2972,56.766276001768404
2973,68.30565741753175
2974,61.22246269905889
2975,60.6733921445972
3006,61.365880689965095
3007,54.643800097391676
3008,63.960820978058834
3009,69.69453510506239
3010,71.85681935407477
3011,62.74983736504393
3012,64.58322859882254
3013,71.17395572707359
3014,10.148037230253307
3031,18.76125998225243
3032,13.493708443879221
3033,15.393104823084187
3034,16.815251424735347
3035,19.513275959301634
3036,48.176487154707566
3037,35.15497362440121
3038,34.95838531618378
3167,33.05990124939954
3168,28.43626345865808
3169,41.176239019949605
3170,30.5487653716162
3175,34.76887846538043
3176,31.07920973595412
3177,42.56039886372137
3178,27.811233189742854
3179,31.35373838122398
3180,34.727730223635675
3181,38.0434850393341
3182,27.916925782096712
3183,50.35590948082374
3184,33.95264092569093
3185,37.40631652431269
3186,40.648305982305146
3192,43.82232490320109
3193,40.67878818007836
3194,33.11098706333939
3195,34.61995942587713
3196,38.70650812451145
3197,32.9029670717602
3198,34.81577042825278
3199,29.92284496483116
3200,27.206275463568655
3201,44.271022124805086
3202,49.172440208620756
3203,30.503840507802668
3204,38.13751905245731
3293,29.106153418188764
3294,33.915323270124645
3295,63.09454384933565
3296,60.12723891326293
3297,60.92772767118146
3298,61.807706242109155
3299,63.551210190447016
3300,63.601647896623454
3301,63.110407533686356
3302,65.25911846840549
3303,64.77264908888603
3304,72.60830502315197
3305,62.225292419780374
3306,62.466841634668015
3307,2.5823389071432423
3308,7.860197846677648
3309,8.7680631013794
3310,40.51863115801291
3311,18.624904867782302
3312,22.385587605838634
3313,25.8195058613356
3334,35.98708172358089
3335,37.55668504817116
3336,32.29875664759703
3337,34.94515324445576
3338,29.082553707026655
3339,38.48810258493949
3340,41.56663744807364
3341,33.58122293738627
3342,26.939472868494814
3343,29.963130111946597
3344,37.45431240580149
3345,31.097518573396346
3346,51.75258292973378
3347,46.700174755108975
3348,61.19103671118452
3361,52.648916971933204
3362,57.60531187657545
3363,50.046340918386484
3364,48.14686784895591
3393,60.193280783350964
3394,51.34119210508478
3395,18.534731678027743
3396,15.178097314396782
3425,16.07701631564235
3426,10.73186385283856
3427,13.665656220328914
3428,22.68353733423717
3429,16.40779903779482
3430,17.428170580678856
3431,36.01694448485311
3432,33.60972233930293
3472,33.21259291148658
3473,30.381014841699802
3474,30.010132264633352
3475,31.40169579396208
3476,33.63996563501183
3477,2.8836688836873905
3478,3.3576334513795616
3479,3.784370703656139
3480,3.840972535196181
3481,9.931643606257364
3482,12.45140623951618
3483,16.263294785105586
3521,14.308155541124634
3522,12.016731656088753
3523,14.84650427997669
3524,19.02166889651799
3583,30.51325563801339
3584,43.2604977271007
3585,44.217580680080054
3586,41.96242429615272
3587,60.32992876279725
3588,38.70175910437644
3589,38.94645952645693
3590,36.32048109867415
3591,41.655892090167825
3592,18.64679277373571
3593,13.183567715810717
3594,13.41516794959164
3595,16.733990945560006
3596,25.57082237525418
3597,14.371684898023029
3598,30.727393772339024
3599,25.277306920869623
3600,38.67964066960769
3601,30.3759145158251
3602,32.47030205036442
3603,40.30529815881828
3604,11.723711926895405
3605,3.74808336245836
3606,11.534773199236291
3607,16.899093132910803
3608,16.853609185192187
3609,19.703874757318648
3610,21.490440736929234
3644,15.26452143772969
3645,27.217756762648634
3646,28.144539449494513
3647,36.140099638322546
3648,39.23551382913617
3649,23.8462660786722
3650,31.051011526451997
3651,28.083667460448353
3652,30.54087484774331
3653,3.4375013864271
3654,3.597227821189941
3655,3.964122841199008
3812,4.43361601829151
3813,8.679530471477648
3814,9.111420775645483
3815,12.079275994618815
3816,13.68291771037533
3817,19.854551548694943
3818,16.034088749904626
3819,16.662137052826985
3820,15.790813100827846
3821,30.426556580757108
3822,20.723523614818458
3823,49.12399262035377
3824,51.23526485857746
3825,35.885833366415696
3826,51.25624548364623
3827,52.36322204314367
3828,45.807367343550034
3829,26.669890431601104
3886,39.34305944234845
3887,30.77541339093871
3888,23.158910137922256
3889,24.803467690391475
4051,33.33583250760493
4052,30.841104085350043
4053,33.11544135801573
4054,34.052352562126025
4055,53.00298331363426
4056,42.84534378860724
4057,27.783086960806216
4058,5.143106380354355
4059,9.851865935680234
4060,15.248939560952477
4061,17.38611754004168
4062,5.624680986214138
4128,16.956781912958316
4129,34.6922092961735
4130,13.96251720509347
4131,34.18563487057648
4132,39.254590868335924
4133,37.28939131139662
4134,26.88315774800542
4135,20.638191667605568
4136,21.727625475545434
4137,12.397070090265638
4176,16.53608345330206
4177,22.17052475752774
4178,23.048051622857162
4179,33.999916149917375
4201,26.922979701576846
4202,29.863653051387605
4203,33.5259084267101
4204,31.72425583797518
4205,35.86796221616518
4206,27.69282667883537
4207,34.59556354022976
4228,37.516931107141204
4229,37.75307804154577
4230,12.695634547526385
4231,17.152238707761942
4232,14.191767693319179
4239,8.30685149393622
4240,11.901794316812554
4241,35.86722396764327
4242,13.013983927823762
4249,29.719102311921272
4250,26.139436590529048
4251,28.843852440615656
4252,30.509763526385754
4253,28.99485740155231
4254,17.846061521777916
4255,30.310969418875423
4256,36.5443893396187
4257,33.34269956290385
4258,8.234751865279112
4259,17.005035685637836
4260,26.99620746069206
4270,26.880840862825668
4271,19.88717862839
4272,19.86961108741821
4273,53.1233344343569
4274,38.8401383800668
4275,38.08348209708573
4276,47.40318985222315
4277,52.954970557735074
4278,60.89083853365889
4279,49.85035302558572
4280,59.5324771132176
4281,47.33634471842414
4282,46.97603151816193
4283,16.051793892955427
4284,15.509437282351676
4285,14.211134772541836
4323,13.433518778471353
4324,19.307756433603725
4325,17.42517896412987
4326,12.23863842474956
4327,46.207173916321665
4328,41.77768281579099
4329,25.04278685059774
4330,54.51713526195325
4331,33.282219005251015
4332,4.489771582127701
4333,11.558630358456888
4362,14.39532554947108
4363,22.808120220695518
4364,20.681766989598362
4365,16.832480500213716
4366,22.721645883435396
4367,23.980118730519713
4368,26.91060221359693
4369,25.768714083559495
4370,42.970419598934456
4371,46.8730696811389
4399,41.49802215954436
4400,24.25347580700767
4401,30.13802463843532
4402,41.63874334656563
4403,33.193664424625545
4425,31.722465407425087
4426,41.56569506123505
4427,32.333175767876504
4428,8.612660016770809
4429,14.77987633298693
4430,20.956725161905545
4431,30.947299100302352
4432,39.708105780421675
4433,28.33746268253723
4434,44.59501048088799
4435,39.38170135459944
4484,42.22217868888945
4485,39.49845013161366
4486,44.440105588354136
4487,45.91468057269051
4545,38.306223251925616
4546,33.741004307736944
4547,43.79131022479607
4548,37.60323287508398
4549,18.687050554725918
4550,30.870300972401274
4551,24.088063863304967
4552,26.596928826183753
4553,15.638563626584588
4554,30.479454523935214
4555,44.25775719535693
4561,47.20524926226664
4562,31.173996520370746
4563,49.12232996361106
4564,55.59087897893097
4698,37.44040811689773
4699,27.219369829103513
4700,27.665084788783876
4701,31.028025062893303
4702,26.729924902633865
4703,32.8452460703293
4704,35.63651903844596
4705,9.622189979243043
4706,17.082790499605768
4707,23.154037507536486
4708,22.744420186539624
4785,33.5366813541714
4786,33.96129827037178
4787,35.584960573176346
4788,35.7329219116362
4828,35.965376103140095
4829,38.54165463662205
4830,36.97759032864568
4831,35.16437782121189
4832,19.09192984021841
4837,30.13005618839879
4838,17.315420910120103
4839,26.711662403598375
4840,20.694398957532517
4891,26.644292441849377
4892,34.111215059968124
4893,34.139543059634946
4894,57.95082754833782
4956,69.10700124052664
4957,55.040468519481564
4958,68.93735539679997
4959,59.527348260748305
4997,68.68143457244685
4998,57.36845808642342
4999,57.77630073125152
5000,68.03279225192244
5001,27.34317592511206
5002,23.529160006537925
5003,34.06830626514774
5004,30.8555381749088
5005,30.396334972735595
5006,43.44299169005111
5007,37.26329961709615
5008,46.117328345563536
5045,39.70440804446722
5046,40.80355213233113
5047,44.79509148023279
5048,46.64684731981039
5085,12.385090364230306
5086,16.724998565676096
5087,12.91514147063907
5088,30.7762695823526
5089,31.617110629115828
5090,32.94522153533087
5091,31.42668641153252
5092,25.638702927962374
5093,40.12569514234288
5094,36.7779011313016
5095,39.89423513178784
5096,43.101917268168265
5097,41.384090443228494
5098,46.18173158028979
5099,40.35115531594205
5100,40.77146534081516
5101,54.305033804290076
5102,46.53209591646104
5103,37.925051551611304
5104,45.65049978124433
5257,46.630200948134984
5258,38.63302125378993
5259,44.405551564324476
5260,44.821800126525346
5261,20.42236399457732
5262,39.00569975645699
5263,39.060949959895126
5264,44.49173649897486
5265,10.064088525387666
5266,34.925216892781776
5267,33.4833513434186
5268,30.25034576547246
5372,43.534618306401384
5373,27.128592140562887
5374,26.868077693115637
5375,40.279188303186416
5376,38.93549322047783
5377,35.94747282594294
5378,38.92395321301661
5379,32.709901677524975
5380,51.26549572435109
5381,44.434063244602754
5382,44.19905733521935
5383,57.051096973027484
5419,46.60716690773066
5420,54.03713177658614
5421,31.147200490805663
5422,14.824969405952924
5423,26.318322410213835
5424,27.170211186062648
5425,30.486147670134258
5426,38.4903646933921
5427,41.59618634924617
5428,44.2370592478251
5429,22.434137409819826
5438,37.93343060376413
5439,27.219494453386616
5440,44.15646134278561
5441,27.51085210056658
5454,26.73249509110007
5455,29.491698215754123
5456,42.12414650300522
5457,40.14340057782659
5458,36.44388577287839
5459,30.842987157183952
5460,38.293054434558805
5461,7.486137802479718
5494,13.23855383505877
5495,22.736266494190257
5496,26.067267889220176
5497,19.71404022124188
5498,13.79881025722971
5499,35.89885526563891
5500,37.59781666957209
5501,35.037391536584956
5629,34.71218215720304
5630,41.49083058526879
5631,27.93956131173046
5632,26.496052811769303
5633,44.465252458852625
5634,32.566161551268245
5635,28.980071374096514
5636,21.378787526441748
5637,27.297011731947546
5638,34.20301587563828
5639,23.820545771742147
5640,21.60805945726302
5641,16.60863103048738
5642,45.03781920594935
5643,40.3692790540844
5644,34.76703746338334
5645,47.044924449647624
5646,54.537790326070436
5647,50.19699206837423
5648,13.717988274482815
5649,19.029173504717882
5650,26.610046096127277
5651,22.237702611916287
5652,33.9564037907674
5653,54.900396735904586
5666,40.00924068540604
5667,42.18250261088374
5668,50.725768916351385
5669,9.339643854980267
5670,5.455619610343542
5671,12.319873351915547
5672,28.536177573529972
5673,37.48895753772754
5674,37.02970003316643
5675,46.423230778991595
5676,33.82424541463072
5677,33.72415572579828
5732,26.48721185629764
5733,34.92620900681249
5734,47.0999230130064
5735,62.82195782834914
5736,45.582154686877146
5737,56.07581903754572
5738,45.370911356090524
5739,43.17938235557645
5740,44.608459564405884
5741,9.160851735768034
5742,14.088607388540064
5743,20.105401439580557
5863,8.983670461887801
5864,2.367248735943964
5865,16.992102367870594
5866,25.763302478761105
5867,11.930366384266698
5868,24.84933911073208
5869,25.63075634828404
5870,41.65144726616737
5871,34.77935114942172
5872,36.680633281275
5873,38.334499061573084
5874,35.3984879851371
5907,46.59324147426557
5908,7.4468859100564115
5909,9.93158515882882
5910,12.868605560231673
5911,5.634616943576567
5912,15.57920145198727
5913,17.934144457771513
5914,22.819495255212345
5915,31.209999243877483
5916,29.518350202693977
5917,35.314305158129535
5918,29.389819100946813
5940,32.46938144119991
5941,34.52550215515876
5942,33.686510584199524
5943,32.35937806181637
5944,35.015705831384395
5945,40.64504071706025
5946,12.384328318542323
5947,13.637585678073998
5948,15.714994231531366
5949,13.801250621264883
5950,15.040532551409294
5951,17.195441068443554
5952,19.068369557946344
5953,17.324741874434476
5954,26.295161726716373
5955,31.87381206839352
5980,29.12844480032385
5981,41.646159070839325
5982,44.94369337014426
5983,39.56685083365459
5984,39.74525761230475
5985,45.225131334423764
5986,46.28840597237248
5987,50.658731898039925
5988,41.69973257947757
5989,47.06780686550738
5990,54.19289054467455
5991,59.948325895514024
5992,60.394892309965805
5993,31.528144951326627
5994,23.56786131374871
5995,24.969060426888657
5996,30.385259762506745
6001,27.91173993317788
6002,24.65144595714588
6003,27.942174696129236
6004,28.576036246873752
6005,30.753398948231755
6006,33.65536226551722
6007,39.61119207702921
6008,35.79941007614446
6021,30.940288717023503
6022,55.11005549672576
6023,41.605936321838556
6024,46.08185183367669
6025,48.4549724668036
6026,33.419857102398126
6027,41.679345428795706
6028,32.01117253010505
6029,33.128684873539875
6030,45.24128490709697
6031,34.891041589622404
6032,48.681050308964
6122,38.19363897140112
6123,50.81001757282686
6124,37.09927574815341
6125,40.11722944543663
6261,45.87015108091949
6262,57.418366197980504
6263,50.76271922940044
6264,61.73860344604353
6265,42.044745512004646
6266,11.693755008501322
6267,12.29919997628304
6268,22.864488349017446
6269,19.525429296285175
6270,39.621316559695885
6271,36.45486398500216
6272,34.484772813948915
6313,34.62917962970136
6314,17.762755571138825
6315,30.38008044772257
6316,17.89450573721505
6317,34.1407066799969
6318,33.52479253021909
6319,26.285690857644738
6320,30.109850829876223
6321,24.810945986427104
6322,35.65083232759512
6323,36.38397565537772
6324,26.79500031611278
6325,44.649006999442854
6326,9.552054534412097
6327,11.772876209178007
6328,15.674343760810684
6329,12.670029797268686
6330,51.7196438676793
6331,64.41640431203218
6332,69.21731382613852
6348,58.29396965448945
6349,13.74240758803475
6350,17.99559953093273
6351,18.525918771762637
6352,28.663100394268298
6353,29.636363123710737
6354,27.74253825026987
6355,41.534735469981214
6356,25.47091369885952
6357,42.44486501425509
6388,48.88616168289883
6389,33.92971485631093
6390,44.69374103171906
6391,3.2971698773993583
6392,13.231989338977582
6393,13.728588844348048
6394,5.750623067918772
6395,40.862434245236656
6396,54.30692646553526
6397,33.64700315608431
6398,42.34467737995414
6399,28.985201506403893
6462,31.76077195963331
6463,31.29485249830828
6464,42.93421750897597
6465,27.674723544069007
6486,20.82367785704855
6487,23.141590465078224
6488,46.301722367541686
6489,39.19801837329235
6490,35.1947635663408
6491,40.15262318076269
6492,47.92241273028185
6493,31.900546029231542
6494,45.69648141473926
6495,24.45140568364453
6496,16.106794598329568
6497,9.201411739803975
6538,32.06033544721515
6539,32.18153262910798
6540,45.32968220085387
6541,40.341098802444485
6558,34.25266053562983
6559,33.07606350502065
6560,36.08025853161396
6561,40.75454432866489
6562,33.94039039173191
6563,27.80066628548326
6564,23.801467881423946
6565,33.39473032214578
6566,33.216236481272006
6567,47.093764436330424
6568,1.7177160323520277
6569,7.658214942387333
6570,5.476969996250536
6571,13.335754628178329
6572,13.178230402594917
6573,8.906964833493708
6574,15.971391652898042
6575,26.89689472139013
6576,5.537977750273941
6577,27.208623765465145
6578,37.704889537801414
6579,19.591483997277376
6580,17.986559579715735
6581,19.26906185003315
6582,14.646200026428156
6603,16.654915333347596
6604,30.867304885901174
6605,33.04449577687156
6606,24.530962349501653
6607,35.436772418162604
6608,42.715422725640956
6609,49.52392584357462
6610,36.2277431915099
6611,36.29941329161314
6612,36.7537009780367
6613,50.89276179133322
6614,46.667981494655635
6643,59.604393099748094
6644,38.55207272715159
6645,54.0920187438932
6646,10.748193885157114
6647,10.039043190082426
6648,15.651906105670893
6649,8.24606654122263
6650,18.80019789950795
6651,21.223413330482767
6652,16.352252415814764
6653,23.04956279081819
6654,6.094301964398273
6663,31.697998435202038
6664,41.24044109773123
6665,32.989359405449086
6666,24.01335138061943
6667,33.774336817763846
6668,43.779357647443874
6669,36.073406349126714
6670,30.927965448074364
6671,46.006356800411076
6672,42.19939519749614
6673,41.08798735443116
6674,10.209936934033847
6675,9.635479921578277
6676,9.038589693119873
6677,11.95405418450698
6678,22.9300765623225
6753,11.943748357306074
6754,15.68113845671971
6755,22.578032175216197
6756,13.373572084187542
6757,38.69628044098072
6758,31.961534151277995
6759,41.483487000953765
6760,40.51018045386692
6768,33.12519217349516
6769,33.815587519146426
6770,43.12224731611061
6771,19.97070620219172
6772,17.22661847251562
6773,36.668207996836465
6774,33.92242550871798
6775,14.51886374455158
6776,16.887702591638078
6777,33.09281667873936
6778,37.67805961050071
6779,27.697640255713868
6788,38.09594131531555
6789,35.04314000452283
6790,44.22981959804248
6791,30.023962257247895
6792,41.4546606217058
6793,46.40829470897959
6794,40.989292622984216
6795,9.695528204346234
6796,13.299228259424865
6797,14.871987241154857
6798,21.195175567123062
6799,24.257116149886876
6842,14.158489451169574
6843,21.104172993896587
6844,3.526840555997195
6845,11.662887763399935
6846,18.374730062431773
6895,23.15723758240061
6896,33.87939066220637
6897,28.64332049967095
6898,24.607806776888623
6899,23.0239018492862
6900,28.540786666418526
6901,30.126849800376494
6902,38.9076484984437
6903,39.10869950589629
6904,45.16264108112306
6905,35.111708664578565
6906,38.98766118405745
6907,50.21639985555103
6908,49.51626332216847
6909,5.371754608333627
6910,7.641075361710192
6956,8.846551255239566
6957,10.336116829966343
6958,15.155508097152145
6959,17.221605693895647
6960,17.695510654665068
6961,17.786718194817244
6962,16.571166301472104
6963,29.813633747098038
6972,30.62387447948919
6973,28.751624435265203
6974,38.40656504307627
6975,46.79274216609567
6976,40.656529669967036
6977,47.9088646225724
6978,41.98520980875082
6979,44.7921384723524
6980,55.75810941336729
6981,51.59719842108349
6982,61.040419513354614
6983,32.9813665157255
7052,33.378076017662146
7053,33.24317979687203
7054,58.85470695772116
7055,47.23966796207219
7084,45.59002774299246
7085,48.697832368301995
7086,46.43267069375372
7087,3.176877136784242
7088,33.69803178455792
7089,21.51344264693854
7090,23.910122590125262
7091,28.90615543656091
7092,27.718001733549993
7093,32.750181890627374
7094,38.72143405114034
7095,37.89317953951578
7096,44.085424552297724
7097,26.03605520909167
7098,37.36727294148966
7099,33.54346932748871
7100,32.84824240236442
7101,5.11773868895165
7102,17.17884035897806
7103,16.952261560150053
7104,15.7171612629089
7121,25.313649388892227
7122,26.283254884484368
7123,27.16761174149054
7124,27.24589481481077
7134,34.69082927896563
7135,39.070888384602206
7136,51.11234053380046
7137,44.4118224350126
7199,22.658019628130788
7200,15.500762096025431
7201,19.191259037050624
7202,42.05267952309385
7203,35.85030034135444
7204,29.043553075971666
7205,14.783711407238023
7206,31.664236500673148
7207,19.878434056372107
7208,31.99718270517034
7209,27.23989981001331
7210,33.24646402390421
7279,54.70717726721984
7280,47.12971619371817
7281,43.499333042510976
7282,46.96854386676901
7287,58.97089250240557
7288,56.329920702837214
7289,47.26749409873984
7290,33.91567342768337
7291,33.550594293970846
7292,37.222170866667405
7293,42.23673195266174
7294,48.986800153977704
7295,34.843782275590115
7296,46.61109446593446
7297,53.82954026489589
7298,48.3531870019944
7371,53.71203886852355
7372,56.728944794649635
7373,46.19521299839664
7374,57.197524122545865
7375,54.90759274304856
7376,48.83396229822738
7377,24.595895427415627
7378,36.497779553983236
7379,43.716659989193204
7380,55.46137917531802
7381,45.60840981907422
7382,57.36024441341911
7510,27.84665932792559
7511,24.481901100339986
7512,31.694224539046065
7513,26.790563639430097
7514,33.62932181945885
7551,35.04671202278024
7552,29.59832295847356
7553,34.7937862502933
7554,28.52864081667673
7590,57.90878535534628
7591,40.38687626939405
7592,38.015153115090364
7593,17.993395967537232
7594,26.652056192302112
7595,30.771762739723044
7596,29.874467675387322
7597,32.2767615303933
7629,20.454089269662433
7630,24.477742619362825
7631,26.88409250753802
7632,27.23800961742556
7633,30.226143605077375
7634,41.04665213603368
7639,28.423134387103893
7640,41.442929255244636
7641,58.12485081931811
7642,26.674275954445907
7643,40.96625047410021
7644,49.69884646141998
7645,43.90981498969405
7646,38.2200090507362
7647,45.96373086183238
7648,48.68390060490608
7649,17.173126453466473
7650,15.869102654333172
7651,15.626550517886944
7652,12.794121441372223
7653,17.447395771761567
7654,31.427078531706467
7655,29.58166899629855
7656,31.8670991720141
7657,34.17995704136962
7658,38.46161003046533
7659,43.219752046822094
7690,36.246765554978765
7691,58.86531642020467
7692,51.79885563660495
7693,51.12600020865337
7694,43.69895851100193
7695,42.18254202299832
7696,42.195430229776015
7697,41.12261910334467
7698,52.86698414304196
7699,47.67858813029344
7700,54.827735100521814
7701,57.140401047008396
7734,58.94689629105613
7735,54.32304463181015
7736,51.62865186638087
7737,69.2519346335311
7738,50.05031474703146
7739,60.346406570004135
7740,48.67641966876185
7749,58.39583037351026
7750,52.912873986179214
7751,56.26684553249127
7752,62.50157326523262
7753,63.02342649800739
7754,54.3274717415695
7783,18.30967627940755
7784,23.19721686029445
7785,20.322498898013805
7786,28.1979782713729
7787,27.27238915662252
7788,30.81381036681267
7789,30.349662602366646
7790,37.351510769775516
7791,27.719806441742133
7810,36.95448753553432
7811,42.81452119103715
7812,36.06481565532909
7813,1.8868612790275945
7814,3.1885584497905257
7815,7.471330431044764
7816,10.421232947060252
7817,11.375126697320757
7818,33.52984547172408
7842,30.083887118864208
7843,39.17438173993158
7844,33.45463926867977
7845,38.34883783649819
7878,32.334560011162885
7879,40.35669396915
7880,30.08742241862271
7881,50.95799658895797
7882,43.18850566667507
7883,32.7849593793961
7884,39.3248740824574
7885,39.36440084188495
7886,42.570886577742705
7887,47.99446748482905
7888,42.66885532812432
7889,44.622384802625966
7895,37.51246413648446
7896,46.6926000589298
7897,46.95556850649838
7898,55.507530287570646
7899,36.593630442434886
7912,46.72817654065563
7913,29.902410121689645
7914,43.82896761117227
7915,38.65522825496311
7916,44.79146112802816
7917,17.643585175074037
7918,8.80534159274379
7919,19.261135645879843
7920,17.50335766040322
7921,26.756586253907418
7922,29.8498073534615
7923,33.38835457200618
7957,40.31435812130803
7958,31.01398684672408
7959,40.10021754165133
7960,34.93954901662634
7961,25.416141586851477
7962,37.79306633441125
7963,33.56545540387288
7964,40.82236586125543
7965,40.08132330230359
7966,15.174255130554263
7967,13.7746840066195
7968,4.416370153512515
7969,12.15860706299122
7970,38.317993376768584
7971,31.80980941039119
7972,36.11082813083966
7973,33.313979102869574
7974,49.20326776184199
7975,37.519346143539956
7976,33.77151286476411
7983,26.79021639331144
7984,30.358853745061417
7985,40.54777126629401
7986,33.91165530161806
8027,32.82279993645678
8028,41.82403557137611
8029,27.29381896128942
8030,28.09127135904626
8031,26.4436165697012
8032,36.61918115558713
8033,28.654913802715967
8034,28.024041940169607
8035,48.25467390326768
8036,32.05232214097253
8037,37.310496755375915
8038,51.53485453516958
8101,50.45460000005668
8102,39.569069336998396
8103,59.220052999811315
8104,36.853011106592156
8105,38.34091891984585
8106,54.33103638702355
8107,42.48917474120756
8108,42.04407514647077
8126,50.573718898557324
8127,44.444592762848195
8128,28.72962225152669
8129,34.47730850616833
8139,28.767974653620037
8140,33.966268650325006
8141,3.4311068813001655
8142,19.14535459674294
8143,17.808363199888962
8144,13.88813437466862
8145,26.48992923696217
8146,32.17061700061388
8147,34.37979983020465
8148,34.37536675354585
8149,33.12042836125222
8150,42.65394012249248
8151,35.1744538492674
8152,39.15004601398902
8153,23.700646626792462
8154,46.0831806133323
8162,30.996661087308823
8163,27.47047484826102
8164,18.5959352704123
8165,24.504876962153066
8166,31.215222135623243
8167,27.522137878167264
8168,18.92141442450286
8169,18.268913780277362
8170,19.467607944429833
8171,29.844995889925528
8172,30.61154785298296
8173,28.042223115140008
8203,38.124545329039826
8204,45.977735651392585
8205,34.40525972177093
8206,30.583804039687102
8207,15.703447081013712
8208,29.103386865047145
8209,32.356480150764355
8210,35.82146229024106
8211,26.415367216440853
8212,29.45909437293076
8213,33.62311976920592
8214,43.26017702025779
8215,42.9509506082675
8216,56.93704752470033
8217,42.95456758809675
8218,40.07216057735973
8219,41.710699885916995
8220,44.81615650992931
8221,39.165625500221154
8222,35.91475041348903
8223,45.733286785671105
8224,37.35958238388852
8225,33.487829481627955
8226,36.2280329684684
8305,44.232171106221934
8306,45.80131216568374
8307,53.30677530750759
8308,54.38564396977031
8309,36.33983701255446
8310,37.10613981857694
8343,56.31756021913903
8344,52.70484936890488
8345,54.19276435618876
8346,61.918909710979285
8468,55.36423357718578
8469,54.3195748940559
8470,53.441250901875534
8471,60.5879274907848
8472,63.42631024367434
8473,60.858268946916354
8474,8.131370502621285
8475,16.137705601856393
8476,17.00589795131781
8477,4.332325892953119
8478,10.578097811559513
8479,41.47968487948007
8480,31.28708442286467
8481,28.481208387302434
8482,27.961388247381223
8483,42.44355423028861
8536,33.591769388064534
8537,43.580192250502456
8538,43.47867843111872
8539,39.54514231909241
8540,37.62716444740783
8541,8.015671112905576
8542,9.720749775909603
8543,15.326770051593595
8544,8.49586787241057
8545,16.807594723723515
8546,17.0488096131544
8547,26.459674698527206
8548,31.51113044410359
8549,24.32733564720113
8550,25.09058603294606
8551,37.00997257320498
8564,33.99260553297527
8565,20.447202135087608
8566,21.41220092784566
8567,13.781956718097977
8568,29.495682574483663
8569,31.518831050656058
8570,30.581953027039408
8571,37.53239598086151
8572,28.81902302325751
8573,36.4570809380928
8574,40.44980544065895
8575,20.403770094076243
8604,36.53414051391593
8605,34.009483768981426
8606,27.461972558798557
8607,27.687006880747784
8624,37.66489979570449
8625,43.85308340421287
8626,41.52731620916671
8627,44.75880561604799
8677,38.06836295972517
8678,41.029591476752266
8679,45.986878180637696
8680,29.213027145369644
8681,30.602146990886595
8682,23.589157403263542
8683,30.361177893124232
8684,50.14774458665085
8685,33.18269634453353
8686,39.70447725322099
8687,40.810527852557456
8688,26.981674838283524
8732,26.25051682689063
8733,40.55592706814282
8734,33.05419522731503
8735,27.48920155010889
8768,18.036763459463366
8769,22.460698038870017
8770,24.74773929525348
8771,33.450135960429286
8772,28.028101306381675
8773,42.0443609348173
8774,46.40055719856933
8775,27.052013866647943
8776,43.878079494647636
8777,43.01534082634345
8778,39.878943895731446
8840,5.496712214340566
8841,11.917488889969697
8842,8.9179924182741
8843,4.9981071443918585
8844,13.447134789182618
8845,5.6385464970427295
8846,16.330739299568098
8847,26.56040032768894
8848,37.07386889245752
8849,28.706943573500183
8850,27.45668286424956
8851,40.6007776781318
8852,49.82991219862763
8853,45.54282196239638
8854,43.89873867331521
8855,62.460307022638624
8868,12.79412644216774
8869,25.761313943599987
8870,29.635256340038474
8871,31.96053680431327
8872,41.72694142715385
8873,37.72156156730664
8874,35.1489665718445
8875,39.41898108563568
8876,41.42462293434722
8877,48.22813306395143
8878,50.10570082986173
8879,41.064637708946535
8898,59.53539561021714
8899,23.046046221818287
8900,15.490756374611236
8901,24.128097985044388
8902,31.02698848977869
8903,29.564073548146443
8904,25.75841727072069
8905,48.18240245451123
8906,32.75443176214126
8907,27.086753637479138
8908,46.035063065405325
8965,41.93824836292538
8966,40.042226838291164
8967,12.88807422599674
8968,22.860590533502553
9070,30.211107750054996
9071,39.386379770538085
9072,28.17488729549306
9073,41.90387652546389
9074,42.19601625114763
9087,32.93336865363545
9088,30.039022922098155
9089,37.93407997963216
9090,41.097497016160666
9091,41.48783898286594
9092,31.399868262734387
9093,40.665035524592014
9094,34.028721423986404
9095,25.52238360696742
9096,36.06804372399266
9097,2.541205127887347
9155,11.766098615042953
9156,17.42744953705036
9157,30.17751532631608
9158,32.807152601016654
9159,27.694056553756813
9160,27.39824914513784
9161,22.63625050408005
9162,36.28012130303463
9163,31.210144012607643
9164,33.201923195477484
9165,34.950520064371254
9166,27.806958206320655
9167,45.21757537862656
9168,39.01337796697164
9169,47.81858921156357
9170,13.671500267276736
9171,15.90496270608929
9172,16.181898832025794
9173,8.361892682783408
9195,15.730540288884946
9196,18.599958176702497
9197,19.565034552670767
9198,31.076983948498334
9282,26.71045146479914
9283,35.480555598905056
9284,34.240224527681804
9285,32.35117146866528
9286,15.245977596126009
9287,21.449855970220902
9288,19.83707791605321
9313,27.04811291189887
9314,28.54137625173543
9315,51.64069863490451
9316,30.114815364668022
9359,30.896198454649426
9360,35.199486112832524
9361,30.73306538299644
9362,23.846253175370784
9363,33.65228498996521
9364,39.54390302763785
9365,33.1390814724792
9366,35.51148943227111
9367,39.720497945680144
9368,35.94323887238094
9369,46.20287329555456
9370,48.35712672710619
9371,47.735386778412135
9372,46.07798615867391
9373,47.45763406576331
9374,55.63134491509498
9375,19.138880074145536
9376,13.080827973702318
9377,26.7036818143333
9378,31.123371782790876
9379,37.829310021050205
9380,31.937325283884462
9381,45.230524025809004
9382,30.47122114801525
9383,27.15111644233867
9384,40.98582894581919
9385,33.29465237984358
9386,27.43176689916103
9387,29.65410908511726
9388,26.41466181266916
9389,32.17397659184875
9390,35.6588158546437
9391,29.63164662299339
9392,33.82700224630965
9393,24.882668000455137
9394,36.843292074328076
9395,26.267381135094144
9396,26.456658821750406
9397,53.182889600247215
9398,40.73245075481201
9399,44.68643935969472
9400,53.22278602064717
9401,44.171721311165804
9402,51.847305915722764
9403,56.46745316589845
9502,57.26903177895968
9503,57.59333898706481
9504,45.5363654235555
9505,39.63472828877999
9506,61.559893240646545
9507,29.10294220902599
9508,32.19096228740567
9509,42.074938434014264
9510,33.76783953018485
9511,34.24811732997377
9512,31.47966486291526
9513,61.9205590499695
9514,63.802777456467204
9515,48.370893871644405
9516,39.98657073446792
9517,58.576960513524185
9518,47.70331984864557
9519,27.174253180958456
9520,41.51863617832438
9521,23.88023667272973
9522,23.178716703166916
9543,29.70763691231628
9544,31.10523772681998
9545,30.188724955078033
9546,18.30017828671074
9547,7.958544233333194
9548,13.712010707301792
9549,23.291873071039024
9550,36.33460272071168
9551,37.462219078807415
9552,34.67457140890106
9553,25.79559713487779
9554,30.333038435128195
9724,29.377877188135983
9725,31.189727103198557
9726,33.11335429618529
9727,35.09265413598959
9728,42.7888722643061
9729,31.14465509166786
9730,29.649089134905335
9731,31.118693193111763
9732,36.890742031663784
9733,34.74544088943077
9734,44.5085842527105
9735,39.17773592773775
9778,9.764504734429085
9779,12.001267310159031
9780,16.10800024188411
9781,16.951877089329308
9826,13.550564092996938
9827,13.451563526435264
9828,16.814286179715545
9829,15.735343796085173
9830,19.00729130907205
9831,20.851781751069637
9832,19.257119780198575
9833,13.028469690695427
9834,17.112211843984344
9835,26.542358139935068
9836,23.926153666780472
9837,26.361368942292636
9850,30.7431932539951
9851,29.471859490537465
9852,33.492255208457664
9853,34.86238744663043
9854,38.371841708840506
9855,10.551561702698079
9856,17.866171113854264
9857,15.22800426103224
9858,9.343499934207834
9859,16.932804136932962
9860,13.48253826104138
9861,30.03335446181132
9862,32.99332707475519
9863,36.30219792302168
9945,32.24970942702023
9946,37.438325768069504
9947,41.81668162440257
9948,33.876467535918316
9949,27.977980188048527
9950,31.986172746821318
9951,31.82493229501104
9952,10.329403771983712
9953,11.881991217373216
9954,19.78046398985938
9955,23.506960181149495
10058,10.963856077841033
10059,23.143139569124358
10060,26.57520634651638
10061,34.01516338134812
10062,29.575129366948552
10063,33.26458090111619
10064,29.59328675150439
10065,18.640152340180073
10066,42.531771797830615
10067,24.625309688844194
10068,45.244632956566974
10069,8.114839283299263
10070,13.46591336769432
10071,19.150718746150652
10072,22.643200166893727
10073,25.995517484700283
10074,17.858226559006134
10145,31.463920855221318
10146,33.36161777175824
10147,35.81287946587184
10148,29.491535545211992
10149,35.47090105043067
10186,53.6746127976855
10187,48.18298778115379
10188,60.58591032360417
10189,46.72244210656455
10190,49.07338821471671
10191,54.64224925992206
10192,60.59168200972738
10193,54.28676322303422
10194,53.92949239045421
10206,60.19779252896143
10207,48.564526121165436
10208,57.054973194112364
10209,23.77185377075567
10210,26.715440663818995
10211,26.098278740293736
10212,34.80227118120577
10213,29.984284609603396
10214,15.59577804858718
10215,27.88184169671167
10239,27.29031383496496
10240,33.0164518884473
10241,37.71825996487825
10242,34.73982401577627
10271,32.47833204773508
10272,14.62762649372445
10273,27.117183454816928
10274,19.567563614806613
10275,19.858291825302803
10276,13.00890136472627
10277,25.942077862419996
10278,15.596560740984815
10279,27.68687716523404
10280,29.713780280493687
10281,33.92831450609226
10282,29.589483467624845
10283,28.034139647823284
10284,37.86061946073699
10285,41.59098608510434
10286,36.95050273917773
10310,34.98835824086099
10311,17.21090229907403
10312,22.70049797160744
10313,21.830146235965646
10314,30.117272455132266
10315,29.331011890993086
10316,25.834303017154195
10317,30.692145901318757
10318,41.87130291606996
10319,25.118510912626775
10320,39.33167241073175
10321,32.535193590285935
10322,31.582211639519837
10323,25.98858202266582
10324,11.98409550838551
10325,34.001477591675936
10326,39.673628371631764
10327,27.148144923848424
10328,30.296033403077185
10329,39.37178416748684
10330,30.45404691803906
10331,36.20977937349941
10332,45.134780371894976
10333,56.83251014209636
10334,45.24795928564338
10335,35.52970533215734
10413,38.352450666510336
10414,44.84924212105306
10415,39.560046485629
10416,51.40489243576709
10477,26.183313265779102
10478,26.564019480084323
10479,33.361690478158735
10480,40.62781235679731
10481,34.42299515852014
10545,35.24265354029286
10546,31.395617775081444
10547,20.298486271813566
10548,39.015478584918945
10549,36.753962030286964
10550,46.25592750785843
10551,7.50508670264569
10552,11.690363800585862
10553,8.767452182670018
10554,14.603997618098562
10555,12.10839771453602
10556,16.10231295343925
10634,8.594365681038305
10635,27.35816440170307
10636,24.373268789470526
10637,27.871172383808442
10638,55.01502571404758
10639,40.73723675565223
10640,52.40369635319328
10641,51.68085806742326
10677,41.18227359548961
10678,54.251870842112474
10679,63.336713733415216
10680,54.96086411934002
10681,59.91442842140184
10682,64.22264434624783
10683,59.71818551551732
10684,55.28457258580447
10685,51.58767297949951
10686,39.338318286714426
10687,34.15146208888555
10688,43.73483443010631
10689,33.12970828735685
10690,41.787084633044515
10691,45.36186412258604
10692,46.21782332668937
10699,44.08633290434784
10700,43.32193894761149
10701,32.0783733648421
10702,30.890578152549498
10703,28.35270702878148
10704,38.544305029075005
10705,31.035876960688427
10706,28.057637162878574
10707,36.910269413943674
10708,47.28028376977193
10709,31.997441477910854
10710,46.08541599053321
10772,42.16617420529963
10773,27.5568996866002
10774,31.544257242388277
10775,32.78449582718192
10776,29.787902361355908
10777,9.774068342284895
10778,11.215844686660184
10779,16.041054111406904
10780,19.02997482515863
10781,22.110367249398905
10782,33.26789993056734
10783,24.67211240773548
10793,32.225203511960665
10794,32.89245783616207
10795,39.28041962302351
10796,38.305500135530124
10797,45.036620730091045
10824,45.98345283912594
10825,46.85167014247324
10826,42.59186883654591
10827,41.39850895013802
10828,59.93440359976203
10829,42.36693258421588
10830,40.224034772128725
10883,41.57672985637979
10884,39.80777727149895
10885,35.76432354541805
10886,45.3242208480069
10934,68.56696367187818
10935,37.78278517117907
10936,35.925946643107814
10937,31.9212675722626
10938,35.196275829380475
10939,39.78482061543731
10940,32.89118339722681
10941,30.900488020277592
10942,33.10105464677639
10943,19.237870955471703
10944,16.801784967388027
10945,22.856944577376375
11128,15.957950464024108
11129,54.92152423365232
11130,44.39847522061468
11131,42.64167905940597
11132,58.914736436416675
11133,32.651145440363806
11134,36.90467009237057
11135,34.09675371077521
11136,35.251935987500524
11137,45.96129083244138
11138,59.24603665826939
11139,34.448080979793104
11189,39.73378718594846
11190,40.34045254399989
11191,33.71530384929024
11192,38.58253391767637
11193,59.64757050115311
11194,48.536793178350706
11195,44.6586326680504
11196,47.91907427308345
11197,49.32232513249009
11198,49.52435545090662
11199,5.973879929963198
11200,10.198106262668459
11236,15.666157713617958
11237,16.98223382813274
11238,15.829584785367565
11239,19.406030765782823
11240,26.290195604360925
11261,27.145015900897736
11262,30.107725907455304
11263,28.237660675465833
11264,32.12109960028041
11361,47.06463759652362
11362,30.234918379675033
11363,27.86645083166977
11364,49.812032244293135
11412,36.70408850067416
11413,47.4951388436757
11414,11.752461543877391
11415,15.374178251414094
11416,16.810067814258016
11417,16.053089663791372
11418,25.98487133908275
11419,29.031972502407456
11420,30.72330702283022
11421,37.82335758403687
11422,30.300716469000907
11423,27.90052741167154
11424,44.94409768841922
11425,25.6143522366633
11426,39.08509899541816
11427,38.01959948296003
11428,45.105385047357835
11429,46.84999503965857
11430,56.78303089219934
11431,42.97140113498476
11432,41.40750017814478
11466,35.07411750977125
11467,46.30135575814139
11468,43.25131855112371
11469,44.52424858944585
11470,19.39678555085855
11471,30.112921756355618
11472,43.878245567518235
11473,32.86593412824974
11474,13.123348706177765
11475,12.115197944484203
11476,10.246716011642548
11494,19.120011964373756
11495,13.813049082688854
11496,17.898528466338494
11497,11.98056838888193
11539,30.39270829264078
11540,27.61621187999635
11541,41.62577295911151
11542,11.120385382208294
11543,21.05337763965912
11641,19.639231493668238
11642,28.629304806379466
11643,41.32081234576634
11644,24.929587181740906
11645,29.220895595997565
11646,35.543372335607145
11647,39.693372613727604
11648,47.315138698862626
11649,43.55719578287282
11650,45.36739465544674
11651,62.69451219842639
11652,56.79107953518557
11757,59.24969034005463
11758,47.427501747152085
11759,2.810359553615308
11760,3.059071549638097
11761,3.788012867078368
11762,6.69803105858639
11763,10.992288363525136
11814,7.586072513676924
11815,10.875246357535719
11816,12.485919366058837
11817,19.774829918407153
11818,7.462360116218984
11819,19.453968752220607
11820,13.140625891080354
11821,31.32561297023116
11822,24.937777191652703
11823,34.48580298261086
11833,55.920250926280694
11834,48.82389883680421
11835,50.41391349508188
11836,59.62043615784147
11837,36.96522229541864
11838,49.00815556591879
11839,46.31514404912399
11840,56.522863478331566
11841,38.807478025174284
11842,36.389665656817684
11843,35.197584739083574
11844,40.680133601288446
11995,39.83386048734656
11996,26.537265133241537
11997,31.672873511286273
11998,44.645854676246714
12009,13.423623773905684
12010,8.914946968278628
12011,12.848660678486251
12012,8.955104849510718
12013,18.177165130499592
12014,40.95098088949787
12015,14.091693411291823
12016,30.083505080607093
12017,51.94208121646718
12018,47.45071949010571
12019,37.047994351761936
12020,39.83025649989902
12032,36.498951328682466
12033,39.75993889513352
12034,45.42772000350734
12035,50.73757349444464
12036,30.300091467359263
12047,33.29847295313242
12048,28.368952786562282
12049,32.789021175903414
12050,49.89106771913167
12051,39.614600912189914
12106,35.66345376936649
12107,13.86509995700024
12108,25.758975574758114
12109,17.66478654674413
12110,37.53286012342353
12111,39.45949968740155
12112,39.60269828520348
12113,42.50007243167253
12114,48.892596595001116
12115,46.87472261130608
12116,57.034577188415696
12117,63.19212777703012
12118,57.05193867753509
12119,61.15011747636381
12120,60.16467176960597
12121,58.32863430823284
12122,54.354945859153396
12123,52.15381234611409
12124,34.329270892939775
12125,44.99356670199038
12126,32.93836798920425
12127,40.489361958023295
12132,42.33739102424771
12133,41.99341108886251
12134,36.38127807899705
12135,40.64079336305104
12186,39.67872626327133
12187,48.40015665836322
12188,51.79141948483834
12189,60.80390493889605
12190,45.358760195568124
12191,43.466302096116934
12192,50.748144640174054
12193,40.24238493843335
12194,38.87887686748499
12195,39.05445749390742
12196,54.578892770422904
12197,50.70740799313379
12210,51.48782174596413
12211,52.165684878860745
12212,63.94794225737547
12213,60.646883420462316
12233,30.59560555808441
12234,46.004127842364646
12235,44.490384302567435
12236,52.11237245524761
12237,53.304585946997776
12238,54.77969748186991
12239,57.801475635629075
12240,60.66445645061304
12241,65.29571688648602
12242,61.85488125205839
12243,68.31253869697682
12244,69.11076510196236
12245,16.0759294748973
12246,9.356547236780374
12247,17.232439339933354
12248,19.559055523649068
12249,14.318773237633067
12250,31.31833582755339
12251,32.51394227504109
12252,25.174566693334615
12253,46.18203688447372
12254,35.11170375558939
12255,40.98944517591397
12256,36.6270776235389
12269,9.767485326626549
12270,15.90023150391401
12271,32.96622885783689
12272,27.746335385009722
12273,25.532539477327607
12274,38.37488149625588
12275,23.781869955715255
12276,32.93364709357919
12277,56.68834881324707
12278,37.1689308754559
12279,43.142181275053005
12280,45.95232603148304
12307,52.5187242258506
12308,54.11655968667921
12309,45.41472669021871
12310,40.597384208487206
12311,34.82777415208389
12312,24.008170098248733
12313,26.204932275689963
12314,27.963206632476574
12315,20.623190542759513
12316,31.02452147858917
12317,23.687595565965466
12318,32.98214315590023
12363,47.5390138625106
12364,23.466314559828994
12365,23.94085556221983
12366,26.355686093186478
12367,27.560087685381998
12391,32.555374890606515
12392,35.32356410271031
12393,32.971929318367074
12394,34.46039891547011
12395,40.591510003812836
12396,23.46258253812957
12397,19.48390711920309
12425,26.417327526311897
12426,33.431415908389575
12427,31.116993362880955
12428,30.909350009539825
12429,31.40670277672995
12430,31.75867454110386
12431,30.61536866816624
12432,30.63011148173576
12441,26.639451763689923
12442,40.076927189133464
12443,36.48890747779075
12444,44.74164900388313
12445,46.196478737798564
12446,40.93007044890589
12447,31.21763144878636
12448,39.18679121052909
12449,39.11048424480644
12450,44.66081259524513
12451,40.08215750542182
12452,31.740220332604004
12514,31.6212884976577
12515,34.409442274253614
12516,49.513209359106284
12517,38.61167979613596
12518,45.37033419420488
12519,44.153062666699554
12520,23.04162885604242
12521,32.24685829795529
12522,48.121402408074
12523,16.19688963032963
12524,5.92814044398593
12525,23.057260480194877
12526,26.52111592193527
12527,26.201732469810743
12528,27.641349071911808
12667,30.687073043100643
12668,28.121545981087753
12669,31.969846068739805
12670,35.74185376122013
12671,26.436718293530063
12672,33.074446488455166
12673,31.099506382430484
12674,43.360239300919716
12675,35.75179440388307
12676,53.09622465353965
12677,34.898093579128336
12678,60.88213272784509
12711,36.48594741345191
12712,44.63657892393589
12713,44.490882366567874
12714,54.40922401701829
12715,49.06399465711917
12716,54.86145763752639
12717,36.48331556054021
12718,48.01213799185167
12719,48.667974578642095
12720,51.37991833583774
12721,13.005629731422296
12722,10.368115065203604
12723,13.182716805513026
12724,17.123261093009962
12725,37.65093278167842
12726,31.98787642446444
12727,31.667861547363742
12733,23.237390144868456
12734,34.70869372845808
12735,37.189418200122894
12736,39.352347995187166
12737,36.057059177692636
12738,49.39825520002086
12739,37.31532257650051
12740,30.68776168796454
12741,34.05591981424753
12754,27.693253218050927
12755,33.678354856377894
12756,39.095904605573935
12757,47.4814060518444
12777,46.162321829466826
12778,44.61581765442022
12779,32.31425286134571
12780,38.92099954332559
12781,45.862450400532914
12782,31.71310452964869
12783,12.665539486096867
12784,14.540850355009006
12785,9.000019063212827
12786,15.54913488981736
12800,17.152728392669204
12801,28.74966763472589
12802,26.551735367105657
12803,34.4103569779339
12804,31.822797566515252
12805,32.479395565890044
12806,35.45519649046257
12807,29.49259768406968
12808,36.48962952863826
12809,34.58001546235973
12826,34.44640131594601
12827,29.546549540496528
12828,42.48574859570859
12829,41.58133005632828
12853,36.01447605360065
12854,33.866784068957756
12855,33.42869874748782
12856,40.9453309048179
12857,19.19882373616962
12858,7.811899437584163
12859,32.68577311165914
12860,26.615100928397325
12861,28.42036216895122
12862,27.44514462011037
12863,31.75310682154728
12864,41.93373351639297
12865,33.74589084774103
12866,32.8030657466789
12867,30.93142156806583
12868,28.31612496083515
12875,15.177282433846477
12876,17.17340251202041
12877,27.67530029936395
12878,27.91663093997719
12879,30.339081646292954
12880,35.32620827354261
12881,35.06461067946806
12882,27.91880873537897
12883,34.09850271334126
12884,31.209481821835812
12916,27.560435405723865
12917,26.333958339409296
12918,5.104931313683001
12919,8.015497927459021
12920,6.646641594421622
12933,14.569180593744184
12934,19.341919631728196
12935,15.581297027588704
12936,19.455025184089763
12937,33.899989479282674
12938,22.136198157517605
12939,29.621587669443997
12940,36.639928891900226
12941,43.21688388191254
12942,43.91444954620432
12943,43.924800313697595
13020,10.586146520072036
13021,3.553024212913069
13022,11.728500332167389
13023,17.316527749417276
13024,10.766189443997536
13025,15.203373880872595
13026,9.07434803315452
13027,16.786604120207812
13028,17.476694929026976
13029,16.326444171946992
13030,25.835159376974797
13031,24.50591610761641
13032,39.85346550465018
13033,35.449648461972544
13034,38.283818625732785
13039,15.835542981165412
13040,19.222500480884985
13041,32.876486502783635
13042,31.001518970414615
13043,2.565874851674868
13044,3.0602308652685326
13065,8.003020612423407
13066,12.73439224474383
13067,15.718234269003268
13068,8.274630152658217
13069,16.998035599630803
13070,13.734212336434936
13071,17.52670145832592
13072,16.748662219710546
13073,22.43672092763245
13074,39.15795640859887
13075,14.819107133675725
13076,13.005200737626527
13077,34.77316249212385
13078,23.920489154251356
13079,31.897428610346054
13080,27.313189100137997
13081,31.80492751940606
13134,33.621006647484094
13135,41.20302407837487
13136,30.345904241506684
13137,35.73867758615306
13162,22.55164682927351
13163,34.06828535131927
13164,30.380044386175353
13165,46.75310178967597
13166,40.612096167660226
13167,31.492141762170636
13168,44.126945726100935
13169,44.95485657382538
13170,42.83649549273375
13171,47.97781446347144
13172,55.24011262860722
13173,46.97895573896774
13195,69.6150048605374
13196,43.57976509213732
13197,49.01934562710366
13198,51.05783745619053
13199,54.35442635402665
13200,18.234685906544918
13201,19.001238902568623
13202,19.721200445498027
13203,27.545783228339022
13204,1.3152374978599939
13205,12.217791164982483
13206,12.096478820277126
13219,9.80729912576657
13220,2.1178391487554604
13221,3.0806249442998532
13222,3.8848251762765944
13223,6.25135040327024
13224,8.464206223556507
13225,9.93860192923364
13226,16.229624387041394
13227,10.033212394200898
13252,14.803800968740127
13253,14.658736093826393
13254,30.9431581850939
13255,36.45152278013406
13256,33.50313378952915
13257,27.20148114067367
13258,37.83318935826844
13259,44.79480967275784
13260,50.232018239909635
13261,40.395233190932004
13262,45.79672684708564
13263,48.537991392834414
13294,49.98160412617134
13295,48.590364460539405
13296,20.41206645601918
13297,8.184556661820686
13298,23.869470660817317
13299,29.808767566436895
13300,38.04914476491671
13301,41.3850621936681
13302,52.31136787072044
13303,52.937433453810854
13304,20.492053854447782
13305,26.60056062639012
13332,26.596400251705408
13333,37.151978477091056
13334,24.014502506253013
13335,30.4536248086536
13336,48.929677734036396
13337,48.93651600611557
13338,44.96263150038081
13339,44.80482675609228
13340,56.78155440060725
13341,54.29752226478265
13342,19.84811988566031
13343,14.092076674908132
13344,27.01301909495294
13345,28.898050264356677
13346,30.522537696322416
13347,35.941368716748435
13348,50.53954954449183
13349,64.2553706903022
13507,2.9729452515033037
13508,3.0692408942125047
13509,5.1994734321269185
13510,3.8496509363260314
13564,8.48584086343553
13565,14.049262075267263
13566,12.372390240293914
13567,18.11872378173473
13568,22.462624691890856
13569,55.223425958981444
13570,64.20236594543107
13571,70.77439101588796
13572,56.116273341384556
13573,57.899324426871374
13574,69.94798621730733
13575,19.66784581179759
13674,29.93948229138257
13675,23.49487991146761
13676,26.857299495749224
13677,30.639544997337904
13720,46.56053657709066
13721,38.097205427863706
13722,34.0374948631699
13723,53.19457099054497
13724,35.322785262880856
13725,29.42667257663593
13726,36.11892286153777
13727,30.253449586108104
13728,29.310718587486328
13729,25.936872114187004
13730,33.53510597186375
13731,24.97753746756832
13732,27.762088422204343
13750,32.49559314305387
13751,31.577723967998416
13752,32.12990149964249
13753,42.88898889539992
13754,47.84159008135632
13755,50.84040856391836
13756,59.406580378679195
13757,52.78495303025567
13758,48.38774686158017
13759,50.59892358426408
13760,62.663865839862076
13761,32.021404619963086
13867,27.981597523739467
13868,29.383815943255584
13869,28.869067689564286
13870,31.414290423467687
13871,45.28542863170633
13872,46.994630347047725
13873,33.581624533772775
13874,19.5563139647186
13875,15.559955927281372
13876,22.89537323219437
13877,21.44423607785611
13878,30.67859052531831
13896,43.76268959229139
13897,41.522654719077806
13898,36.736009503462576
13899,68.7966837541449
13918,43.99278532271447
13919,35.45361948905808
13920,43.70597056069403
13921,52.54258655358145
13922,58.31029401525711
13923,51.62370289929399
13924,50.23412583539238
13925,54.992954431938884
13926,55.075505708825084
13927,28.874638490414295
13928,38.6504543024928
13929,36.18381654615301
13946,46.469348045701594
13947,44.16136875661314
13948,46.10018791735213
13949,46.97880607294158
13950,53.88042851569071
13951,40.809964209252655
13952,38.86362779598833
14097,59.91194485593466
14098,47.76561997909787
14099,54.49774518243195
14100,56.842667976138436
14219,61.03892744157831
14220,41.8420607993948
14221,18.867280374179703
14222,9.725209896928446
14325,17.501317087409696
14326,19.297494002294073
14327,12.712378471807089
14328,23.14377496989522
14329,23.78948677451428
14330,31.23942565974284
14331,26.25169484826459
14332,28.065620536687536
14333,18.585916626679282
14384,32.34625469004535
14385,33.47415907721871
14386,25.77300897508786
14387,27.446984071108442
14388,30.117461877337906
14389,28.412464513455824
14390,31.522475564619587
14391,31.165180217964817
14392,54.473237128241315
14393,36.27966661473796
14394,9.642359177194248
14395,15.050913762585822
14396,23.041344609381998
14397,26.674317047396354
14398,27.581306127632356
14399,39.44814751763501
14400,47.6585443747465
14401,44.41701028980944
14402,29.304270256454963
14403,43.84268593555842
14404,39.77600793697475
14405,57.084456896166444
14406,17.880261780705343
14407,22.227843746144845
14408,12.999462149521856
14409,19.34057280901269
14410,25.924786555560456
14468,19.68067357879612
14469,31.66283852069803
14470,29.102295881258563
14471,26.569348724633468
14472,31.759631920270806
14473,27.88233764957181
14474,35.70210709415491
14475,28.11807261405058
14476,38.76058300099874
14477,39.582990671896574
14478,40.03754251552515
14479,42.1562161827166
14498,47.73775999244286
14499,37.01598248035565
14500,40.44023791608548
14501,2.184483570292527
14502,3.0155570617658882
14503,5.439481702474427
14504,11.358419702282632
14505,13.009379992188732
14506,26.381134697966772
14507,24.217659658250675
14508,17.5602899807814
14509,21.083617334975237
14510,31.50574050826004
14511,30.61321961351784
14512,16.79290178739193
14513,24.22854689676438
14514,35.47797934711799
14515,32.401286942568966
14516,27.937849615503442
14517,44.92796396685844
14518,29.160732597888856
14519,32.80799967979427
14520,47.57344377910539
14521,34.50623933542906
14535,27.359771583936066
14536,35.197751905377174
14537,27.605226305833703
14538,32.98863200859315
14539,15.069896250158719
14540,21.082138350505524
14541,14.729855291923156
14542,16.002334170825502
14543,19.37828804120853
14544,38.90927193809901
14545,36.82733494270731
14546,36.387599149220435
14547,35.21727367275633
14548,38.930548944292525
14549,26.4386800950066
14550,34.001398895083966
14551,15.5599523990229
14552,19.445974076455645
14553,27.6942214777791
14554,18.042519392512464
14555,30.51163533995609
14556,27.952328376447312
14557,28.665856884050275
14558,39.81777012774403
14563,28.055992671329427
14564,28.054193087891928
14565,34.798295103429496
14566,34.74109783225106
14567,20.572559461467627
14568,13.297760598412285
14591,29.778470083927683
14592,27.484296827759973
14593,19.93667623296314
14594,29.183885997750654
14602,30.43984149878388
14603,28.710598260072214
14604,39.89656195146821
14605,10.687160121229926
14639,33.127374286311586
14640,31.672888787934696
14641,35.183449024631805
14642,30.734141321222992
14663,37.27994185197021
14664,34.94545968977637
14665,9.06172646809186
14666,16.82841384410725
14667,31.55683452618799
14668,28.083732418165557
14669,27.006750555645475
14670,39.0270731292509
14671,50.03840584916904
14672,44.51551709558923
14673,30.348196358740147
14674,38.82811950059512
14675,29.270229284452892
14676,34.40253922503243
14677,43.20286405355733
14678,27.436453294704776
14679,51.61175112543715
14680,26.500538658557343
14681,31.933294772147427
14682,52.98987451759737
14694,42.03379004020572
14695,54.73108880121832
14696,38.414690947860144
14697,53.49621704650228
14794,65.19894054387427
14795,43.29910180576141
14796,2.799907970109105
14797,5.634392025592926
14831,5.7179654749408115
14832,10.292124738016984
14833,15.089448023193025
14834,13.100437487953414
14835,17.218197213500382
14836,17.140359255378556
14837,16.07055277096733
14838,15.885956908678097
14839,30.493400452572562
14861,31.830136215055376
14862,24.208159241259793
14863,27.229565417983267
14864,30.590267762537202
14865,29.35692609610513
14866,37.666738369500194
14867,33.645974054527045
14868,30.837783529493677
14869,46.38147414770461
14870,26.933513338493917
14871,30.00095086046105
14872,41.10634029290781
14873,32.233370646443305
14874,59.12142838846555
14875,47.68649507649035
14876,44.40932337917998
14877,57.68793643557445
14878,46.698592462012975
14879,42.95857668482382
14880,54.48362732998891
14881,49.50158184565665
14882,23.625139200121247
14977,32.94613072508158
14978,13.093180052338326
14979,37.15014406614313
14980,41.38589702387915
14981,32.021198306656295
14982,39.11687186210753
14983,31.156928908968965
14984,35.436174479976835
14985,42.917284274852136
14986,33.384656591229096
14987,40.704558555620046
14988,42.67283463273923
15001,50.243008920550785
15002,48.11503301657467
15003,55.18507877000151
15004,48.89377651800451
15005,61.34405324611344
15006,58.03497661151616
15007,11.188540307126962
15008,11.962558913465644
15009,14.959586060709322
15010,16.044820397900803
15011,9.727295615879305
15012,13.226555732310146
15013,17.911506288030882
15014,35.89718022927576
15015,21.624514730556825
15016,11.72513843757065
15017,18.756120717061645
15018,30.538953805238876
15019,29.956502446741787
15020,26.508061046493832
15021,27.28483792943224
15022,34.065260299071355
15039,28.682871981627176
15040,23.637590575044268
15041,31.34910638032065
15042,34.21156122402367
15043,47.18704561768166
15044,4.279837635282203
15045,41.11791837322435
15120,38.42410558996352
15121,39.558991644828325
15122,35.27585331451162
15123,50.89925647726788
15136,61.67595754735491
15137,41.98996478048976
15138,21.791382041100256
15139,32.827250203104185
15140,40.98587081940178
15141,36.14973433032981
15186,42.626316144159496
15187,27.70045974845744
15188,36.08019139986515
15189,45.12218273080211
15190,44.62601011470525
15191,36.340179610302876
15192,33.67638366694152
15193,32.461756899178795
15194,46.102919771852534
15216,2.2383241364669626
15217,19.296486998353267
15218,31.55932095245185
15219,31.292281183154994
15220,34.09024903954853
15221,19.987507401005242
15222,26.204905925467475
15223,23.079492687099872
15224,36.420516223797314
15225,38.3822412780068
15226,34.069551747157476
15227,33.53615781336768
15228,39.231928228446606
15229,37.532802427863935
15230,15.268533611036723
15231,18.864009184518608
15232,18.76902303988678
15233,28.72369861298234
15234,28.104646977170137
15235,30.361120605732463
15236,33.00206836134478
15237,36.41290828143036
15238,48.0143992301669
15239,17.776032747879867
15240,12.877407711177248
15241,31.386296660573407
15242,31.907495157359875
15243,51.33555665365599
15260,36.15729057134367
15261,45.18076383517642
15262,42.479458811085664
15263,48.60467381415578
15264,18.47405431903504
15265,16.001297975788475
15266,31.007888787580548
15267,22.279380836866547
15268,23.210006255789654
15269,36.495272478804075
15270,37.661551783893806
15271,45.4795062044478
15281,36.318236890069684
15282,36.289272923455854
15283,41.243726642105685
15284,38.76381302765784
15285,14.866001260093332
15286,17.47661522365221
15287,17.11684294356514
15288,22.99204232615659
15289,26.05886506835842
15290,34.62296387755123
15291,50.0902823737455
15292,37.3566606379484
15574,25.096834215578976
15575,34.8856775267764
15576,35.614321035157566
15577,35.32808281394645
15578,41.172721870048484
15579,53.625139466393115
15580,41.744856638764816
15581,42.96851258843729
15582,45.38993978655234
15583,20.262292136001832
15584,9.597531042962435
15585,15.362101308905494
15606,16.920734574659832
15607,24.705225246012244
15608,32.29037014254854
15609,44.63457366599066
15654,43.59885559873117
15655,5.079086430096886
15656,11.237155282226173
15657,12.846440812826701
15711,13.121085549667681
15712,15.341788760642673
15713,13.847224157058184
15714,16.10974622026631
15715,22.575942143031796
15716,33.269662432924434
15717,32.323989737410876
15718,22.32633069714342
15719,31.161849609927344
15720,48.03686785397283
15721,29.273643454654746
15722,38.197562456297135
15723,50.81516703592148
15724,36.93846407856692
15725,41.06473098090857
15726,45.30956713052409
15727,35.86664940054316
15728,54.37022130584157
15729,50.30522866769612
15730,26.833091395471264
15731,33.06295740819403
15732,37.41431719609266
15733,28.210375546088425
15734,41.75474276087905
15735,30.862753989513397
15736,47.35215535015106
15737,41.05773119125778
15762,38.887404757727715
15763,40.85260250788431
15764,34.02026186712077
15765,28.29125117901019
15766,39.641834979976586
15767,47.208434429145576
15768,47.12521474005003
15769,56.278356470794044
15791,18.041247237364235
15792,22.965041648319495
15793,20.019207638634025
15794,21.31850944163517
15795,32.329008932555695
15796,36.98876729261702
15797,30.1962168099179
15798,31.032072381047428
15799,37.19249563716417
15800,40.3386188235196
15801,40.69868159659144
15802,24.703008487072513
15815,33.724700076394726
15816,27.454955313334494
15817,26.26532172258892
15818,29.61093447538353
15819,20.624693323217116
15820,30.68096744361126
15821,27.100419738158884
15822,15.714220538813688
15823,27.943394256546302
15824,30.02904679568214
15825,33.02815357849155
15826,41.019856296167276
15882,27.226958371050042
15883,26.40846980175451
15884,38.71617155660141
15885,39.62311806165688
15943,43.5085045405451
15944,49.76002441598386
15945,30.775355097972934
15946,36.047498594314604
15947,40.4234544725793
15948,41.95911568031294
15949,38.703693242314785
15950,43.97845050886009
15951,50.23228343901764
15952,53.63869607177366
15953,47.356407790948154
15954,50.04112619861717
15955,46.19616319493268
15956,46.210916282641264
15957,50.19729974911103
15958,43.310594196553964
15959,51.055990233667444
15960,60.8036776910593
15961,60.103819557828956
15962,58.38871990322956
15963,68.91831057926005
15964,59.85699396180645
15965,61.260926086201906
15966,37.36525850149529
15967,26.96066097002258
15968,32.68663340306453
15969,47.577848860091336
15970,17.355979687107002
15971,25.44490209092777
15972,33.075492172166044
15973,30.035118127012126
15974,30.485347890004743
15975,19.568834200225087
15976,32.330616928232764
15977,33.40382908421872
15978,34.807477229149875
15979,37.06501949276603
15980,25.715278591433346
15981,40.48224740100841
15982,27.83828339982925
16004,31.975994569888726
16005,39.085389686149895
16006,30.760478365751858
16007,28.733377249889095
16008,55.41154804545417
16009,43.94614370581861
16010,44.57948714172313
16011,44.15779649726569
16012,30.941045068286872
16013,32.08192328110521
16018,43.0026827550843
16019,8.720717924981578
16020,11.97190857975487
16021,18.959123014098687
16061,13.43074824722075
16062,28.52371751405386
16063,37.881866529700545
16064,28.789601877305902
16065,41.04577981133807
16066,27.885187988930422
16067,11.577159989378256
16068,7.045612991263771
16069,23.444776207438565
16070,14.986994326000495
16071,3.587116746970105
16072,3.995165793157075
16073,5.597622137490403
16074,8.461717682236973
16075,13.863280948379394
16076,27.602361670512106
16133,33.89897545795975
16134,38.4764585058354
16135,45.85956564158058
16136,57.47153841070971
16137,20.839443491204467
16150,26.372198792750304
16151,9.286109564309985
16152,33.51128257934688
16153,28.92777397282773
16154,12.993855516744112
16155,13.830295816974497
16156,12.424114728169306
16157,16.156388901324508
16158,14.170702851262007
16159,14.814923428157325
16222,26.753410571665988
16223,32.70178454794271
16224,31.937717185040142
16225,31.736588559583822
16234,35.580088625057606
16235,34.43468479159691
16236,48.78146765624446
16237,45.15726522284665
16238,25.462965901308642
16239,33.69549248647549
16240,43.858731038405224
16246,17.819521680448148
16247,30.903570974989407
16248,23.45045328946218
16249,21.586432393756223
16250,37.35961369791035
16271,46.25461594871277
16272,42.968203870902286
16273,42.233253196552795
16274,46.94573512319645
16275,32.98362042023722
16276,8.903304104209615
16277,30.59526511375638
16278,22.6151373555378
16279,17.770902192627304
16280,22.88375399709083
16281,30.72733028228145
16282,27.170987910647764
16354,43.74277055664838
16355,32.30763601140352
16356,16.163764519875876
16357,14.736190542624252
16358,15.717736992149923
16359,32.014548959117406
16360,31.31263230697867
16361,39.83678420523597
16362,33.88878641695032
16363,46.56141713721338
16364,50.81736732895451
16365,46.556630753743796
16366,36.85340522624187
16383,37.2655565237823
16384,13.87622269023102
16385,17.924809456799224
16386,25.61025393308644
16387,27.14088244905187
16388,17.123632937060375
16389,26.37365386173035
16390,27.10148457181035
16391,30.944624981779697
16392,38.76320899260652
16393,31.359131498736698
16394,22.77721974631722
16395,37.47590139522835
16396,30.504149163228583
16397,29.751241193998567
16398,34.69957325996544
16399,34.3071492933195
16484,43.87557881964061
16485,42.24679635214313
16486,52.88819873330285
16487,55.261719053003276
16488,50.127455408845826
16489,50.78048197739268
16490,40.77244088039403
16503,50.29463993169089
16504,47.99492182173192
16505,55.62600457342099
16506,52.178022831769034
16521,58.39520786103943
16522,9.131661805341492
16523,22.433351605357075
16524,33.98580368271048
16525,31.210898748098025
16526,40.14771850673051
16527,32.05914259363409
16528,39.366683476962535
16529,35.22716884989627
16530,45.443630648762486
16531,38.171898247441824
16532,49.04196911281838
16538,46.39237401018187
16539,65.30423559640614
16540,39.75056486753302
16541,37.48126572386894
16542,51.17071029264202
16543,45.024527288838435
16584,45.19831361865259
16585,46.49893728878257
16586,52.55953950953839
16587,23.729958467838134
16588,27.683282862863447
16589,34.017146145435376
16590,35.07308561703504
16591,43.00001648451945
16592,45.314209788880675
16630,53.2224841417878
16631,52.380687840550365
16632,54.36134404184557
16633,44.5575284731828
16634,46.416792419248
16635,46.84683178726925
16636,41.01699877631002
16637,35.71352754342407
16638,31.005261307043476
16639,32.599155149298596
16640,30.943310604233957
16641,41.07363063961186
16676,47.27704733777626
16677,38.942482896278825
16678,41.071130783072974
16679,49.583487783631426
16680,45.985429586612184
16681,44.05517216927121
16682,3.1353436741264935
16683,3.3463956122318557
16684,4.521741271321579
16685,12.040299016493604
16686,17.305564925871415
16687,24.956887968144944
16712,47.763493869301165
16713,28.31927151920955
16714,42.15380715248031
16715,25.006294996035418
16716,38.08340211886912
16717,32.62273404174795
16718,34.18365073418508
16719,43.689813341120356
16720,34.917128707140165
16721,28.496623454919856
16722,34.45597410052969
16723,35.56197278500067
16743,31.583488154780856
16744,26.309991092127866
16745,30.83040537349153
16746,31.291546633016456
16839,35.323847320944196
16840,31.53430778833597
16841,18.801217415186233
16842,34.65727739181676
16843,38.50287189549465
16844,44.33171858194518
16845,43.65958260597049
16846,48.00510077898418
16847,43.689320930431805
16848,41.05739478976588
16849,50.4398086517454
16850,53.916288961117424
16855,58.30340843634128
16856,68.75861976869675
16857,27.951084754822553
16858,27.833277849514342
16859,39.00284313476113
16860,34.26065385755705
16861,29.92777771227297
16862,41.96274107716838
16863,33.35005296851918
16864,38.27156992287219
16865,47.73313421246522
16880,53.117437107196
16881,47.65961054249667
16882,34.29789366822596
16883,2.5285090901571325
16884,3.062130815073215
16885,9.656241272209222
17000,9.262662576439292
17001,11.798538610143492
17002,15.99125722389994
17003,19.99640189754124
17004,32.696677332792184
17005,31.533802286555925
17006,18.854158871378495
17007,18.618818965219393
17008,26.171985756758286
17009,39.313876209120316
17010,45.837047859498604
17011,39.82977853213305
17072,37.12979873771341
17073,48.70245998389072
17074,43.334936352200934
17075,68.97580674904157
17076,36.38081765204793
17077,31.572594484766675
17078,51.20456975463975
17079,41.42450220447412
17162,31.52160254817492
17163,62.310896591362614
17164,36.294193908643884
17165,47.346334874850946
17166,42.93386316175683
17167,54.07370050279918
17168,18.024358953899796
17169,22.559277763045415
17236,35.873991441952754
17237,32.6051754762749
17238,33.58579030073938
17239,52.679769095358026
17240,49.14045947387129
17241,54.8630358597792
17242,57.95541864703643
17243,53.36283912603681
17244,44.165262721108526
17245,57.15018149253411
17246,58.12747122297689
17247,66.05163516422861
17248,67.34277878449728
17249,64.04964943012524
17250,31.078057757064144
17251,31.571278448140024
17252,30.77771796109559
17253,29.443045158516632
17258,31.237980400998136
17259,30.707134730376048
17260,56.44517069303611
17261,31.93988345308673
17262,34.034458320831384
17300,36.72890154050144
17301,34.81245643198548
17302,36.685541291592386
17303,10.076124698508394
17304,19.289485747653124
17305,27.150798888114092
17306,27.886396859676555
17307,34.734183672817366
17308,39.09382699983125
17309,36.87511105136795
17310,46.05683487450215
17311,26.97194911673209
17324,30.37343501199434
17325,34.712155839753684
17326,33.32681356303969
17327,31.125984930211423
17328,47.27283636876082
17329,60.14518668863574
17330,53.23071048496094
17331,50.58023223582382
17332,45.838177171140444
17333,35.3983941403476
17334,54.68622501626378
17355,53.40278359772892
17356,69.13250483201048
17357,59.46498569792735
17358,27.12578802003566
17359,28.444717877309756
17360,29.263911670001292
17361,32.606808652847356
17362,34.293213987535594
17363,42.03834483104178
17364,45.91636849162841
17365,51.32758252114787
17366,49.74904289104177
17371,54.709496679630256
17372,61.80694388352141
17373,49.317402918960475
17374,61.290400067367685
17541,17.14333942680374
17542,27.422382700038355
17543,13.677968422602365
17544,25.93765990777183
17545,31.0658105110493
17546,24.87311712433485
17547,34.543224873946926
17548,31.803893969157407
17549,13.25531568838604
17550,10.353068143970507
17551,5.098171465567058
17552,9.49611733646481
17557,19.52974465385379
17558,4.002930110583882
17559,8.781866137416966
17560,8.705469197073462
17561,5.884473108329341
17562,12.20647646336433
17563,18.095929201824983
17564,17.302143973391043
17565,14.124697413489399
17566,39.869089585835425
17567,34.65765166866316
17568,27.963216555467334
17653,41.007597079675676
17654,33.34875739713124
17655,27.508992248711635
17656,30.354917702194232
17657,29.994477144040626
17658,10.16742892224042
17659,42.68914358848272
17660,30.866071128530777
17661,42.21758544762515
17662,35.51651194127416
17663,44.96983890442162
17664,48.702955818476354
17681,50.41904391378465
17682,14.37510765250506
17683,22.998660300144547
17684,16.299151252627553
17685,33.09898068214888
17722,25.610315119146602
17723,29.68119935976123
17724,31.69454815311429
17725,33.12756429450102
17726,36.57692470019435
17727,31.159096411113033
17728,30.07192090127515
17729,30.86764324928088
17730,27.344918672447704
17731,31.308221018032732
17732,32.43593951037815
17733,48.273057032615206
17765,20.419392854819836
17766,19.409121348644554
17767,29.091030481777313
17768,29.1646549804096
17769,30.033889276854048
17770,30.95738607197396
17771,18.697087982419426
17772,19.555502870636005
17773,30.99823978158982
17774,30.40746312893971
17775,29.409718732545972
17776,27.689299837710013
17797,30.709900771442324
17798,30.680357640430337
17799,16.036080088276623
17800,38.02663234331702
17847,33.09879340199916
17848,32.57564780982954
17849,35.204338962765384
17850,39.49458996100248
17851,18.697738132273486
17852,30.14643210782943
17853,29.638359467686147
17854,32.35200619419151
17855,1.4584955846023158
17882,2.984141303688707
17883,3.5227010684961475
17884,6.12375904669786
17885,39.81449488573293
17886,42.52219803232357
17936,55.44133531002625
17937,60.25625898726366
17938,28.23422698079959
17939,36.54345499956811
17940,28.484253285167252
17951,35.89529435647766
17952,30.68512868092328
17953,42.52081036889377
17954,36.807425587820134
17955,36.309280410396745
17956,33.35585446864354
17957,36.7465519326723
17958,39.43912112440376
17959,25.06931994317909
17960,26.684055685245433
17961,45.064982484306334
17987,31.043067897319688
17988,22.335772675822746
17989,32.88261642495784
17990,38.88825954302543
17991,44.249256855438794
17997,48.333123484297644
17998,55.613314011823135
17999,47.58714959965672
18000,49.32254536339948
18001,55.67673423941781
18002,54.681799444190716
18003,57.362609698356756
18004,63.15474850154861
18005,61.64486546086076
18006,59.52271330118476
18007,56.12693098206986
18008,12.676173468485995
18096,10.183158146740722
18097,15.414730668325461
18098,13.14108477187126
18099,17.749406412834777
18100,22.787420569893317
18101,31.91253520369436
18102,39.52936143728893
18103,40.07651153958166
18104,26.521812165832106
18105,39.74744018828652
18106,42.84009196006387
18107,35.380853381844005
18108,31.444650890873646
18109,29.29802111557527
18110,32.836878439800806
18111,29.741274320725235
18112,55.16964799641539
18113,43.81290012244976
18124,31.878327342875608
18125,28.021844783730003
18126,38.7333445202482
18127,40.58423916640895
18128,57.60058962897789
18129,53.22831122739664
18130,44.29035830941553
18131,39.285726815566235
18132,43.818284384113106
18133,48.01316553961681
18134,2.4822656448582383
18135,5.127488351597532
18184,7.626025692844182
18185,7.856511005903737
18186,38.97639753850276
18187,31.767519991547516
18188,28.44559392858118
18189,40.96959512637137
18190,40.075746741289926
18191,46.09277112086182
18192,46.860567946763055
18193,34.925781117349295
18194,41.36202783312987
18195,44.07524629435141
18221,44.99969251905986
18222,45.12683676822019
18223,39.53209602459208
18224,41.45392779169501
18321,39.84198038592715
18322,42.319978086401534
18323,50.877833769779706
18324,34.59847339861746
18325,30.909988211339947
18326,27.718093089607915
18327,46.695380688590255
18328,39.50718510864306
18329,60.08781152604297
18330,48.90699467497523
18331,68.2965154827578
18332,56.744631781067575
18391,53.37284005100924
18392,67.08776105788766
18393,56.271588159385544
18394,46.109208235867456
18395,33.17645855977148
18396,33.5627080168521
18397,43.70309884831729
18398,54.41572560224692
18399,37.46479798194422
18400,18.63458258666914
18401,29.472640945926692
18402,29.205050442786316
18403,34.25232121694643
18404,34.43856195889689
18405,36.14977749898222
18406,31.380434356261233
18407,40.46407415614709
18408,46.02542733017156
18479,47.853736677047486
18480,46.54008384768427
18481,41.066027931167625
18482,10.674291442130993
18483,16.18540154329678
18484,16.14778514436302
18485,13.674404343454624
18486,34.354382631044615
18487,31.386786229815062
18488,31.72432662485488
18489,32.11200407620773
18490,32.6847419855995
18566,31.121548796521346
18567,35.48866095432452
18568,49.813215836535086
18569,43.32932992039255
18570,8.831171298655926
18571,13.481716040876686
18572,17.45515924905997
18573,9.751068712989237
18574,18.94893703743266
18575,17.917191046058033
18576,13.986063877599943
18577,30.41562353357582
18578,26.855938430484734
18579,27.962258792340982
18580,34.47787983410145
18581,33.28096586702584
18653,23.981239455229925
18654,30.372499402954197
18655,44.991290548093886
18656,62.2614944027805
18657,59.591081098303135
18658,55.52667594962531
18659,49.95720335288453
18660,31.77175070999396
18661,57.12779098976892
18662,54.96128143231543
18663,60.33239164048236
18664,50.60601518416877
18665,59.35665631300522
18666,41.351858139581815
18667,49.24366858484774
18668,61.90047234462348
18669,42.383110699860914
18670,8.812663072263744
18671,9.802646943388595
18672,11.296563723423244
18673,12.720643328633363
18674,15.591731307477911
18757,17.063507904434022
18758,17.36973732839762
18759,26.728516514455986
18760,32.55350176838945
18761,30.536745157128497
18780,27.445783844083113
18781,34.46747505804215
18782,23.456921136820306
18783,26.851754305043045
18816,26.705018794833443
18817,31.986575164510505
18818,34.790440423415895
18819,43.30174789790221
18841,51.01228506207151
18842,31.925295711811465
18843,46.80263419709049
18844,36.13104404020407
18845,59.540110282804825
18846,53.98468963431127
18873,33.264787411480924
18874,39.37182608285438
18875,35.25372618211419
18876,43.34598452360161
18947,32.32959262923347
18948,43.005118484547744
18949,35.20171977147213
18950,59.576860468340364
18951,49.74805053948237
18952,37.92841619677901
18953,46.077350064584905
18954,54.37451953068062
18955,9.907297931075478
18956,8.384132143365445
18957,10.273086492286533
18958,17.11652598911619
18979,15.847154190469622
18980,16.631391843692306
18981,21.71339487137001
18982,33.06122011749976
18983,40.40045002921872
18984,27.695827947950324
18985,43.488861087669484
18986,34.11411545852543
18987,19.714695827564178
18988,23.341489644420566
18989,31.20474798909255
18990,29.505758848992762
18991,26.159762765392177
18992,34.00179553669147
18993,38.77612698621028
18994,30.48938067171193
18995,27.539233807396776
18996,15.606830765921508
18997,15.884504413098309
18998,12.267903550546887
18999,21.459676908142352
19000,29.881710226655112
19001,44.6991156195923
19002,31.520325386028485
19003,28.225863082278995
19004,43.2725079050711
19005,37.09326149321031
19006,30.645555649865294
19007,29.824411484601328
19008,20.86578307885418
19105,19.221031502572927
19106,32.43696699233321
19107,44.614377243483325
19108,30.547884155766784
19109,31.148279663522974
19110,32.71011592009314
19111,33.92254240198284
19112,11.518685872890496
19113,16.902918904201993
19114,16.817723582697397
19115,26.67048710992203
19116,21.944597895571764
19259,37.23183848055534
19260,39.14252269650575
19261,31.696779205851193
19262,41.16473657936782
19263,35.35426123365251
19264,33.94782888144197
19265,50.82697820919676
19266,28.01294028938909
19278,41.18235190221523
19279,45.14902267685943
19280,48.278847917919705
19281,28.011629699189992
19312,33.948455676708676
19313,43.77682796832532
19314,35.45400164091653
19315,14.492766105447403
19350,13.254212487452165
19351,31.435780075346592
19352,25.5011931392442
19353,26.2942990712023
19368,19.594588407353644
19369,7.893132883127688
19370,24.489583160981663
19371,26.96111613336189
19372,9.468370202278543
19373,25.45487786280965
19374,19.92974807275087
19375,26.553923955697886
19376,42.79515678561117
19377,31.41537806877171
19378,30.33807057376077
19379,45.617300154224054
19397,46.24354710011733
19398,34.357761174108994
19399,32.978310231824864
19400,32.03219879434877
19430,35.18677031371387
19431,38.80456089337557
19432,41.148137169532575
19433,57.257777442857574
19434,36.18386828814065
19435,34.61021301535503
19436,32.972199627393735
19437,33.981406707164496
19438,38.11903734057256
19439,30.609398135359747
19440,39.05068749918912
19441,34.2693941143542
19454,48.72936957288661
19455,46.644981218914104
19456,45.68807462256871
19457,45.645391846699944
19458,22.2149117622535
19459,36.78269355856057
19460,31.528754024560694
19461,42.63948623386076
19462,38.643234206125264
19463,16.081421441889514
19501,12.848869049337784
19502,19.478200208931156
19503,25.942054409834988
19504,33.93232881659409
19505,21.317702382351374
19506,33.3068584659849
19507,39.23482532728973
19508,39.4690291774864
19509,42.680948426040445
19510,46.77915807513564
19511,47.037165374842736
19512,24.37287410290615
19566,21.73630421826613
19567,30.607807791479757
19568,40.01630767195537
19569,6.171448111058528
19570,10.251302493301932
19571,6.076230979733739
19572,14.944204531772186
19573,13.898221045243575
19574,16.16185478081601
19575,6.811574871332102
19576,32.655977476318995
19577,31.506833181396736
19590,30.139313557200005
19591,23.436338693555765
19592,23.314885841636876
19593,39.62435119077793
19687,27.65414211699882
19688,12.91479022346226
19689,17.343434345520716
19690,5.83815894468231
19691,11.51500807101807
19692,15.692583531957283
19693,15.207014522679527
19694,12.361630961207982
19695,35.773285334045035
19696,27.608997608914763
19697,30.047901332443452
19698,33.26652749270471
19759,29.866056501328096
19760,25.22187478298844
19761,52.715276235710576
19762,42.90730106814975
19775,49.66609320702918
19776,28.89548676912108
19777,41.099963178358585
19778,29.61595019387401
19914,35.072546483788365
19915,33.293015703967015
19916,32.73522458157196
19917,33.746643467080176
19926,34.01518397634201
19927,33.56645996665816
19928,35.77148241720517
19929,32.89391541136375
19930,41.55926333084407
19931,47.41112391466973
19932,53.12664073688957
19933,38.567150866905884
19934,38.53538900843295
19935,40.386699072702754
19936,49.92590627175859
19937,39.02816497063682
20000,56.752831571194676
20001,37.21126930963376
20002,48.569019423959844
20003,51.63683532105849
20004,48.9197777052131
20005,49.75496015981244
20006,58.959069883585585
20007,55.402195843828984
20008,52.731032004920344
20009,34.60769472999979
20010,33.52772463151293
20011,42.571779346032024
20012,52.1623022353407
20013,48.316942639738166
20014,38.99622418656219
20015,47.978389066095836
20016,48.49743973881816
20017,53.71932411271373
20018,49.61118044801134
20019,20.008710648672736
20020,7.8745404194730515
20021,19.339589391973487
20068,42.42506581576124
20069,41.521749628789394
20070,9.455069994384427
20071,11.865941274145307
20072,12.802503516895177
20073,20.95139999326182
20095,26.365266990051406
20096,25.129341076863795
20097,27.70344925597787
20098,31.584638312596688
20147,24.87132714858861
20148,27.534141021858275
20149,29.785958256642335
20150,27.024683456361924
20151,34.70689653521244
20164,27.975263357462527
20165,34.331045503622484
20166,45.56794403649082
20167,21.672677101988803
20168,32.59325665463017
20169,40.70127238066691
20170,34.62459980582441
20171,33.56003349735914
20172,34.627188046493515
20173,40.24138468770104
20174,45.82287521002705
20175,44.07250282933416
20245,49.41075105919536
20246,39.62503564666482
20247,48.66037417793814
20248,56.65011855129876
20249,33.92576907436821
20250,52.00889407191746
20251,61.705700792936995
20252,41.50698660076127
20253,53.849927227583805
20254,45.53111361411264
20255,60.938266703991665
20256,49.543774798281405
20285,58.946636977748994
20286,49.11490750651952
20287,19.347485630040627
20288,17.419537244187186
20289,16.799130857244474
20310,11.952796574343987
20311,24.88030851898094
20312,30.673857897110093
20313,23.487311579543668
20343,18.467201915374858
20344,27.12000690762009
20345,26.390812137786156
20346,25.057465165134634
20437,43.562190723052105
20438,41.45446423330756
20439,42.99483904037689
20440,30.538596220157864
20441,38.88755378566779
20442,48.079176601019974
20447,44.86050033140021
20448,54.0717191393714
20449,54.47715443487998
20450,59.26208426249407
20507,41.19361115644743
20508,51.482019142069625
20509,49.05044327033108
20510,58.070100875675905
20557,18.160113268310027
20558,19.257191110789293
20559,18.74767610702969
20560,29.340530868020597
20561,10.521025894046641
20562,22.436240916009623
20563,17.962051954520238
20611,15.47172515765245
20612,30.87454517783045
20613,31.71606460000978
20614,35.553261846516776
20615,46.725348841837665
20616,32.946069195449546
20738,33.20473136158848
20739,23.349259618693996
20740,26.684172496715338
20741,4.591951868919964
20762,12.187841047411876
20763,17.696079943293697
20764,22.5344887340694
20765,19.451160192748592
20766,32.9878359777087
20767,23.05412886212327
20768,25.35754187322934
20769,28.555973676152657
20770,29.108418709103496
20771,33.299686465118334
20772,31.119914609180586
20773,34.39983739414294
20790,36.20055260920873
20791,35.0157288192457
20792,44.189521089310816
20793,30.47008851137814
20888,27.42551236958643
20889,23.012871374441936
20890,30.065356528629756
20891,31.213705764849102
20892,25.82832497928229
20893,38.04613574990043
20894,33.961136074314645
20895,34.99976237630986
20900,43.95033187622305
20901,40.24718950558705
20902,14.287992486607923
20903,13.59049121989628
20904,16.934194983254734
20905,20.952694728763944
20906,27.579462989086203
20907,23.581573223034216
20908,31.132279466686057
20909,28.34321081678167
20953,35.08531961833483
20954,36.30783158750078
20955,33.457864585069345
20956,11.124666315820528
20957,11.213078933867392
20982,19.018662110596107
20983,15.400349869596877
20984,19.234827627471766
20985,21.965247618942474
20990,32.82031681396565
20991,32.155677399795714
20992,26.56833059967585
20993,31.20694669462057
20999,29.300275097117023
21000,27.07957420329487
21001,33.45546627187265
21002,36.97770585879607
21007,27.583549866047292
21008,42.21706048136517
21009,47.67214209994066
21010,47.687464462617015
21047,48.592603321394776
21048,40.00536981970817
21049,53.5769207524446
21050,50.29539966175985
21051,45.17822491407642
21052,53.55392789804525
21053,30.857562848833926
21054,54.98565147065475
21055,60.93797336591887
21056,35.37780727122743
21057,50.69493834450037
21058,49.07901706530106
21059,59.30681160263116
21060,53.196358358944934
21061,59.06706586995256
21089,55.47278784774499
21090,61.58382153254836
21091,62.29910690544198
21092,8.58589545202223
21093,11.741237881827285
21094,9.603583282342132
21095,11.94495600389496
21122,13.224663543695618
21123,13.935142588862858
21124,25.56067417397356
21125,16.76727490887492
21126,12.562207566147885
21127,21.237368108370262
21128,23.494806457495446
21129,16.198252709653243
21130,23.49967974867843
21131,21.809837934311464
21132,32.209348875199545
21133,34.97639169122642
21189,24.463577688275926
21190,33.751657904043306
21191,28.175969323150635
21192,38.60034121402445
21193,18.968911636479998
21194,21.194067379438167
21195,32.43744904595988
21196,33.342987861437905
21197,43.41965758528953
21198,31.808873182110514
21199,43.61233587955174
21200,41.092604905045775
21234,42.719685071773
21235,44.48424894720255
21236,46.24871745481787
21237,28.046544934454598
21238,46.564238090646214
21239,34.73554347924479
21240,42.04662490079755
21241,39.56730697140198
21242,34.474625437916224
21243,35.6724525349814
21244,31.170690627817372
21245,43.16266565842968
21246,30.28581200148154
21247,41.53280251117665
21248,42.64511910354427
21249,35.46725250443182
21250,44.70133338425864
21251,44.54481301905187
21252,40.444692513932544
21253,37.39524874019912
21254,70.19648246982376
21321,70.84087910177116
21322,70.53266290643481
21323,58.496005514986884
21324,59.74584308654846
21325,61.3221390453883
21326,61.89663112718462
21327,62.152602759009596
21328,71.76368056462697
21329,72.85704770587279
21330,62.878461448975905
21331,64.09822965746254
21332,17.138870303349343
21421,13.16833899507995
21422,14.937329804773722
21423,22.65329097419494
21424,28.06254581702722
21469,27.414283731513652
21470,17.632954047620235
21471,30.050373106737844
21472,31.48969867688733
21473,33.435584360375245
21474,38.44032059386569
21475,36.0302974277071
21476,40.05547884724975
21477,35.554146997384095
21478,35.12437622509617
21491,38.682433812343014
21492,46.065706424099766
21493,52.99116744867114
21494,45.87231141115568
21495,34.89033407084219
21496,41.74797142762941
21497,33.54218694826355
21498,9.447265317731697
21499,10.223750816911485
21500,13.866009045348916
21501,14.077092246356852
21502,17.499345709141696
21553,19.589265713967674
21554,12.605175547073665
21555,27.414713873680263
21556,37.31631770519025
21557,30.13157809126424
21558,28.217503040979675
21559,44.93739532539713
21560,41.20686643070769
21605,37.33896528452149
21606,47.62705582996423
21607,32.464556537384716
21608,34.57557597388607
21609,54.97847190275344
21610,55.63631945765104
21611,45.55314354756043
21686,33.36935788094775
21687,17.221109513287512
21688,39.8268412007212
21689,42.15949423082857
21690,42.26138564311746
21691,54.75619514550345
21692,51.759484131210144
21693,33.42810583666252
21694,32.49279367127347
21695,46.7189169569778
21696,39.84229122153276
21697,45.48834004633186
21698,27.996454480897135
21699,31.255607822130877
21700,30.85857234650898
21701,42.6261528380575
21735,8.733990469130934
21736,11.594355789316095
21737,13.486662011149866
21738,4.060194082423009
21739,9.298840814593097
21740,2.9378945222305006
21741,9.895573539298216
21742,11.472248912421161
21743,8.019016979139593
21744,19.580503363328113
21745,11.643835239768245
21746,18.83261777760093
21840,12.108571549176007
21841,35.171065486804714
21842,30.352765984714324
21843,15.734101014592756
21844,17.039235024789082
21845,11.726155741160225
21875,13.53837723947254
21876,20.786809956147003
21877,55.12230191976992
21878,45.514592671353356
21879,48.32443780903701
21880,51.33328436995775
21891,56.613645158327245
21892,63.860611151510554
21893,52.793083923267005
21894,52.466636155726874
21934,58.47945797903623
21935,58.03450350737353
21936,58.36362032930131
21937,20.66171769119027
21938,27.89173574052373
21939,21.97481384513301
21940,29.949350174177802
21941,28.35064125345399
21942,15.07020995729026
21943,40.21005709809952
21944,31.340084103214593
21945,38.635075118076976
22029,40.276806292019586
22030,40.81368563158603
22031,45.51871853602311
22032,12.33785917723279
22033,3.8566481505723162
22034,13.521383694858857
22208,19.629064334340608
22209,19.143896776865503
22210,21.07738594820328
22211,29.59897595531322
22212,35.25110033745777
22213,40.196805828355764
22214,42.033905357595344
22215,38.42073870763983
22216,36.6066047681127
22217,26.336058632147825
22218,42.049271951825595
22219,55.03462205681601
22220,44.31655778767168
22221,50.53957415279307
22222,49.65351891613646
22223,38.23855405574014
22224,62.32337208511707
22225,19.459520761666383
22226,17.499017353508513
22227,43.78766517256676
22244,33.55443279615456
22245,40.461549877726654
22246,45.97898279235795
22247,45.77893458398818
22248,36.81165333647039
22249,54.203872813943704
22250,47.904257549555645
22251,36.723052529904706
22252,50.22959139198615
22253,46.55283368089477
22254,42.1554840102521
22255,57.94675090727374
22256,10.684045695838362
22257,13.123329917522097
22258,9.813278899475666
22259,16.265862487545636
22296,21.014898416417125
22297,15.149110600065075
22298,13.006063256146648
22299,26.47732405520569
22300,12.449579544026141
22301,24.424551978610488
22302,26.3364741368029
22430,27.486326723473784
22431,17.715237875987118
22432,16.974459163230033
22433,22.407162661769945
22450,19.24582550795003
22451,27.016624300093145
22452,28.71951694237525
22453,28.170616781224957
22454,50.06823109697255
22455,34.73434498775886
22456,36.765092633437924
22457,41.07409938342044
22458,52.22950856287231
22459,28.388890870515173
22460,38.081931467423054
22484,36.14821116783665
22485,28.862615554032665
22486,35.314013400818354
22487,46.967157983839584
22488,30.15381614420952
22489,31.54587848256999
22494,23.935034416494393
22495,18.93965056606463
22496,24.35858001273307
22497,28.23101800439538
22498,30.261271029214527
22499,40.08358132424335
22500,27.928083647276292
22501,43.28761697558909
22502,32.788823746090934
22503,44.99598460478117
22504,26.248096105618384
22505,37.9912456601688
22518,43.480665296805256
22519,44.445563062942426
22520,50.77911027092598
22521,36.53298920221784
22522,43.206351646755316
22523,13.803496176594148
22524,33.595230258567284
22525,39.19074186087178
22526,32.726030828915015
22527,5.2386139783298
22528,8.28584116209909
22529,12.031805069660406
22681,9.461977378019833
22682,37.95854850223945
22683,28.594222393434126
22684,35.143143028982784
22685,35.05205432920454
22686,32.58340022456917
22687,33.51635180450187
22688,49.91635639279552
22689,44.82622017132922
22690,43.50795688845151
22691,52.99974251534647
22692,46.73108071646782
22693,34.499594080937754
22694,13.188009716419414
22695,22.682934643972672
22696,28.81152272860466
22723,34.54936377315909
22724,49.841258066459716
22725,43.80191274946309
22726,47.73342557103292
22727,71.39114145916042
22770,30.738886638193442
22771,24.379475689738225
22772,38.616714974709964
22773,25.51315545528645
22774,30.80593579115364
22775,40.113935671589445
22780,38.06645295757683
22781,32.77046829551395
22782,47.98910095493757
22783,40.437623905826506
22784,32.712189646640034
22785,35.800502796190486
22786,37.859928799290714
22787,20.519007413474206
22788,15.364185144307179
22789,30.198856668472708
22790,28.197736090108247
22791,43.92756640430766
22792,30.246868560182545
22793,39.12092782539698
22794,40.02515995481764
22795,47.993955644520376
22796,44.711443100581675
22797,30.07255652851681
22798,46.632717536409274
22799,39.71830519868045
22800,44.96551384187418
22801,43.15257027346618
22802,22.361774700267933
22803,22.086327071090214
22839,9.179261566243296
22840,32.53412711931196
22841,31.915687959788194
22842,27.83829614685658
22843,43.068202438599926
22844,46.24324415400807
22845,33.71517319284483
22846,30.034687610764628
22847,32.285544006525065
22848,30.36076713173888
22849,48.533870181818415
22857,39.50142325673781
22858,44.69299449345842
22859,51.86338407602207
22860,48.702207400421734
22874,30.187255175703655
22875,14.139602164362893
22876,26.5986214337404
22877,29.046929389984083
22878,32.42215995135186
22879,28.132552999778895
22888,28.370106811793452
22889,40.22605647631781
22890,39.71296807075204
22891,38.204691718699706
22892,30.002495299623128
22893,28.34333124566928
22894,20.609101012262343
22895,13.723726572125102
22896,22.565690449300465
22912,19.47557543680967
22913,30.214733047070926
22914,27.371181131940467
22915,34.93615870073061
22916,33.392562746710986
22917,29.116605300927052
22918,25.151292508466973
22919,37.78959446878399
22920,29.77747898090844
22921,60.70915263231727
22922,41.88726241763186
22923,26.82613714174717
22964,47.03627750948629
22965,55.45091159245798
22966,46.57922996296477
22967,54.12952898195161
22968,69.11072805057722
22985,48.58622858443447
22986,44.98634661026716
22987,55.399419103098396
22988,45.768074980493594
23022,52.064124150185435
23023,50.513545486961895
23024,13.66008414792956
23025,12.762471724934267
23026,10.646661996179292
23027,15.661592789760402
23028,6.992524051906594
23029,37.14420310940582
23030,16.154410695319605
23031,21.549474066490966
23032,19.904414304417408
23033,23.049146750854167
23034,19.707209132912183
23035,11.914921366361723
23036,17.62585821586132
23037,23.075942500538872
23038,27.71259055827861
23112,33.3869497039805
23113,28.983270824970596
23114,28.954404777600562
23115,18.42482154916752
23144,30.099099978564986
23145,28.557708558637984
23146,26.013087721755312
23147,3.7883678595517303
23148,3.2242673503501966
23149,3.7153083073386544
23150,2.9767214384979708
23151,9.239383587718441
23152,15.392067624984394
23153,61.95332448981097
23154,61.87107931411364
23155,70.58919964114527
23178,54.24206449441249
23179,39.63801488628956
23180,18.692898415826296
23181,15.842350013515968
23182,33.47078039671979
23183,30.223666790190446
23184,27.810662238591735
23185,38.415807862139424
23186,33.05845201920407
23187,28.43498033279968
23188,46.660466787169334
23189,38.77504934044718
23190,13.76938765060944
23191,9.154413332282818
23192,12.030215280859935
23193,15.152969352382568
23194,15.953401431618307
23195,21.306689363561272
23196,50.84975776747634
23197,35.23170575588179
23198,36.56087072166295
23199,32.05837460871645
23200,58.09551023594244
23224,27.796317740650494
23225,30.55873301754028
23226,40.556925521045315
23227,43.118234282362344
23261,47.676477492477225
23262,44.746572208636415
23263,58.305869401690934
23264,48.03748648513583
23265,38.86298238937164
23266,53.485428172560226
23267,12.912809977430376
23268,17.58212182728989
23269,22.01570240146571
23270,18.46518387221603
23271,32.01324576349534
23272,17.877534700616113
23301,27.08205386511308
23302,31.767769536322323
23303,34.57829493013235
23304,38.93190143580817
23305,38.41922517700152
23306,23.191725142238674
23307,48.18553790310444
23308,49.08140036111643
23309,37.31811453825987
23310,32.48068841066101
23311,42.88564702745956
23312,17.507848142269534
23313,30.25606127605776
23314,27.24538108754923
23315,45.970694309942715
23316,43.359366934650275
23317,40.326415303621516
23318,50.93630813303189
23319,47.06989579515079
23320,58.28969470938231
23321,31.628482558121842
23322,35.20331668323572
23323,26.67207481610268
23336,31.33950614155286
23337,43.6943360340146
23338,46.25211061592171
23339,46.77465081591167
23340,48.003816236413904
23341,41.77832077971384
23342,44.156947212785376
23343,50.96111409811324
23344,46.72627831606636
23345,56.66750665839922
23346,50.34626044859063
23347,56.298524011662174
23360,41.76147516584718
23361,48.67163055158505
23362,40.94475931797808
23363,38.36000998256682
23364,47.34915552182465
23365,32.003405178794765
23366,46.93022143328813
23367,46.770468549436174
23368,68.7506263205099
23369,60.50300293195109
23370,63.28281449793976
23381,55.887494679491056
23382,20.997782977993552
23383,37.914183107529965
23384,32.31695953335923
23385,25.090618837534574
23386,29.742778678566793
23387,30.908107077707513
23388,37.2754294286279
23389,44.52975297489497
23390,34.242896005188555
23391,71.3189613274112
23392,47.78418732773875
23442,33.0191426804
23443,39.760228421756985
23444,44.258708913518895
23445,53.4439845986829
23506,55.75027708210964
23507,51.845681658190415
23508,47.27161832468793
23509,50.130294138399016
23510,53.79757548208125
23511,61.38649497135587
23512,14.680352220880685
23513,34.83214355752696
23514,22.199154822102695
23515,34.5979961052013
23516,36.297176313570326
23517,35.900982703607035
23552,33.28304774900438
23553,37.339094025274385
23554,38.62713117160609
23555,36.65922933280002
23556,33.71511188028796
23557,35.21322840808921
23558,27.519511034547328
23559,16.921604184767506
23560,29.659966188255822
23561,37.77170240492905
23562,31.95206713237961
23563,28.077585592629276
23564,33.67539425171616
23565,53.84481189070575
23566,41.85969149922585
23567,35.004193999583386
23568,42.27168728183077
23569,46.055880400351924
23570,9.589619882110908
23571,3.5890288685005793
23572,15.939262740672905
23573,14.293293490266292
23574,16.439908542221335
23575,23.33560127813795
23604,17.714193507558193
23605,28.04746452809161
23606,31.35015593740614
23607,35.41802547624657
23608,55.544900260154414
23609,60.40677683841636
23614,60.63199659137407
23615,54.20312971226116
23616,68.45782084296204
23617,68.09349844953942
23618,61.301413976582424
23619,68.16221360503499
23620,59.53816569577238
23621,59.509240084129786
23622,59.65313874648677
23623,67.88588186756418
23624,10.397901688757921
23625,29.473408637295368
23655,26.06246837771719
23656,31.60836553510223
23657,38.728090060302094
23658,35.308934571908374
23659,39.37352129075301
23660,49.54584572914851
23661,52.38057200304642
23662,42.02426188280833
23663,31.734017753280764
23664,42.499652179020025
23665,21.51182734733029
23666,40.63544997392785
23667,26.30914885135713
23668,27.815693194275074
23669,34.07707766744239
23670,35.61255035881009
23671,35.93674555822338
23672,54.21553004412403
23673,60.023616285993036
23686,19.907804816273696
23687,37.23901843106654
23688,25.93140806900024
23689,31.39337476078063
23690,33.74877328825145
23691,37.306472598131606
23692,35.962251538509044
23693,46.21935084984655
23694,38.092347157276194
23695,38.11296062653623
23696,5.089204605381024
23697,7.6388751660711876
23711,8.035775581808975
23712,8.538988146106265
23713,11.900909869788032
23714,18.914551224548482
23715,12.417409502382952
23716,17.564798684089357
23717,23.61619764794406
23718,19.628007558681514
23719,24.500903556783673
23720,34.04969413198049
23721,33.460085753919785
23722,41.73883915755754
23809,34.89007507243729
23810,54.14846377532922
23811,58.721064293569405
23812,35.06714775506625
23813,57.41938814967674
23814,59.84428257838488
23815,47.22452518742345
23816,29.983919304765
23817,38.008624310232435
23818,31.027256964398436
23845,35.073433466224174
23846,30.69517381536957
23847,40.1266945440916
23848,34.08017698547545
23849,42.84139362107338
23850,36.49603624971791
23851,37.08920347000796
23852,42.417082867213104
23853,22.373397167726832
23854,30.806034947756622
23855,21.718306678730993
23856,34.19148609536027
23890,46.139118236863794
23891,38.42056623347109
23892,33.04907186871238
23893,29.83521896007214
23894,34.30406471501619
23895,47.9526967330141
23896,47.41957488584641
23897,43.421935045725334
23898,31.246184496137214
23899,10.467216675937443
23900,8.480179745240964
23901,22.900902804568545
23946,42.84454137489968
23947,33.13572864046148
23948,41.69724674668151
23949,23.463386647732015
23950,27.70623113777759
23951,33.717959271298895
23952,31.262983311211617
23953,8.44087673154087
23954,13.609723725863102
23955,23.053472249413428
23956,19.70217201387595
23957,27.865511949374184
23958,10.235574203578254
23959,20.654313751071975
23960,30.480228869845064
23961,29.6626211682543
23962,35.936493844641575
23963,31.463948092704285
23964,30.929879490217985
23965,51.247297381138715
23978,34.91503967311656
23979,41.95321673033646
23980,26.610314049869164
23981,19.140769805665208
23982,13.51234911134553
23983,18.752158011764017
23988,18.81899663752436
23989,16.197186837207564
23990,15.820892246500511
23991,26.644723780089905
23992,39.71578604563809
23993,32.75747292338952
23994,29.499055315249837
23995,39.34404142797165
23996,30.97367526000755
23997,20.093139945701715
23998,19.75083418599345
23999,21.23549872018699
24034,40.23064463437565
24035,28.67522916210623
24036,28.99926015687148
24037,31.84587658464297
24047,32.870321142346796
24048,37.43923230308841
24049,41.44892662320883
24050,45.00630399116738
24051,52.64374220827229
24052,19.060685934699897
24053,26.222004934284755
24054,29.813865929551817
24055,30.044432103330127
24056,13.035168103883013
24057,12.656761933642462
24058,15.550459780810977
24147,30.722222534773127
24148,26.46712549521516
24149,32.86572648193501
24150,25.78825393833138
24151,33.070650205143934
24152,37.17356912329251
24153,17.558921866580004
24154,17.141656174719216
24155,30.323225852013998
24172,19.446945091974236
24173,27.949311843160633
24174,27.303825909328545
24175,32.61140381506481
24176,39.506010224836174
24177,32.69686152775397
24178,48.04133668591308
24179,47.24682556345926
24180,47.84066522049525
24181,41.89459491999189
24182,34.20930267346711
24183,32.68265894140304
24184,49.888351356562545
24185,9.690418306188928
24186,13.58336312069734
24187,13.34122583978159
24188,7.61831881524338
24189,19.64285915835535
24190,23.51923867253745
24191,31.084621673055636
24192,33.8823723354743
24193,34.15993120835192
24194,40.900642600957774
24195,30.70061072153611
24201,36.63150341240403
24202,34.36312718190952
24203,32.409093417135416
24204,48.20383684144791
24224,36.98166605167551
24225,37.72688276734228
24226,38.360373819819884
24227,56.56075825852052
24228,32.82226312778037
24229,36.324803634076574
24230,42.497105911712225
24231,39.68313038252044
24232,34.326081176982534
24233,30.739250026937693
24248,11.892821193062982
24249,30.42064333588865
24250,48.93691998493024
24251,38.90760891417279
24252,34.31102331210495
24253,41.624705334861346
24254,41.64922740106745
24255,46.12609612441887
24256,36.01836306843317
24257,48.633419419027014
24258,34.033319549755895
24259,37.74943002161628
24260,33.43610210479573
24261,25.767221692580765
24262,37.09147085421531
24263,36.27109513515441
24264,35.84228701494554
24265,46.50610215221562
24266,41.71555420742763
24303,43.57759941943062
24304,45.42081269506868
24305,24.460487048107503
24306,28.889800371577223
24307,26.241041786698666
24308,49.82057682506939
24309,27.77291128945241
24310,27.885143513010174
24311,28.006515119703476
24312,24.52840982976728
24313,34.23551278483683
24314,17.0246658096848
24315,15.949918272786807
24316,12.002900288238708
24317,33.21235908621812
24318,26.63689396884303
24319,27.102643892615735
24320,32.30859783256541
24321,30.31572477256544
24322,27.83359019257488
24323,27.92896845384826
24324,32.28086736642329
24325,37.79613756684947
24326,28.444714387321035
24327,33.654351246926105
24328,32.99912225492593
24329,37.98953798644217
24330,23.302464381478863
24331,30.41003292319703
24332,29.121026878468875
24333,28.632204848314476
24334,34.61118965256731
24370,3.5774710957977467
24371,31.197005903467083
24372,33.780464395105916
24373,40.365122099202146
24392,27.438660672295132
24393,33.466162992263286
24394,42.52438470003106
24395,51.68662622828617
24436,45.11036816745045
24437,11.462911020519662
24438,13.461626867664211
24439,10.530744749361627
24456,19.720057245508762
24457,22.925454003316222
24458,30.870699960847347
24459,45.83896216575909
24492,32.932218262384744
24493,28.366020940301077
24494,47.03217108832618
24495,53.63109794468915
24496,42.341807083574444
24657,48.68178877100685
24658,38.54153675310643
24659,47.02568102940342
24660,50.240036636892754
24750,35.50551379240631
24751,15.895093897118535
24752,40.003343698158886
24753,34.00784214749402
24754,39.34651333892398
24755,46.264917988558324
24756,56.63351933707533
24829,40.793861033893954
24830,44.92806887047702
24831,46.10716915017176
24832,48.746433955368104
24833,44.09545486862488
24834,14.820251664051534
24835,23.351882642570605
24836,26.98549653568332
24837,22.929468463363868
24838,44.02531777637071
24839,36.192904572780364
24840,42.889138493640274
24841,35.03908187246669
24939,46.527246194839805
24940,44.55685035096796
24941,32.038827424730904
24942,34.96921173553585
24943,42.23628029808436
24944,54.70118981611341
24945,45.14472150373515
24946,48.482529978313046
24947,32.01724757366667
24948,31.50385528533664
24949,9.608321012952155
24950,29.92333851485528
24989,27.998551249660846
24990,43.118561465744094
24991,40.61501649266341
24992,28.914427042014793
24993,37.46208660749319
24994,56.97529925760679
24995,42.889610502854595
24996,57.71318127718032
24997,41.449171424929666
24998,40.92618701974788
24999,45.79285821517633
25000,43.22148619060988
25076,48.44837980108867
25077,50.21155249113283
25078,55.385310756567655
25079,46.62302164831969
25080,48.97164120134848
25081,40.08863558804131
25082,51.747126654123356
25083,43.15536774133283
25084,16.76022488915463
25085,11.046064134489983
25086,18.77986135970927
25087,16.640562908360817
25144,24.503904787576843
25145,26.890296700836434
25146,29.16489826401273
25147,25.797794552892597
25148,31.821089670217475
25149,29.065981914164364
25150,31.973471367713344
25151,35.14554905429252
25152,40.14824275052284
25153,16.088988308762087
25154,10.177192444356317
25155,15.616736045718252
25182,20.91637889188488
25183,27.997901723116925
25184,27.064980832475754
25185,30.44227433363316
25186,27.803423242166645
25187,32.98478999038551
25200,45.72282869581193
25201,37.43603921570031
25202,32.077930056796454
25203,33.37552644669405
25204,30.1763445220392
25205,33.32045022178617
25206,32.80805716997683
25207,28.427144968619256
25208,27.95784560481034
25209,31.78766855696351
25210,34.357502277902164
25211,34.437010639501175
25212,17.522039882497584
25213,27.342040026980328
25214,13.211082585829812
25215,31.182231803006253
25216,33.45968861020168
25217,43.283218230547114
25218,32.2468744446669
25219,42.941067686713716
25220,39.63558154289253
25221,36.87600602172136
25222,40.41623794883252
25223,31.253018252274302
25224,30.13486674451728
25225,31.554833636497214
25226,33.543576403922636
25279,56.4546959009696
25280,53.55704775500474
25281,43.270550785445245
25282,42.368053474142435
25283,40.16187585211916
25284,47.55815808702683
25285,57.98583160232937
25286,56.927147878448736
25403,63.24449624712299
25404,11.797623715676893
25405,27.53926684701533
25406,28.34788439313296
25407,31.453034518774057
25565,47.86829564699873
25566,47.80501461172477
25567,42.08116304931714
25568,33.93620391753719
25569,47.43302710384938
25570,35.17255535284937
25571,46.284758829957724
25707,37.633195637857824
25708,33.256457893859626
25709,32.952175651461786
25710,27.43450697395672
25827,34.34430678708794
25828,33.00274695241651
25829,31.749834736172005
25830,47.00348838647872
25831,35.78425063355138
25832,6.7371411870080395
25892,8.363531729390928
25893,3.6817924134494597
25894,11.282541599859236
25895,13.127903188980188
25896,13.946994920650349
25897,12.231989097656824
25898,12.128710862393067
25899,15.206626168525915
25900,15.726136351631194
25901,27.308138813728153
25902,21.6577276461171
25903,37.17773384126451
25904,58.57400911019637
25905,42.31868522526524
25906,37.24213036484309
25907,52.69066709824391
25949,60.08799897327132
25950,45.46820135851903
25951,47.07287609149602
25952,53.427510943077635
25974,53.63248501302873
25975,45.52394276494534
25976,56.611281811700195
25977,12.019180220395405
26011,18.433478536974
26012,19.125124321905744
26013,13.101872000203747
26014,24.618714493804248
26113,23.539595449338808
26114,19.170714453113053
26115,25.489505148582722
26116,26.994448348747344
26117,37.679583879580704
26118,33.179123233547834
26119,38.14717995999032
26120,52.95572203215743
26121,44.35021547071679
26122,15.549397690223657
26123,12.106512811182439
26124,19.465913870624654
26140,27.438002664453705
26141,31.574103177350285
26142,27.688716778117897
26143,38.82595404404313
26144,27.409995581226937
26145,41.72411497431725
26146,30.52709910110887
26147,32.575214847390455
26148,28.12900274525154
26149,26.270262517005225
26150,31.717852864085334
26241,28.276949071782568
26242,36.247086717785606
26243,36.0217794113019
26244,42.24988784292551
26245,27.29155444017577
26246,38.49050250787392
26247,33.03146087637997
26248,34.881177208784045
26249,33.7222614024765
26250,29.223039432946425
26251,43.823193800335154
26252,43.7393782216065
26289,42.8820245482127
26290,58.609010985001525
26291,49.115271902248814
26292,27.108191973293817
26293,30.9269299450608
26294,43.96963871108117
26295,42.4060087017327
26296,44.53886786719017
26297,43.70165498737137
26298,40.641132856615904
26299,47.61614223169812
26300,50.592421282791676
26315,59.041631066145065
26316,57.12681492647848
26317,21.75609163775458
26318,24.320125053885224
26319,25.045924307721048
26320,34.57310612524901
26321,26.734911340708724
26322,50.1394957280133
26323,30.804925165190664
26324,23.323085146583022
26325,39.157300099147776
26326,43.19866916091292
26455,38.66493492948944
26456,43.88131532919877
26457,26.66232836933552
26458,23.092694235044796
26459,33.29310044937255
26460,32.93808549615766
26461,35.17182172457525
26462,44.92899000800373
26463,55.1884184350157
26508,52.53794974975032
26509,48.52691151099173
26510,39.93020571459369
26511,50.08288663831272
26512,54.46833260639767
26513,68.98550781330357
26514,58.92796762518542
26515,54.92023143011503
26516,56.21370964621775
26517,17.840494890553718
26518,13.783454034557174
26519,26.025044083226856
26520,27.583979410758985
26521,25.881749611383285
26522,16.357580330157216
26523,17.666175163520595
26524,15.89227108456667
26525,17.589059031710878
26526,14.12327233658733
26527,13.218307548843347
26528,8.485484769102559
26529,14.274007902470757
26530,11.753587273154592
26531,16.194326480595777
26564,17.36230368963624
26565,2.8113358820567966
26566,7.9918387065195855
26567,10.40699181651119
26568,21.40946787278603
26569,24.26768978711927
26570,30.411743456446054
26571,45.03755248518592
26572,50.80923303802034
26573,41.87463846741811
26574,40.92701224904733
26575,58.210982155707605
26576,36.35463598543225
26577,52.468324917433534
26578,60.10306341588644
26579,52.34155556283356
26580,69.19409311804337
26581,14.77284523401603
26582,27.105022123694443
26583,28.143949164097815
26584,30.5513926917514
26585,38.686171557222785
26586,33.50288650065812
26587,43.10933953872985
26629,39.84848970930834
26630,39.551018572471776
26631,33.62701862834562
26632,33.24897632892662
26633,33.11849957231004
26634,11.727533401949158
26635,24.83150043788049
26636,29.272648829313074
26641,27.932227792994485
26642,42.53778406567398
26643,35.44880133748582
26644,37.58705334780069
26645,32.65166687595276
26704,39.37061135761173
26705,54.38855651208315
26706,40.84520980391858
26707,49.567728120675795
26708,9.934573833282926
26739,16.840199754129753
26740,17.018053343574824
26741,17.150684300298
26742,19.483350727737584
26779,27.33854949507137
26780,22.154415005017142
26781,27.316450441725028
26782,27.332452357800225
26783,33.97671098731291
26784,56.08867567550749
26785,51.6167650618819
26786,44.64950974287425
26787,34.0967941002909
26788,34.019393339546234
26789,32.28400704930506
26790,6.156265842609901
26819,7.814639391677083
26820,22.58530791666483
26821,31.441665236735194
26822,11.33383295817222
26839,32.392068254041654
26840,38.851868038830055
26841,35.12770480717811
26842,46.521834289979736
26851,34.26506728905663
26852,39.6631148918466
26853,41.59912883722003
26854,14.214717432331238
26855,19.10198289422809
26856,17.21725613514208
26857,29.622655688659613
26858,34.0880345710182
26859,33.16666323353801
26860,30.919703851045167
26861,39.12945715271744
26862,36.514035116514286
26863,45.1405360798545
26864,26.583631066040528
26865,28.728539380129593
26866,53.791857648643635
26909,57.13237384345911
26910,34.651343060791774
26911,50.59232309509978
26912,56.66406464415664
26913,63.49641062875623
26914,13.725533986121029
26915,22.935964019049475
26916,32.6765990637211
26917,34.48990900889278
26918,30.48553105497969
26919,38.960121950736905
26920,39.96845084677091
27006,51.792683644911385
27007,45.14645783022021
27008,42.06652147211781
27009,55.56922918401539
27028,41.91688670072673
27029,22.171995089040706
27030,44.5631959208253
27031,28.377234201859437
27047,33.46811973446451
27048,29.618073333333523
27049,32.66963404922639
27050,43.32964311261015
27051,35.77624507509661
27052,44.16279519664643
27053,44.788041200513774
27054,41.33856759298233
27125,50.0898812767227
27126,16.3280460416952
27127,15.086100382365817
27128,22.84332286018278
27129,22.134130985877345
27130,33.36877392970032
27131,29.301921221347733
27132,27.92445295172455
27133,40.09949093135846
27134,34.11363352564146
27135,37.6115892534586
27136,34.89544476176518
27137,13.983315223904896
27138,18.209697420994136
27139,35.19419738881671
27140,34.10897865381868
27177,35.949986967777185
27178,17.581098413314432
27179,30.232103417822437
27180,47.99203510277572
27181,43.21292748882528
27182,35.3778267468171
27183,39.34486694010975
27184,40.742118394197675
27185,45.012969542230685
27186,35.77604159179444
27187,35.51155698414804
27188,50.78253581212973
27189,47.412634757459664
27190,47.623793078658856
27191,36.77515737106276
27192,58.39253769388396
27193,55.11905032026725
27253,61.39658581150664
27254,40.898393401520416
27255,48.44198125859648
27256,45.27137655827039
27257,54.86698552241431
27258,62.703932829415386
27259,58.91980632228438
27260,55.271707056508546
27261,21.012963864850256
27262,35.73257749257092
27263,31.31884655863019
27264,28.12034328037846
27285,33.14666224961311
27286,34.263873935150386
27287,39.97971719524512
27288,17.92316852383464
27289,38.97007335941971
27290,28.72746105876885
27291,29.041095306226396
27292,37.23904704843896
27293,42.057194970222575
27294,45.4048548344663
27295,39.52139724043739
27296,42.71197746853527
27349,48.145058781345284
27350,45.680073373329
27351,47.47946339151433
27352,14.39301958179092
27353,15.95420934863106
27378,29.49463120491477
27379,26.734692592349447
27380,28.89484796662638
27381,25.616993540311636
27382,33.44018564953213
27383,41.07179714764379
27384,10.78785268222823
27385,21.15147945300254
27386,17.911587450847378
27387,23.364096538777765
27388,23.93235932784519
27393,13.727312428935958
27394,18.088629304867204
27395,24.957795854702816
27396,43.857584600060534
27397,32.399347450349175
27398,40.151191723487365
27399,40.155190763401585
27400,46.778258866482616
27401,32.703625344706396
27402,40.26804797960793
27403,37.25044625728713
27404,41.893720263170735
27425,56.340850857793875
27426,55.21471892213503
27427,13.56488076198957
27428,33.830207556299975
27429,28.684620520114727
27430,29.804294192372936
27431,22.198602682981818
27432,39.369107624446116
27433,33.930696195009844
27434,51.03924932491326
27435,3.521849456603058
27436,3.857337903608279
27437,4.480130435742051
27438,4.439112520841324
27439,25.02572608576962
27440,34.010676054669865
27441,27.975679873597187
27442,33.32264011210963
27443,27.84413211397119
27444,32.739004518225016
27445,36.67860718574124
27446,33.80882914748364
27447,45.892596227541596
27448,41.12003376251825
27449,36.526191125065424
27450,50.22716078175592
27451,22.33164811511003
27452,36.52777814331109
27453,38.00252588208759
27454,25.21627071557652
27455,27.887574376207926
27456,40.10840013031042
27457,25.815118282766065
27458,27.60673049191023
27459,28.225925339923876
27470,43.38272070447202
27471,44.88750844622083
27472,41.13370320370433
27473,25.00591189818543
27474,34.695907506971714
27475,39.92044379906011
27482,39.69371680812765
27483,42.18120445970385
27484,44.805405194137194
27485,54.55331681109681
27486,54.42042198824979
27487,47.853952841047146
27488,61.00823520361358
27489,47.67605016413601
27490,2.617951565019046
27491,11.508395137672348
27492,12.994938017443728
27493,13.341718370260333
27500,17.93408747951195
27501,12.062467122691995
27502,12.061178915684913
27503,19.732365889625946
27504,32.22853059923754
27578,30.75955782575549
27579,26.933232521659455
27580,29.589742046221406
27581,30.892948066333947
27582,45.85898659854468
27583,60.26080965247651
27584,55.512117635102655
27589,68.9966283082202
27590,48.88530776535461
27591,63.798097704872
27592,42.55096457850236
27593,37.19324494425606
27594,47.72784085689436
27595,45.37876228056964
27596,42.04188073281398
27597,18.454256699779158
27598,14.003398291817236
27599,8.644658957734196
27600,34.78686323510823
27719,33.13339637021078
27720,31.24983754520288
27721,34.74940757570606
27722,39.48426276843529
27723,37.91043679708615
27724,44.984754867003275
27725,28.487653263499066
27726,36.801791065940236
27727,45.79598148976834
27728,62.65487086441382
27729,47.850619777831966
27730,38.09000274479982
27795,30.775829889398274
27796,40.94773441808545
27797,61.367857512410446
27798,30.186077761687116
27799,31.05786193015557
27800,39.80376522828605
27801,29.593907923069754
27802,33.301818067857155
27803,44.895485073946396
27804,36.26094104686782
27805,26.381736526154004
27806,41.358501501653365
27807,50.538685253084545
27808,39.26161695393542
27809,38.50499958753265
27810,45.896267980337434
27811,2.5015693823112275
27812,5.2597610501065954
27813,11.64102864972897
27814,10.492713101883107
27815,13.552580809939817
27816,10.843522813399916
27817,10.853928390289608
27818,23.663179862646775
27848,20.108961964293737
27849,23.72515369192373
27850,26.74103880088688
27851,26.75989960814735
27852,18.812644404529408
27863,17.125300010078448
27864,17.32914417242673
27865,19.4249352264522
27866,33.31403532715918
27867,26.646010874378472
27868,31.43291657036541
27869,39.79100591118536
27870,45.955765615942866
27871,34.1251672521601
27872,26.644108018621942
27873,28.74350060303826
27874,32.576804778746535
27898,32.89615212328435
27899,33.890693713772066
27900,30.502735698211136
27901,45.6310232589382
27902,31.369762008130653
27903,46.03695358694569
27904,34.424759220047264
27905,36.97408784106899
27906,31.691295283714553
27907,2.616036507863065
27908,3.104761205194627
27909,5.13250835786407
27933,8.218531722896014
27934,15.013353390394704
27935,10.328166985529533
27936,16.551104765726294
27937,17.098004890893225
27938,21.20101372551995
27939,16.274412012361385
27940,30.252810650692673
27941,24.490191655795773
27942,44.36860994257286
27943,25.846085419322332
27944,41.353952447140635
27945,39.29736404244149
27946,51.18170674256818
27947,38.58904814056297
27948,39.53363932593764
27949,42.25822953453168
27950,19.58513772231753
27951,32.23508645992933
27952,30.531438090356605
27977,27.931949845890365
27978,39.66571722069182
27979,47.91136541722447
27980,45.096006892834794
27981,40.43061783400083
27982,45.99037212664671
27983,18.113404341652306
27984,26.39361324506168
27985,25.74960687915921
28002,35.35075604897527
28003,30.806695554354455
28004,48.954489937342444
28005,39.701150243030064
28006,35.41955042616027
28007,43.51773804815078
28008,38.64580493933037
28009,34.757450453254705
28010,33.929576637216
28011,21.06329571652211
28012,46.76552269698623
28013,41.29755870327889
28037,61.52711503512743
28038,47.298320015219865
28039,38.8809435275375
28040,34.83179014564249
28041,57.649679651789405
28076,35.810635758221835
28077,49.94726558793013
28078,49.34096014659122
28079,18.283753267918563
28080,19.922818189970002
28081,18.19371757633024
28082,33.127977315715306
28083,38.843188660672624
28084,48.617107071461305
28085,30.54603719759648
28086,32.988148400268585
28087,45.50873547004471
28124,36.840804268764224
28125,47.139895246459055
28126,53.27414075101223
28127,47.87835199499141
28128,43.45865729419176
28129,54.64588511167184
28130,48.79908878687955
28131,68.8151060062676
28132,31.638917784881144
28133,30.587534559307745
28134,24.01567609384492
28135,32.91174860842271
28169,36.65483299443219
28170,33.969567613351806
28171,34.82576435673967
28172,39.290935246266926
28173,43.50024837051131
28174,52.77312996310564
28175,32.19085102237202
28176,44.926449973369614
28177,26.33822826823939
28178,30.27896577529919
28179,27.040179112087557
28180,37.92046749559965
28329,24.5011287234598
28330,34.86606787443874
28331,43.481722339183875
28332,38.559036126134046
28371,43.36114717461833
28372,51.331351132076385
28373,45.507588368910405
28374,58.83771112224467
28375,49.080703901932615
28376,49.14098865752056
28377,46.040557028803995
28378,50.58495127187308
28379,16.128082437728587
28380,12.421021213398726
28381,8.72903189007682
28382,12.20043630382474
28399,13.868822383398218
28400,18.031937560263312
28401,14.087182484042886
28402,15.802665624046826
28403,17.099659554455446
28404,19.930930214505402
28405,18.541089343766135
28488,16.83604964875935
28489,19.564678697271766
28490,36.99278568074904
28491,27.35346490607205
28594,28.820052844784325
28595,37.7370455157667
28596,42.12727721204146
28597,5.97035843275573
28598,12.814174821619151
28599,16.30937197521165
28600,9.837594275507685
28601,11.955226081854786
28602,18.051501519944072
28603,12.160236575807458
28604,30.10072560709248
28605,28.917454089099525
28618,31.33593443261147
28619,30.84418291055596
28620,44.48760069805082
28621,19.951495338187353
28622,28.991109571348357
28623,22.82093388439931
28624,27.767972650583065
28625,48.5671713036072
28626,38.72784163044551
28627,44.665760643436876
28628,41.93811460113353
28629,15.650752550499288
28630,11.388345666921422
28631,12.488955326286309
28632,11.484064715132405
28633,17.527702412040295
28682,26.93720408008461
28683,25.819736676819748
28684,36.93722175272229
28685,35.915775692230696
28686,31.331422999229215
28687,32.058061200304365
28688,33.82512509720263
28689,51.03735439205553
28690,39.837060652114744
28691,34.26838773466853
28692,27.51001893720511
28693,21.38277018210049
28711,29.319096620694427
28712,38.23118877714881
28713,31.73723105174078
28714,14.08528589662032
28737,15.989237161733694
28738,33.975583031988265
28739,30.446066583658645
28740,24.10594100113273
28741,30.780388295306683
28742,34.23690823848293
28743,10.91548388491714
28744,11.247191453060504
28745,17.437611751861517
28746,13.764755970896509
28747,17.56428179042862
28748,17.738629060135814
28749,23.773636667427258
28750,26.514292241655674
28751,31.285635966931768
28752,32.30367120436595
28753,29.39091988099984
28754,45.59847671078687
28755,55.11260356501694
28756,41.30475534502851
28761,45.40197261592707
28762,53.96790134042174
28763,45.911547214909774
28764,39.969439333760285
28765,37.97605898624586
28766,36.856171379333404
28767,32.794970006218264
28768,46.12577979073379
28769,28.139819954764782
28770,32.723581196489874
28771,31.96204714660822
28772,26.134741139020093
28825,39.831865078488
28826,37.145120055328604
28827,41.02336329267766
28828,33.353819372437215
28829,21.416242243193423
28834,33.04727085326836
28835,27.686941724315567
28836,31.481720000916507
28837,41.427002834465796
28838,28.174750560793246
28839,49.76780567356307
28840,33.46626443594039
28841,39.411292689078145
28842,39.65179471501239
28843,13.541972644091631
28844,38.54578614181646
28845,38.11393424421225
28846,34.21549299061855
28847,43.205034941510036
28848,16.814978317864703
28849,32.93590743728385
28850,30.579732480475727
28851,47.91681314019335
28852,12.057454243598805
28853,13.666947389533885
28854,11.914705614837057
28855,15.895342818126526
28901,12.955752144213683
28902,27.79272940307676
28903,34.418259743787466
28904,40.84491427315275
28905,27.79222457133841
28906,14.311389458950178
28907,13.903358540903131
28908,17.521750775090513
28909,14.221943311139853
28910,43.54633060467351
28911,28.619907513651633
28912,42.77093134420349
28913,33.1772584051746
28914,44.340093737746884
28915,16.384028283224044
28916,23.278071257552558
28917,30.49025987182561
28918,23.433976904544057
28919,29.65557091109138
28961,49.722882650380825
28962,35.45981894011651
28963,42.97259700982091
28964,36.87633561883809
28965,36.43810096038421
28966,34.308684334619635
28967,32.366580564556145
29047,39.7464300341166
29048,49.534067272668054
29049,37.41515638037436
29050,45.112141894592796
29051,45.871808104959136
29052,39.83021815071973
29053,43.342955200320475
29054,42.131093203833544
29055,41.991044584349126
29068,38.39738421213913
29069,38.48110695501486
29070,36.1259123918339
29071,46.38329936456861
29072,60.70473639078119
29073,63.604320628951655
29074,46.96951675817228
29075,63.16023747570336
29076,62.9093362750341
29077,43.16814423319844
29078,44.300405676152174
29079,37.05675000853209
29221,41.240203561594484
29222,46.450401682525005
29223,46.4168422657089
29224,41.40431056912548
29225,62.36749487818268
29226,46.39450869647333
29227,59.53709969732578
29228,12.86277800198955
29229,14.869227656068825
29230,20.9818474309994
29231,18.155998073816797
29232,23.0741696497956
29341,35.99875653525825
29342,34.119128610581306
29343,7.6832986493810225
29344,19.59222013950025
29345,33.352483144796004
29346,36.02643015899879
29347,39.36372627257526
29348,20.295402686753796
29349,25.970176926226415
29350,30.103188634826076
29351,33.495833572886184
29352,31.92988662005738
29384,34.0313119893212
29385,37.31779866234855
29386,26.110009730220956
29387,42.44302936511189
29388,35.77207307814841
29389,49.262228786716065
29390,41.305391569943765
29391,13.618537333643319
29392,13.86197758650518
29393,16.211377951640838
29394,22.382441991738432
29395,26.978309264868383
29417,32.84392873533442
29418,32.10029542638007
29419,32.23734582545844
29420,31.10438704615327
29463,31.1941386240228
29464,30.693411852570073
29465,33.695174640084545
29466,7.3950583359303215
29467,15.122012517328063
29468,23.060638387895377
29469,24.2422993421692
29470,24.283209054469705
29471,15.5188739792616
29472,10.967842603167089
29473,19.412043262892976
29474,26.09893146160582
29475,30.74462521109017
29476,46.167533873805745
29477,48.534856469856585
29478,57.20760818669775
29479,57.27101381228837
29480,65.3576916581492
29518,49.37345005017041
29519,70.38317263289703
29520,63.26641813679345
29521,70.87329759501681
29522,70.07642373921813
29523,64.90833722256862
29524,63.45370345986966
29525,48.59009442797697
29526,38.821969394772616
29527,35.3632737909694
29528,40.542099695343914
29529,47.10753581890221
29557,44.89132193580337
29558,32.933402555133895
29559,41.29208522055899
29560,41.7754241270365
29561,46.07041567583802
29574,62.75686050379894
29575,57.6433196792741
29576,51.93193591962946
29577,48.08856364442374
29619,54.61100883546149
29620,51.818506579285135
29621,59.185925230834904
29622,61.35399137890945
29623,53.934179906006506
29624,3.5425734140597607
29625,5.567012476564051
29626,8.319040772798763
29627,12.16647921195523
29628,16.507900603282064
29629,12.204112104895614
29630,21.57878083941349
29635,22.09389554604476
29636,23.858951374210516
29637,21.961784782640088
29638,24.596484687598014
29639,27.621881798979967
29640,26.36157562138898
29641,8.950735994117725
29642,9.581363194266673
29643,18.422120829434395
29644,28.119248341911735
29645,27.420146410513624
29646,38.58077778455864
29687,34.35335716089902
29688,31.139664599937376
29689,38.38608932510124
29690,40.20754235936565
29691,50.538371501999315
29704,16.230786740750563
29705,11.70092578459449
29706,30.1252059622463
29707,29.120946100840143
29708,14.282688197856563
29709,23.04826446275528
29710,43.91995982973434
29711,32.06127535924332
29724,39.89719465293579
29725,38.2781019977486
29726,40.984175034630276
29727,2.942194463454722
29728,42.19711345370361
29729,30.355135270538884
29730,37.309974900126775
29731,33.52620553267388
29732,41.09104576549291
29733,46.58845678575642
29734,57.170728070618324
29735,48.44513556342632
29736,58.181391815014344
29737,49.78039997183046
29738,58.49501835531086
29739,53.33758109171563
29740,47.224476096282466
29741,63.38482403888026
29742,64.8192881502454
29743,68.62123130706098
29744,55.20672043268489
29745,54.437192850332124
29746,61.92777566549383
29747,64.42806711183844
29796,69.46140051904788
29797,68.68936484100789
29798,68.19954830312362
29799,15.956849717670188
29800,14.920937216331945
29801,25.985253252332306
29802,35.486821254720454
29803,28.557055936528812
29804,28.484239061350774
29805,31.44437071608298
29806,30.574636306594222
29807,29.666496943173247
29817,30.991483700196714
29818,28.65789093907145
29819,31.0782913446977
29820,33.79067540870078
29826,31.384324003363872
29827,32.69812281752713
29828,49.663051828570175
29829,35.967444010962055
29868,42.861191291355176
29869,43.068740774431994
29870,42.908427182022834
29871,44.24777672163948
29913,40.140830646871564
29914,38.03108876011752
29915,32.09433090455662
29916,24.797345941546034
29917,43.326859427584466
29918,33.75734631035289
29919,13.513150530342282
29920,26.581115871426825
29921,29.23748083733594
29922,34.00082739265495
29923,27.769007147355776
29924,40.823326943568
29998,53.87581324856659
29999,42.17461336644737
30000,35.276394006145615
30001,41.004353870312514
30028,44.40972510795661
30029,27.260735833984103
30030,12.083882807536686
30031,19.351779209868585
30056,22.83913868059429
30057,14.420930352822367
30058,19.473769608763547
30059,8.462605939116312
30060,27.370290186833174
30061,25.917181472096054
30062,25.851980539779397
30063,35.21816224175046
30064,26.39006715356936
30065,34.611731082832726
30066,40.30354317383932
30145,30.09315315183345
30146,43.32397929119954
30147,32.117912143954996
30148,38.541380063683896
30149,38.56284234218072
30150,30.839052352968388
30151,36.75954523604832
30152,39.46259404171815
30153,47.833171184348146
30154,37.303719927922295
30240,42.141697280665625
30241,13.700597091454167
30242,17.00693138018408
30243,36.64005082273095
30244,26.531597891755453
30245,17.972298226344964
30246,16.050618372838528
30247,32.36952312203631
30248,27.68163618816344
30249,33.24298028212936
30250,32.3688843647877
30251,24.093681402879845
30252,40.10322232246861
30253,32.73352793339338
30254,46.19382776917003
30255,47.60413592054693
30256,41.39403573668375
30292,30.402520693523655
30293,33.47640082675261
30294,21.453415347892065
30295,40.92879052995772
30415,45.58111688043455
30416,43.60158875564619
30417,48.65019985753518
30418,55.77413636041619
30435,54.783053184299554
30436,62.293338340324894
30437,56.27558525121388
30438,52.485579260970546
30439,60.344729345244104
30440,54.21477460922616
30441,47.864685378269925
30442,62.886488158729044
30443,37.47966520805547
30444,24.84692197201368
30445,35.76758707192833
30446,39.45529542618256
30452,45.86751438017428
30453,44.132597603062806
30454,58.92192523602785
30455,13.505291894044685
30456,13.331233003333487
30457,17.03541778835159
30458,15.489460524801569
30476,18.520382380064916
30477,27.225203523911837
30478,22.55859438355832
30479,30.500074312357604
30480,30.95733110113848
30481,25.482162076856724
30482,17.77987560075706
30483,27.80722820502147
30484,57.035542477095944
30485,28.54321927640535
30486,36.99083234913094
30487,46.65842720843934
30500,45.733727922075026
30501,30.777078969508096
30502,31.582371715835517
30503,44.02271231683285
30504,30.12390960557817
30505,50.45262852971756
30506,39.170812320162995
30507,44.88133504699873
30508,44.86001202100256
30509,25.597268397116967
30510,49.4346001679236
30511,56.83456391293836
30517,39.72809422052517
30518,16.596479704912653
30519,23.14395602130997
30520,29.541027976234442
30590,26.95852626806439
30591,26.548368151472104
30592,30.674510186049684
30593,27.311617250983836
30594,29.950090194961277
30595,30.546323765335618
30596,26.98718169067554
30597,40.167064888083964
30608,50.32357141054965
30609,16.938564547468957
30610,17.533214591575987
30611,15.774884345614968
30612,19.25793951012803
30613,14.83352765609667
30614,10.85834677524285
30615,19.140093263924395
30616,13.817017649521983
30617,32.77015993841417
30618,33.84133659246196
30619,26.525142241963813
30655,34.128216663626255
30656,38.79758931580001
30657,31.68568016988355
30658,34.95426799770784
30769,32.10764603095319
30770,53.01069666687009
30771,20.000167424434423
30772,22.99856266008492
30773,27.785839390989782
30774,32.24678342289902
30775,35.69810505185268
30776,33.45376458984986
30777,40.56914221539202
30778,49.51046889944796
30779,41.03666129757705
30858,44.2054778333308
30859,38.83908559282339
30860,41.44349035224232
30861,38.456144221788506
30862,34.45394119859064
30863,39.85446571542171
30864,45.228701807225825
30865,11.428254411013747
30866,9.773658762761203
30867,10.297573950319745
30868,13.500248383819583
30881,39.756868393033194
30882,21.77539926783983
30883,18.92020223352096
30884,30.555547957901425
30885,30.3348080788994
30886,31.308375719221527
30887,47.45825318452519
30888,46.26044616576686
30889,37.52484352085937
30890,33.23203703098266
30891,44.05787693477321
30892,36.63993594708705
30893,38.51609402893884
30894,55.08532751836849
30895,39.77159269075413
30896,28.483477295906418
30897,31.914294179395156
30898,34.13097364593224
30899,31.82896175909116
30900,34.45021624586214
30901,24.380286984118516
30902,34.52803161624859
30903,30.213214459120156
30904,44.24412070653898
30993,46.57371749810179
30994,16.859112814702716
30995,20.961579197993128
30996,27.5283636324611
30997,28.00228939617566
30998,32.483536974566505
30999,35.226630755405914
31000,49.07877271743314
31001,37.78151540832457
31002,7.84143655291463
31003,11.943401932968046
31004,9.417434343325608
31005,14.90212012460216
31006,15.897323660659819
31007,17.73763892776986
31008,21.292832764301536
31009,51.196706966038434
31010,43.935958737226294
31011,52.257606954296435
31012,43.79745401238577
31013,41.394486513891195
31014,39.1552851293348
31015,61.092568134303164
31016,59.50270360145813
31042,60.086642826375815
31043,55.107718408154625
31044,59.20623338891519
31045,56.61691105602993
31046,32.09570596714338
31047,27.855384100876908
31048,41.60893392247775
31049,31.707901062079884
31050,34.84235164213238
31051,49.88653215258744
31068,48.90217683598459
31069,50.536905232643846
31070,34.20474987470914
31071,34.61713945196975
31072,44.18008537383539
31073,43.35413314054217
31098,43.71024135594068
31099,51.453712782717794
31100,50.478480107328686
31101,40.204620177625635
31102,45.105343869854664
31103,53.23931574091324
31104,12.510285946941762
31113,3.815940730402711
31114,13.391640812976357
31115,10.70216904551154
31116,51.14483186262209
31117,48.479054146250185
31118,42.93028782872964
31119,57.14892346125257
31120,68.35858679333748
31181,35.73538345530757
31182,40.484064465929656
31183,47.89698083393624
31184,42.08542203366689
31185,48.90503939617061
31186,46.906557060084594
31215,54.986034014121486
31216,50.67243166693905
31217,46.65499663282909
31218,47.85020516887712
31219,39.61926856515389
31220,51.669796719323955
31419,48.72834518282752
31420,58.978532102011734
31421,48.80409736633627
31422,53.807629421784
31443,53.93408526644729
31444,45.18795285344854
31445,42.332199886487814
31446,45.10605663858763
31447,45.551556783912126
31448,50.99946971115222
31449,45.33372822103673
31450,62.9316903434425
31451,54.60858101118585
31452,36.391314850052815
31453,21.508054137476762
31454,44.33463759204229
31483,43.092782582254934
31484,44.82996193706792
31485,18.411272508451386
31486,30.244699524305982
31487,29.587894751534872
31488,25.65624598694296
31489,26.55138888253795
31490,12.643434105339113
31491,26.551365346106085
31492,41.61066592699436
31493,33.13949959261937
31494,40.811855637357006
31495,21.59563606494544
31496,39.98579663281729
31497,49.56457180869061
31498,51.19368908107086
31499,59.035833275498284
31536,46.0800176473981
31537,44.737337369878404
31538,27.70239237796373
31539,38.0570670563089
31540,46.94822996992744
31541,37.62461008803423
31542,42.91577847072232
31543,47.00730634955267
31544,34.493883480064916
31545,34.735500940470224
31546,39.33608194647555
31547,48.085297544164106
31548,46.59309072794823
31549,43.30271625408615
31550,19.85762520906502
31551,34.0850556151932
31552,37.060814167050935
31565,27.06523130998056
31566,53.956953714810034
31567,32.998686387976434
31568,43.510739263125245
31569,41.326350039130084
31570,38.31793787788967
31599,45.11442760194312
31600,47.040982788966645
31601,39.292338354051154
31602,45.487740022975295
31603,45.4301746525581
31604,37.233234535391034
31605,13.504897887659453
31606,19.25267464778888
31607,11.758672191445784
31608,16.040757538704295
31609,13.457444789618943
31610,16.14526818286066
31627,36.20025755783274
31628,30.793296436645715
31629,40.22129573184233
31630,30.052120842978432
31631,40.23396770089498
31632,33.424862736504856
31633,2.9727616117766402
31716,18.336086943604254
31717,33.438951708111496
31718,47.815997226495575
31719,18.298522355322394
31720,26.52085276636402
31733,32.466877628089904
31734,29.41238484501001
31735,31.450047411009603
31736,36.51101137619397
31786,39.86563977414041
31787,36.15024215853338
31788,39.31541762857869
31789,12.92255227898826
31832,15.961034305263926
31833,17.791174343010308
31834,15.282679505112997
31835,3.0429369141811455
31836,12.824200291127658
31837,8.604836711068806
31838,15.199993829204688
31839,31.85171217111522
31840,45.40646592533309
31841,30.29421107262633
31888,48.20302268574661
31889,31.11856798784651
31890,43.23566704685284
31891,39.06639743383003
31892,40.87794030007973
31893,41.73184788497805
31894,30.101777636882584
31895,30.245683731564885
31993,32.611469873987495
31994,33.334826521482924
31995,49.17234179426518
31996,52.62423168327887
32014,70.14546458221349
32015,53.03638609588732
32016,49.38961179866334
32017,45.534245720680495
32018,52.09490066154142
32019,54.339749270852124
32020,53.74739789935587
32021,55.92959984002303
32022,50.99364591642808
32057,47.90427064095038
32058,49.1319049137728
32059,27.82315668492536
32060,31.16513736128983
32061,37.81560127078089
32062,33.6894016302621
32063,14.140587499183543
32064,17.370874446513298
32065,36.984687330014005
32066,35.197832444626016
32067,54.83615616364051
32068,48.26582969984717
32119,7.669591366952527
32120,25.859098637722806
32121,23.06108110641741
32122,19.827450194500468
32123,33.10785127958198
32124,29.34963481332586
32125,26.052426092128336
32126,31.3083094008308
32127,39.83501254506468
32213,33.429231944580195
32214,36.83940067383941
32215,38.78447126097789
32216,43.07949727276825
32217,48.7203887778775
32218,38.58266911724911
32231,39.280011996756095
32232,44.793950593297076
32233,47.61088550748985
32234,9.168648568784779
32235,13.584211445061893
32236,17.08124880838738
32237,26.362192938577863
32238,27.63768675838537
32239,32.481639480332966
32240,37.711274225285486
32241,26.208877707030712
32242,32.48437854112846
32243,41.39217343482609
32244,41.55574057253452
32245,32.91976021522018
32246,49.8757897352677
32247,55.67379983194732
32353,48.99604283052907
32354,51.84142336666589
32355,54.44454265063086
32356,23.020606818551425
32383,18.782633596647383
32384,31.978801867679827
32385,36.2649282949744
32386,33.27525695660491
32449,39.317561335604445
32450,26.655013638483744
32451,32.84919632364079
32452,30.023037020366203
32453,28.652741923387136
32454,48.37758262786427
32455,34.0321996361971
32456,31.11616974550727
32457,31.84793197405253
32470,59.98681701867854
32471,52.791145859463064
32472,32.859671864521914
32473,32.49553900868662
32474,57.29100160894218
32475,38.9612890002282
32476,38.56780576451832
32477,41.21556387901387
32478,32.83587866131507
32479,43.688572971020434
32480,33.459674413126315
32527,23.972898309718573
32528,49.9564814924671
32529,33.18341913461854
32530,19.64368495036718
32608,26.058036719921777
32609,29.99052819535459
32610,32.609585499026984
32611,17.698690593624235
32627,13.890666370295644
32628,14.898532765851051
32629,11.835708108502573
32630,11.739290717468101
32713,18.81815508199732
32714,12.281157952016384
32715,19.310478586080094
32716,14.045529072648787
32717,32.41575464272525
32718,33.215379110129646
32719,33.142166821754905
32720,34.814264098678066
32721,31.166267133866324
32722,38.82406950094987
32723,35.53886006856114
32724,31.82411307087926
32725,27.160710874525286
32726,40.92490204196189
32727,34.007169291769735
32728,38.899834509797024
32729,20.078199320310027
32730,26.349898796195173
32731,28.253304838254536
32732,36.18110445035796
32733,39.14034779386392
32734,37.05270745382234
32735,34.96273379218745
32736,32.31805306524375
32741,26.42215468679545
32742,31.880004751001856
32743,42.72966575741964
32744,45.79622677954571
32745,34.487303362998716
32746,37.86913714023105
32855,44.37313043018849
32856,52.450961627314356
32857,39.92140714054331
32858,34.299902165800454
32859,33.18073331660847
32860,31.030959069683387
32871,19.825953319982283
32872,30.873105117331093
32873,36.0044833794957
32874,50.77486463303414
32875,45.13437538143819
32876,40.33454424086589
32877,48.67234577756456
32878,49.544116191570126
32879,20.287025384673445
32880,25.975541596681584
32881,29.299087333423238
32882,24.461906201648162
32901,20.195571881018417
32902,36.681310920925206
32903,31.91444736964857
32904,25.729052933187784
32905,28.718233037077518
32906,34.09936833499219
32907,39.51439180334662
32908,31.47477149639067
32909,40.84147190122787
32929,31.806659078178143
32930,42.73371344848982
32931,50.05306147955826
32932,24.49515082650497
32933,26.12946193041817
32934,27.56898542573782
32935,34.765507368164855
32936,3.237703186404363
32937,7.9702029960446215
32938,11.77301505175454
32977,13.053661220561152
32978,21.81286287887074
32979,30.509743291253155
32980,46.98858264433765
32981,31.305625474623266
33029,27.60606886408309
33030,39.56914800572991
33031,36.78452736464028
33032,34.50573087960753
33033,31.007495630948075
33034,14.893940524584927
33035,30.14854033048371
33036,26.107751197759868
33037,26.720886222074736
33038,23.984261057787528
33039,38.88597039673952
33040,31.490899025729025
33107,52.435458217938894
33108,46.627305777953126
33109,32.1654756151891
33110,33.11949256395227
33111,34.83993182234071
33112,34.81046521581612
33113,43.625165934487455
33114,28.49838472308511
33115,34.9653958107953
33116,47.54293032356666
33117,48.102057838890964
33118,30.94296868692332
33119,18.232804544598636
33120,37.46332680839353
33121,22.998984700886286
33122,25.677903162903398
33123,19.530338176162758
33124,41.147530860517946
33125,26.680087472150063
33126,37.84292247689034
33127,25.814418735290403
33128,29.13323116997932
33129,47.40031895136206
33130,44.82547347643838
33135,38.96868223521672
33136,30.29680553735891
33137,46.187054813058374
33138,44.19182172473103
33139,42.23140149362326
33140,34.427044668925994
33141,47.89780065776784
33142,60.00203192562009
33143,51.507326772737024
33144,12.22718550537116
33157,16.782178821930874
33158,22.6880491710729
33159,29.79447632163998
33160,32.80118575735322
33161,13.006826793955495
33192,20.80583702757564
33193,19.60129338710924
33194,27.590304455456476
33195,26.580463004984633
33196,34.73566650371492
33197,42.6619846372821
33198,34.57351987487926
33199,42.1328257127325
33200,31.253248771549437
33201,41.68963461670756
33202,31.704676582821527
33203,43.63788139732886
33204,30.610956770826014
33205,50.34189250864023
33206,31.326407075766557
33207,31.264209527762556
33208,47.86396321530737
33209,35.35815681076321
33210,46.64657608851368
33211,40.016375033947774
33212,43.84910373061247
33213,46.93284374592536
33214,45.586932220952214
33215,25.93306065580866
33228,33.040839391802145
33229,30.7789470532316
33230,33.84824139010526
33231,40.429158399390566
33232,43.672175330738646
33233,29.394946480628583
33254,24.52232209617413
33255,12.678796372650464
33256,23.00053572558324
33257,22.622510814215897
33258,30.75393484058798
33259,26.862162716252662
33260,23.994620732811022
33261,43.32310574298402
33262,35.674377078357644
33263,38.45300148582658
33264,46.75326312697656
33265,50.79863208901654
33266,22.20831660636089
33267,24.248572455725448
33268,32.320525178447895
33269,27.68919148321844
33270,26.659067609491213
33271,32.671462103614395
33272,32.94377230006117
33273,39.29354484372311
33274,30.29270604928664
33275,32.342976515009234
33276,30.518163695399075
33277,33.52205185020899
33278,26.52319825640289
33279,32.55912779125398
33280,29.708837967863463
33281,39.777148738975754
33336,36.728238818573026
33337,45.979675707709355
33338,41.170303776349726
33339,51.4815674607765
33483,43.67620003316326
33484,49.9888788687646
33485,39.65844509801596
33486,30.71217207080106
33487,16.2298719273746
33488,28.01179899667155
33489,27.436508609545136
33490,27.517896264505755
33491,28.866777023854667
33492,33.12771948036091
33493,21.727778179432665
33494,27.95359886231489
33495,36.89369030820309
33496,34.68544916375777
33497,41.00304851908655
33498,31.478929597141565
33499,2.744579899073073
33512,25.453957680436957
33513,10.690323294088584
33514,15.551085643991083
33515,31.13677382345904
33516,29.15681708311774
33517,45.71701940911319
33518,45.457266159554585
33519,44.11348952173734
33520,31.442607523560724
33521,40.44313037072333
33522,35.83071121968147
33523,62.125842680416625
33528,53.08973307119893
33529,37.56863487555807
33530,34.50184411492166
33531,39.620153079644304
33639,31.68228229557353
33640,43.54166243001925
33641,46.62530296048648
33642,42.378080253653444
33659,48.67114304126399
33660,35.213795616439306
33661,39.492449561385385
33662,46.77303741676808
33716,55.404720052010774
33717,60.13031885460327
33718,58.323001260406194
33719,53.80616348233561
33720,47.28264175505422
33721,49.7684331310002
33722,49.04856331284878
33723,17.140224991313513
33724,30.246393397407207
33725,51.13409798405453
33726,31.475697939289343
33727,37.098128639904296
33958,34.15747935900451
33959,37.534899425444095
33960,38.8762983890602
33961,34.38215136534139
33962,51.398065292305425
33984,55.18429692402582
33985,36.789653381128105
33986,50.597641427932274
33987,24.01764179870134
34035,46.164431920245306
34036,34.73772251116793
34037,52.39377127386662
34038,39.128427121903194
34039,44.74511698764113
34040,46.239567608574696
34041,31.83469934658096
34042,36.1939951052686
34043,45.885906697128156
34044,35.90271042798425
34045,38.44736868975461
34046,47.45009268619143
34047,44.538972867466235
34048,49.68903198121493
34049,29.171930930044986
34050,40.75035653354358
34051,57.27877869847475
34052,5.569641699000973
34053,10.229416894436483
34054,15.971064733401857
34055,13.712727910037653
34056,22.719769873492346
34057,27.038947030394542
34058,33.06427091967182
34063,33.145080571485764
34064,33.455938191338824
34065,33.256869553081486
34066,35.18990001150008
34067,43.63718020146065
34084,29.953900749112556
34085,39.48446248247534
34086,32.92855959228804
34087,32.91757221470283
34088,30.34963220869243
34089,28.113055137807542
34090,26.59108663690477
34091,30.342726806590065
34092,33.172751286436856
34093,31.798370600136327
34094,39.00147210302427
34095,30.40326096977878
34108,30.433182347082983
34109,37.64320391646299
34110,29.396301114126626
34111,29.155909793650324
34112,31.472023808891116
34176,43.20652325103442
34177,39.092951263501085
34178,31.427750550041843
34179,42.29102682310391
34180,44.57613030593903
34181,45.717213820350295
34182,53.816072495478885
34183,48.01270054945839
34184,35.39066966342317
34282,33.210432194724184
34283,27.697299240298
34284,40.48891738858402
34285,38.39068115965397
34334,29.570577242024925
34335,32.69274823608496
34336,35.990313345838594
34337,2.867813488788589
34427,3.176383731766008
34428,3.87197936128078
34429,3.960842523516881
34430,10.926312515122984
34431,9.87172692419741
34432,13.619450156982031
34433,21.417763253479475
34434,18.23316579171263
34435,15.986274595591297
34436,19.18426387789603
34437,8.577890156131993
34486,18.06993225739507
34487,12.974361789362613
34488,14.936229404188287
34489,26.64858166950609
34490,23.494772418246054
34491,17.9615874661804
34492,28.580924608833282
34493,13.460477315301222
34494,9.797009785243727
34495,12.02641265804363
34496,23.12517510296609
34497,27.97004487355525
34538,8.14432759995454
34539,7.25732995002533
34540,10.41524850152528
34541,13.8029441907508
34594,46.15197430902474
34595,37.84786425730548
34596,40.03721034895051
34597,37.7966382003578
34598,33.30738612113443
34599,43.95940845497882
34600,43.01018806300498
34601,35.667933868791955
34602,34.99196388824966
34603,47.759068079624036
34604,50.523043369825395
34605,42.57053100397783
34606,41.830517883543514
34607,3.5584586979056207
34608,3.0822060235235917
34609,3.2982635352764538
34610,10.203042646292179
34611,8.136238771192666
34612,11.57903045433856
34613,15.167657026792948
34614,26.165064552016776
34615,13.342975757542034
34616,27.49021049825342
34617,45.150105900486004
34618,43.71243045850547
34619,50.214398947897514
34620,18.25040976422949
34621,39.24401834542083
34660,35.72845682058946
34661,33.251936584007765
34662,28.202292201253098
34663,39.72356550090761
34664,39.19674748058523
34665,36.52166094792505
34690,41.131792168733554
34691,46.37450336158083
34692,46.23064812778811
34693,39.57665424872647
34694,25.908441187925686
34695,19.79580119616398
34696,19.178050854625127
34697,44.12666791080837
34698,33.798760506378464
34699,40.16518370973093
34753,44.94269266583401
34754,41.218675243627935
34755,34.98279729547409
34756,45.72541578115159
34757,45.16659312946865
34758,32.63610054985902
34759,9.786780313532836
34760,7.928710542164881
34761,8.322221840156546
34762,11.736046640067954
34763,12.564764002350483
34764,26.059503078933197
34806,17.438605256034077
34807,37.60144139305009
34808,20.641550151564953
34809,31.593093731070365
34810,38.78449443243849
34864,36.26321675509965
34865,38.631482050327726
34866,46.84604160771838
34867,51.36020661094303
34874,53.62221694820612
34875,38.7136419132407
34876,29.721044860001403
34877,40.10811366145598
34906,35.64289307390454
34907,47.309133078023244
34908,40.27615096520368
34909,28.479462716101104
34910,46.52154914076646
34911,47.16596093501426
34912,38.5651094438413
34913,39.95654383421459
34938,31.644537915000488
34939,33.60635609025504
34940,47.34914331715181
34941,31.95788543194591
34942,38.814295130161
34949,37.97216773379232
34950,41.65241118359234
34951,39.33833963575518
34952,33.73105507667016
34953,39.821089500247275
34998,44.31862458564444
34999,56.93025129419928
35000,45.92889803149953
35001,53.96824497072309
35002,45.44641294561778
35078,40.721740679747775
35079,39.82039452068976
35080,23.129884112062754
35081,17.6549220972251
35111,39.26373107479731
35112,32.21804134351092
35113,29.067356671327946
35114,32.65445108080683
35115,26.916556840669287
35116,40.88325132262068
35117,31.13780703526147
35118,29.979155026366556
35119,46.360862208066344
35120,45.122039897964136
35121,32.29003789242127
35122,46.00285428074865
35177,32.619641148796845
35178,39.28349070966732
35179,26.01760993775431
35180,21.62955121698738
35181,33.74580074917352
35207,29.45931859416242
35208,34.88852862651074
35209,45.057488107433144
35210,35.84632667727629
35211,44.336578379073536
35212,27.28345122908255
35213,44.142339042442096
35214,8.884536435150128
35215,8.772608515603498
35216,15.747151670295398
35217,11.77086776917444
35218,3.1792092588556966
35277,4.009453347461916
35278,4.528773290614182
35279,4.479080187289641
35280,46.9827397506156
35281,42.42044586740401
35282,56.92069204765757
35283,47.91911056779362
35284,45.49475438258623
35285,52.11360011226326
35286,49.937362776185736
35287,54.654399477656455
35288,52.51934459609138
35289,45.06184734525758
35389,54.74291731349048
35390,62.53659132881195
35391,8.367856066094912
35392,7.868302741996212
35393,9.5683458301593
35394,17.066590626329237
35395,21.2655755610822
35396,16.361919863797386
35397,9.815463151881868
35398,29.863824644748206
35399,31.964246202296465
35400,32.250833924395344
35401,32.073532045641144
35402,29.3919391859714
35403,5.790265855507662
35404,5.407710123200004
35405,12.187310443375708
35406,8.967476906915882
35407,13.427453611561775
35408,17.34743422335759
35409,14.084588161095597
35410,30.301584598649676
35411,27.131192895795095
35412,28.018005133995814
35438,30.432073347613446
35439,25.801832627183522
35440,37.11933009953657
35441,48.628694146247796
35442,58.01147098120831
35443,45.027304929882064
35444,17.994336072832795
35445,18.50941785810901
35446,23.057708425928084
35447,11.99841679363873
35448,18.997737300420475
35545,10.128423255733724
35546,34.09401176823168
35547,38.8694218717189
35548,17.561062642225902
35549,17.521251069810777
35550,17.001836907786082
35551,33.154976762248474
35552,53.52833167041595
35553,60.00666870714015
35554,54.24037073575375
35555,55.24045845480122
35556,48.60688911481027
35557,52.94445634912234
35558,49.17220810059962
35559,50.85001729834433
35560,58.082306001311515
35614,52.19820626196803
35615,49.73625784629343
35616,55.89334930241132
35617,20.79993235748673
35618,12.757082254203892
35619,14.962991278598725
35620,17.504076216536628
35621,22.92525878376356
35622,28.94482400713581
35623,29.50964001903976
35624,36.61028246045915
35625,19.157957627659698
35626,18.16533455182521
35627,8.070698820098135
35628,17.159688909636785
35629,30.35131455341896
35630,25.757308704909825
35631,31.488866115597553
35632,26.2583110032972
35676,43.280984723872336
35677,28.88685527276702
35678,31.90103915574199
35679,34.47203304333915
35680,57.2954525396355
35681,53.211433372063276
35682,2.7002778969399683
35683,5.854686770845281
35684,12.668929625117624
35685,16.445771529323515
35686,23.164707217164942
35687,18.38837103602174
35706,20.928164927442012
35707,17.26024518392655
35708,20.986923601810723
35709,30.01319277428842
35710,32.348670259013204
35711,23.657890959687265
35712,19.731458181055665
35713,27.54663491862001
35714,13.451103635612615
35715,48.93111439407268
35716,11.307182194017516
35717,22.612512452260145
35718,15.281349392133775
35719,19.190709321865285
35720,19.389034878468397
35721,26.309266237670844
35727,31.240994408665493
35728,16.755336395644214
35729,33.89258303380828
35730,30.461328052111217
35731,10.300441654701102
35732,31.288915344905053
35733,18.047533885621725
35734,38.34525124278259
35735,25.475885597826945
35736,27.564540387668984
35737,30.620528803926128
35738,40.884856529585164
35745,39.18180528866606
35746,46.5112460626134
35747,33.99370800215867
35748,63.51639112832885
35749,34.567381812828614
35824,41.218853274059846
35825,32.66930628520202
35826,25.467289412920874
35827,25.085618859293408
35902,46.4953215290149
35903,31.568163349371257
35904,39.27953814568806
35905,20.870718353791716
35922,28.949149142581298
35923,38.306936667641864
35924,32.308127598361715
35925,38.64494155384703
35926,39.39926854906357
35927,46.10989036989996
35928,42.619735657948205
35929,38.98206560318985
35930,43.667320849200784
35931,18.579695885608828
35932,17.177597840880455
35933,15.139696613468777
35974,38.40598350920817
35975,24.359659839628584
35976,27.455621284508698
35977,25.508157537044923
35978,16.932971171667575
35979,40.272820617225584
35980,30.982702638134608
35981,29.88134474155374
35982,43.61967943548531
35983,45.27937459091444
35984,27.30148629069931
35985,48.273027263193136
35986,17.580698775945006
35987,15.896884725882916
35988,19.190787807453688
35989,11.964419610108184
35990,18.9221414743696
36068,19.529925331261758
36069,2.2590337689342683
36070,9.896540113519288
36071,7.500583143831981
36120,8.56967108230022
36121,17.971266939285975
36122,12.434655661295873
36123,9.811253758582176
36124,16.402936528483977
36137,21.48952291906741
36138,21.929439587589457
36139,32.59514258826156
36140,26.478807152728844
36141,5.504620297507268
36142,7.8199048719873945
36143,8.325858912238312
36144,7.037638246673144
36145,10.023368363202696
36146,12.579072028881653
36147,16.30294952227349
36148,14.041632315923188
36192,16.19460787316105
36193,22.536953099741964
36194,32.02525656881482
36195,7.653180705758207
36196,12.655002852814766
36197,10.057661283540634
36198,17.706200497570862
36199,12.837712559968134
36200,18.71029397611801
36201,14.902006250993448
36202,29.469152746441523
36220,23.857501611195637
36221,30.150912857885526
36222,22.09160098533885
36223,37.28786755561094
36224,27.01174957473507
36225,30.927816220569976
36226,38.63599976050011
36227,38.923066790622165
36228,23.94396578562436
36229,46.944514360513864
36230,29.338809237137607
36231,36.40537234888769
36245,29.851766223628964
36246,18.052150261158886
36247,19.84072755077368
36248,16.186820983442317
36249,16.53924877760814
36250,34.389819608781096
36251,39.201846232525604
36252,31.653980756577436
36253,28.34714171469791
36254,23.041158187020482
36255,24.71672104682759
36256,26.784877230855084
36257,34.06539891262995
36258,55.781534802436056
36259,49.39505962168304
36260,50.760554606674276
36261,42.68234087353002
36262,49.47011682181367
36263,59.288935671047724
36264,50.17776097172958
36289,52.71266107378393
36290,47.00166314570885
36291,54.642419006132016
36292,53.068897441715556
36293,59.756678328887155
36294,7.690058392337509
36295,15.40607667799029
36296,27.442268058395562
36297,33.05807932023684
36298,16.252746459776233
36318,9.573234916833938
36319,19.239558925583438
36320,16.454246306323142
36321,23.072541265051022
36322,15.413108256885804
36323,32.070438007666255
36324,29.3422408571121
36325,51.07412598475595
36326,33.01194465297704
36327,40.02095492181668
36328,35.42801913156388
36329,34.992893553171285
36330,42.57756317704118
36331,45.4315853415676
36332,40.307847289981
36333,35.39473884125158
36343,29.67446864519589
36344,33.60798528921049
36345,26.96876807427091
36346,46.610480663524974
36347,35.311674990350056
36348,12.160386485190383
36349,29.973768571072373
36350,31.996644784725483
36351,35.58747644524439
36352,38.164325028360494
36353,45.11624857371544
36354,40.57644880040713
36367,37.147639272848515
36368,35.841618346753336
36369,30.536373848207482
36370,36.32002329299332
36371,34.57557557529307
36372,13.16339498723382
36373,17.78269711322332
36374,27.46713538433675
36375,18.711175103222782
36441,58.96467188613129
36442,50.13830454188617
36443,57.31647139174392
36444,55.70438289742655
36445,64.19494258336445
36446,18.41645294466675
36447,11.987536980226372
36448,11.864253156151499
36449,22.719937547268238
36450,23.356801323145394
36451,31.1538534037464
36452,30.848708733233035
36453,31.646036464234392
36454,34.50764402669439
36455,36.050254507023766
36456,29.213439764689102
36457,35.98673555706471
36458,34.23188606206838
36459,34.63484308846363
36460,39.26589354235526
36461,40.361544643012934
36462,37.738155945354556
36463,53.165905800381864
36464,53.81621980028501
36523,55.594865895391344
36524,40.3166756870864
36525,45.77180846982129
36526,45.83866552509092
36601,57.41072757531879
36602,10.81016549110747
36603,22.747178077648467
36604,14.19369278249764
36605,13.804019600861153
36606,8.752958624038726
36607,16.332842042216036
36608,17.291923875213804
36609,17.116385522895566
36610,31.364916607717905
36611,13.656128379222405
36612,21.02013948794268
36618,20.054862393396498
36619,16.568590970640397
36620,23.40438676408361
36621,28.230126665450747
36637,25.969689717380863
36638,55.23371771377602
36639,57.30164250681105
36640,46.86342201163946
36641,43.75010664901121
36642,24.655332794126927
36643,37.48987793256648
36644,41.371061188178736
36645,28.788393368444208
36646,43.93808131449792
36647,43.88385740758867
36648,42.85973258791677
36649,43.943711272848006
36650,48.20130130400987
36651,41.974092215562365
36652,60.506291358486195
36653,61.90425224374629
36658,59.36822185910173
36659,46.6873523261897
36660,59.356067641798134
36661,45.32004025022752
36662,43.1094955534489
36680,47.21851998414805
36681,45.38606891292133
36682,60.29933600303612
36683,61.473721717591616
36714,62.35000798046497
36715,67.3325732227944
36716,54.34730715857587
36717,41.2458258785975
36734,44.953902181403535
36735,59.20974703871772
36736,67.87188178156855
36737,31.824922332098964
36738,28.71187159928089
36739,30.125808489204193
36740,36.86105491016153
36741,31.571002275408354
36742,55.37977450719384
36743,41.13874705785109
36744,32.84705223002198
36808,39.59275690331802
36809,33.429789275146184
36810,45.961381516840305
36811,34.152545221573284
36852,30.302321817696576
36853,16.823593806093406
36854,19.030708014354396
36855,30.73577046063558
36856,25.88186520755703
36878,28.376364930901662
36879,27.902921327270086
36880,36.38154166263721
36881,31.966352072909956
36882,34.095171276756176
36883,41.82293697123958
36884,35.04248515779022
36885,26.035680270093806
36886,28.208035343474883
36887,33.602047335847146
36888,30.19738150323278
36889,46.07564117616756
36890,48.274606697932704
36891,37.138780864678765
36892,49.73786578057673
36893,32.98603974550813
36894,33.77053428570707
36951,48.50632412841384
36952,38.70507181260736
36953,35.292235815955266
36954,46.42142004106596
36955,39.48977559272465
36956,34.38934483282087
36957,57.066233890612736
36958,45.45557015412861
36959,25.629957250934748
36960,27.13751832693914
36961,29.72807725294133
36962,30.480657021159185
36975,46.67940757310362
36976,34.315468789786294
36977,28.279611870016527
36978,39.05836784577407
37010,48.988443608255885
37011,40.011213989994104
37012,50.96016799982694
37013,54.47163662405829
37014,60.643176383828646
37015,60.13645264931197
37016,57.12054879897679
37017,61.40475686836613
37018,55.69118628395236
37019,63.451141545792986
37020,58.78727217431307
37021,64.60822159804074
37022,24.09155900632421
37023,29.66779808681078
37024,27.430510764846176
37025,30.27709466050673
37026,24.650777703699372
37027,36.35171361078748
37028,54.57722987238823
37029,34.951406321500826
37030,34.304667613014566
37031,28.991692483638104
37032,33.43586007209557
37033,44.54233507536788
37034,38.39692212490599
37035,44.844289281779574
37036,46.77467155532329
37037,54.96726805711684
37038,42.957989285362544
37039,35.9559390026147
37040,46.68570898596701
37041,54.60460462761366
37042,50.27932814149974
37043,49.21345082759287
37044,53.13585492918193
37045,55.7206446335625
37046,39.77874346576069
37047,67.13725471981624
37048,69.72448402097838
37049,7.544035040159945
37050,16.206960290654465
37051,13.120959279640426
37052,17.471490880658383
37053,27.864471395210384
37054,30.725741470127613
37055,42.29332766492479
37056,36.50511210393675
37057,17.067417113896457
37058,15.725990492531666
37059,25.60369214318433
37060,32.70733670185346
37061,36.632302951763776
37074,43.494875121953875
37075,51.86161220243556
37076,48.838478279354014
37077,41.31016431424335
37078,49.55838218600577
37079,56.22156386473918
37080,55.34562616886021
37153,44.913694750136564
37154,49.616601857820314
37155,48.454257982858906
37156,43.92722613384338
37157,6.3754542131444305
37158,14.563396294514767
37159,37.7612456089396
37160,27.567465164704497
37161,26.616652693547405
37249,30.63132765605189
37250,13.040850224125139
37251,30.111605135397635
37252,27.848741656619776
37253,17.98312626306384
37254,30.46410099423968
37255,32.71902076555039
37256,33.425099604159406
37257,35.56760865821246
37258,33.151952398237626
37259,37.88369104660561
37260,40.232437315674275
37261,40.63389095378886
37262,5.431118041140143
37263,15.287023035062933
37264,9.536437377424633
37265,11.573577285862687
37266,14.489536884912534
37267,12.947872927303033
37268,41.83186338844164
37269,33.62963085865799
37270,29.443018436315814
37271,44.939005655672055
37272,49.09153769598506
37308,36.60429115249948
37309,51.37670289682111
37310,51.410402214849874
37311,40.629086163547655
37398,61.03945634280137
37399,47.705379048294404
37400,54.010639086767476
37401,27.071379441987236
37430,17.004417810234315
37431,12.310425467029006
37432,9.56519676150201
37433,22.40443127830729
37434,12.643970567378716
37435,11.735339093971032
37436,32.948931116604214
37437,29.556600956520064
37438,33.03175391007331
37439,31.09060364800952
37440,35.780406934794385
37489,23.341083383250968
37490,34.54097974055754
37491,31.560683912086706
37492,29.280574463196324
37493,32.08932357136156
37494,46.550835496185634
37495,34.836982976030995
37555,23.14087670057956
37556,23.480998995293188
37557,39.62310035390631
37558,51.060609493099356
37559,38.982849363799446
37560,39.332353372973884
37561,33.52329413501251
37562,40.90741921343925
37563,45.148304952452975
37564,44.95612709361937
37577,56.18953386097257
37578,8.715601428718093
37579,13.720862786582376
37580,15.063418161382415
37581,15.150259804806513
37653,11.975367942581132
37654,12.05287263213339
37655,17.08607047528487
37656,29.585377263359725
37657,38.38444857464873
37658,28.736307506932157
37659,26.95600588820824
37660,30.658190004858753
37699,19.66382738652164
37700,32.240947588291185
37701,27.955110950383613
37702,30.185787339178432
37703,23.721942209255037
37704,31.327610317325004
37705,33.79815118460015
37706,38.32513714489743
37707,33.69492445730966
37708,36.46311705506421
37709,46.63561802939605
37710,48.54403186815189
37756,39.76624271609425
37757,26.461264038453603
37758,28.45603564529601
37759,42.364956228160516
37760,36.97063978391462
37761,26.380661462997455
37762,8.13169115861154
37767,18.911487732454873
37768,17.143186984047873
37769,22.938953960881353
37770,39.849829757149024
37771,35.245574978210165
37772,47.73216646858676
37773,48.47262396247273
37774,47.957526108658385
37775,49.391081281281984
37776,45.17209794626187
37777,56.59776368759196
37778,33.93157947222469
37816,50.9687905409543
37817,44.65129620735546
37818,29.989424277717355
37819,42.92041595211932
37862,46.135667380804044
37863,47.6672728240544
37864,45.106496201760365
37865,45.765635877219914
37960,54.249886614192754
37961,38.43023289994698
37962,40.69251397744819
37963,61.15280255519113
37964,55.63697100876802
37965,47.0995855686621
37966,51.679579157094196
37967,62.85748037170876
37968,53.24939971496838
37969,15.90296141222829
37970,14.599092118321225
37971,8.688987288897138
37994,28.696141080025356
37995,20.586459773315543
37996,13.281032499847319
37997,27.677963641101947
37998,24.86815794896466
38021,29.924797268088902
38022,30.544003960591372
38023,28.09008315501157
38024,34.07173227546344
38025,29.916974828339242
38026,45.22884078407926
38027,47.81777670295001
38028,48.58247305156369
38029,5.039619388928811
38030,4.595737852341375
38109,4.43485796891702
38110,4.335105114105938
38111,38.854989664713464
38112,46.394228788933304
38170,46.857563178526156
38171,41.886165488224094
38172,57.57159487595385
38173,42.49655893852147
38174,53.640753990212836
38175,44.021646972817074
38176,36.53934596138628
38177,8.317292949154474
38178,21.036448252573916
38179,8.613128115779531
38180,16.9624564065081
38181,18.506990424348164
38197,16.374867945606212
38198,33.623132367919794
38199,31.301538220261275
38200,32.3421961310538
38201,32.713189614276416
38202,31.632916285083944
38203,41.51098538325048
38204,54.82234301451179
38205,37.05642281623481
38206,37.53432721370079
38207,54.397025142437414
38208,34.3447172024041
38209,45.86732891886443
38210,39.67557817879642
38211,61.19090752467259
38212,70.21426772506639
38213,45.900558288472915
38214,46.78571099344827
38215,55.39217333059579
38216,2.6330305030872276
38217,3.1842158681632724
38218,5.538202527946803
38239,7.417254220844093
38240,10.688430988511831
38241,9.077155388005746
38242,16.24015270088704
38243,16.15083332415713
38244,17.81844441135178
38295,18.242044791022554
38296,27.299412225541612
38297,41.43586230405451
38298,23.563450808248227
38299,34.438311496058844
38300,33.522068292135614
38301,32.98926253374049
38302,55.82243400284289
38303,32.79528278959042
38304,33.03310364525302
38305,34.57057368458524
38306,37.13884642114701
38307,47.07811932960349
38308,51.172393109762474
38309,56.13761275775819
38310,57.03458944982273
38311,48.540151849241305
38312,52.4332929966786
38313,46.84761699496233
38314,57.94199751405748
38315,54.06283747749751
38316,59.471484264325134
38317,54.529686274107235
38318,8.10976500168116
38319,15.575376590676125
38320,14.921268094795874
38321,22.958070821615017
38322,30.2079790350668
38323,25.44475414127587
38324,26.36309361281676
38325,31.490237692226348
38326,38.80050801725181
38327,27.167161668782143
38328,45.02719928989853
38329,49.09279407977119
38330,63.45324191636346
38435,53.95876177039652
38436,53.19239688539927
38437,40.55403108460213
38438,44.64185893621476
38439,40.37692767658385
38440,56.22056426982935
38441,62.29653889774339
38442,24.65224734221035
38443,17.664971248261978
38444,28.051184423204703
38445,38.73205053473844
38446,15.073316570084096
38447,10.518788065907811
38448,27.165096180975883
38449,19.837739928415587
38450,30.735244202572254
38451,30.236753488520655
38615,26.831318590963104
38616,28.783488457296418
38617,34.86742163841611
38618,56.668143110880344
38619,48.824493881876386
38620,49.983987320260475
38621,41.0231757776236
38622,51.149118931898435
38623,51.69248525276716
38624,61.66748932107769
38625,53.82652721420335
38626,59.79015127247636
38627,57.998411789516396
38628,62.89739489756175
38629,1.9511900070992492
38630,3.0436199084011286
38631,2.938453193404292
38632,5.654165140407426
38633,6.072485724841059
38634,9.016696722884985
38786,12.094899196429546
38787,19.893774195607477
38788,13.697804950479933
38789,15.331369227889079
38790,18.438594683099875
38853,19.264239570180358
38854,67.73997221387326
38855,66.35151146861318
38856,62.43804510253608
38857,64.35172132431882
38858,67.47505327041571
38859,64.87872646987523
38860,64.77315419291514
38861,60.48624834355003
38862,69.2588482801224
38863,23.820124824936013
38864,26.9414877916198
38869,27.95387476863581
38870,39.30669620177905
38871,34.74130172499905
38872,54.97681844748635
38916,33.35845653937504
38917,36.98899855485436
38918,38.62045267219946
38919,42.47012458857272
38920,34.030896390133144
38921,3.0176917615976784
38922,3.3776368503241545
38923,7.707110490776306
38924,7.66261158507532
38925,19.578039287234258
38926,18.761455308548875
38927,9.75610333550788
38936,12.109826766167933
38937,19.88300896047624
38938,32.783259651157735
38939,46.090702447629035
38969,42.182592334445914
38970,36.070078048225405
38971,31.689020311479783
38972,39.37192580213424
38973,4.022870172916446
38974,7.779468667336182
38975,3.6344725382500935
38976,16.642056947189023
38977,15.728721856376849
38990,13.529627157423105
38991,27.098193255628296
38992,12.591168785605642
38993,19.558429527361778
38994,36.19048554803542
39004,42.1725525201789
39005,32.90621155274223
39006,25.95366717201841
39007,23.37574506559558
39008,31.131352177819803
39009,38.92283797707983
39010,18.54179173366955
39011,35.12819493866047
39012,39.35912516138014
39013,19.605254859937887
39014,43.58111207710661
39015,50.7090444404846
39040,61.4352750305519
39041,54.56266494282347
39042,9.337382543413543
39043,15.915984698527385
39089,15.967793790322848
39090,15.214685077417432
39091,37.99502394587071
39092,39.284238531242366
39222,40.696688887871744
39223,42.5726852153534
39224,39.10393424771487
39225,39.28609047416844
39226,35.752799513982644
39227,54.289857432149226
39228,32.665552738316435
39229,32.91459713904534
39230,43.717203126216944
39231,34.90419809381228
39232,39.556508847067185
39233,37.775429729590385
39252,38.30189011017389
39253,27.965521175503913
39254,30.03211903442509
39255,33.58162472967441
39256,30.414251118201143
39257,44.67386328197785
39281,37.96749039000958
39282,52.27241299112986
39283,60.83184771613065
39284,23.825838555241383
39285,28.495790755687228
39313,30.887734463360108
39314,29.052281239520713
39315,31.333799668328755
39316,32.405980983568426
39338,31.447150152130302
39339,36.36371753246345
39340,30.41362799567585
39341,15.055751775330984
39342,15.611563508493488
39343,30.208435491125094
39344,29.79301993741086
39345,33.227218335516824
39346,41.64961157470147
39347,23.40603739634465
39348,26.803202492180844
39349,29.587412323581322
39408,34.043533565926374
39409,41.1093589748123
39410,39.2652742818139
39411,39.57771365793879
39412,43.73195824787462
39413,41.91257144973374
39414,45.76448426384664
39415,39.54067031202757
39416,39.07168138266066
39417,19.562067728703756
39418,12.521518011253807
39423,16.146640841935934
39424,17.063634292811912
39425,56.39827991219539
39426,37.86067515919557
39427,53.58602475702891
39428,46.36395093672851
39429,54.03581086342915
39430,60.87248928559482
39431,55.15706481659447
39436,53.69314915834545
39437,55.67031738671092
39438,62.57772516758114
39439,53.67042642057339
39440,53.90760240335138
39441,16.6532970816376
39442,23.183315953530823
39443,31.093409358327598
39444,17.364791623339997
39445,25.896933906620585
39474,30.912884039883714
39475,28.020576518947763
39476,26.99436201725151
39477,35.54784227658126
39478,32.070469719271344
39479,44.82562251057046
39480,37.09024311393663
39481,2.631679442521616
39482,7.661628346780851
39483,9.425334905098062
39484,4.9241989152173975
39485,16.124587932503868
39486,13.944276350454048
39487,19.385995221219883
39488,17.178381777857037
39489,19.390058575340845
39522,42.33255332340158
39523,25.2013817439469
39524,22.00023280130977
39525,22.15738279299949
39537,19.4906097326236
39538,11.848504995407433
39539,24.59528638167249
39540,33.43664903084934
39541,32.866278771195695
39542,30.225346635736532
39543,31.358518775622017
39544,41.80883038452498
39557,31.233797295190374
39558,42.437281821785824
39559,38.92935669273878
39560,11.93482479636623
39561,26.384138804427714
39562,29.365950852142205
39563,29.88083840059093
39564,27.64973624629357
39565,29.290585088132282
39598,37.14570695008587
39599,34.66849449980016
39600,45.40435270018923
39601,47.9037097346085
39634,31.32881754348587
39635,36.62419531877607
39636,38.055498704875674
39637,38.12455928599858
39638,34.7505093707367
39639,27.65962279272819
39640,18.507315710755073
39641,30.12261281197825
39642,26.46052587962521
39643,25.868270756867947
39644,6.581524742346922
39645,7.909540575268474
39708,11.954813864944336
39709,10.431255292198879
39710,19.080405783546546
39711,10.929260587184547
39724,17.439939387052014
39725,18.277097600174624
39726,18.889005957663564
39727,39.136506913381375
39728,27.387022924594504
39729,21.46946152065387
39730,14.654315547439142
39731,27.643586752790505
39732,11.126135274621511
39773,26.265588933595456
39774,39.349096757855435
39775,17.902267900523384
39776,32.65664669001791
39777,35.34208922001235
39778,34.75411455233789
39779,39.587756290126
39780,31.708967589622986
39781,31.622082917715183
39782,50.44598964367957
39783,38.000054293526176
39784,44.435597132789525
39785,39.62914784981419
39786,32.04867041732468
39787,32.252953744338214
39788,34.233307456939535
39789,41.27614538530109
39790,51.6372729140411
39803,42.12792084013999
39804,38.02952034644786
39805,34.78815672529924
39806,38.71806680147781
39807,45.06331514169767
39808,57.98080730990356
39809,49.06661713437022
39810,49.71478948587785
39811,14.269740539688932
39812,10.606572514175422
39813,17.7711432520855
39814,19.062847703941827
39815,13.922719331012988
39816,16.638159617179493
39817,28.758371391264728
39818,33.21967061272371
39819,33.17890774114685
39860,26.432488585724425
39861,12.867794752808777
39862,16.10327162739086
39863,19.10337485588735
39864,35.5521743419856
39865,14.782341605157335
39894,19.059604345058272
39895,33.294185933335996
39896,40.38936711893883
39897,16.6903115358414
39936,27.53507967451804
39937,21.481289959034388
39938,19.373749938828723
39939,19.264481388143096
39940,34.34225910623341
39941,30.921725577197538
39942,27.18975954510716
39943,33.81443232505209
39944,30.23232087053188
39945,39.33472038331906
39946,41.521016946075804
39947,44.08994537190323
39960,40.5166414441541
39961,60.23794669587059
39962,57.172190565186746
39963,40.560706902089194
39964,45.67927907070245
40034,58.668209322789
40035,49.467384940694565
40036,60.86881553624191
40037,49.79123614081424
40038,63.52467314353022
40095,59.53929774186493
40096,7.514347686287466
40097,9.399797213356257
40098,12.223293871003502
40099,15.174832023052492
40100,11.840298150441729
40101,26.751105366147076
40131,20.287403971227626
40132,32.32867787966272
40133,25.972197778356485
40134,36.35949354798582
40135,57.17218918594074
40136,41.30759217017013
40137,49.60497112444589
40138,51.42401579721665
40206,58.51081363273592
40207,60.42956675401618
40208,52.748771924913406
40209,52.74019289824912
40210,58.33777982506898
40228,57.543848404338554
40229,58.010608972180464
40230,59.72001761434776
40231,59.785980295951525
40232,55.359519238931995
40233,62.473519809539326
40234,30.97856136457064
40235,26.316200186534136
40236,27.994545998811635
40237,34.189295703324426
40238,28.556879496670263
40239,36.24282196335622
40252,44.85390980535438
40253,32.95690066280964
40254,26.906155890400775
40255,32.56554880826241
40256,29.78620986031739
40257,43.28819440142933
40327,43.23914848611838
40328,43.74423202380727
40329,46.17847962300123
40330,39.11286873259309
40331,30.271485122864064
40332,44.654284903872636
40333,50.97615847972942
40334,34.94232992194525
40335,26.61883258178574
40336,33.760876306903064
40337,34.16297732692555
40338,28.20550712147386
40394,48.24023241028122
40395,49.18782410425634
40396,47.63240340090665
40397,59.31085586900727
40414,62.27664475809811
40415,59.52078424753752
40416,44.02183567419849
40417,28.31070490695565
40418,44.57766830169886
40419,33.73979549065531
40420,45.30356201483653
40421,44.084983881008796
40422,43.63290504148316
40423,40.20870449470664
40466,63.75189764780681
40467,37.66822649800623
40468,34.60975096479136
40469,44.86670722948313
40470,39.78415207538212
40471,27.347017679008776
40472,34.13551307320845
40473,27.401020092495173
40474,30.679276415350575
40475,27.51662845435467
40476,44.73322394266964
40481,31.864827689787823
40482,42.99297420952863
40483,53.46167411331767
40484,41.74055997499737
40485,48.64704754324651
40486,48.973120662618946
40487,44.720405344176825
40488,46.93754889971956
40489,43.18915041885671
40490,49.69487300202571
40491,27.488182585361898
40492,34.39035076462205
40493,28.58115320248355
40494,29.940234804825323
40495,28.148816691952007
40496,30.003103940257613
40497,31.69221814022946
40556,31.498030210413052
40557,39.65112985113065
40558,30.648732243961568
40559,25.20112819720835
40560,32.147050854629875
40561,28.34820472880854
40562,20.671937223415455
40563,27.573612781059705
40564,14.90354476563199
40565,28.420008833493274
40566,31.541965539910894
40567,27.942469562733994
40613,27.71824946239259
40614,30.45560752214274
40615,13.039350132854413
40616,31.618986122853013
40629,43.72375343135456
40630,26.449579743249338
40631,32.723333563756675
40632,51.69076607355099
40633,48.889643407360396
40634,20.102660720898122
40635,42.68490405449619
40636,44.10826981875435
40637,35.222839370207225
40638,39.773991848779616
40639,49.653473843521105
40740,41.199337203928586
40741,54.61392314435702
40742,60.94431844708616
40743,68.80583757240852
40744,56.787905559218515
40745,41.821428310449434
40746,12.504972173669223
40747,11.770491420187522
40748,13.707550943829396
40749,19.581452047912833
40766,32.267320662247755
40767,27.63282978696406
40768,18.303592952048106
40769,29.54704132380862
40770,26.998098964170428
40771,31.043105806242473
40772,29.337970026294133
40773,36.37563181189025
40774,46.54127062183087
40775,37.82608228057273
40776,44.6388378555096
40777,34.55094755308788
40778,9.082097916495774
40779,10.022308003121944
40780,11.694265660625017
40781,13.58473150124969
40837,18.54091334457576
40838,17.682042374778206
40839,22.830467557600596
40840,20.445279334427102
40841,25.952033715681793
40863,25.282928803128538
40864,25.619313891584333
40865,27.497167920909657
40866,34.83582894360333
40891,27.895468837414615
40892,20.006680166276315
40893,22.920320605255046
40894,18.87082637063447
40903,33.735607829448824
40904,28.597373419330854
40905,3.2987525104050173
40906,3.7387583293808047
40925,4.083114799681876
40926,9.660167607201569
40927,27.104443324943666
40928,33.2754156507619
40963,39.900976178162225
40964,33.402336718202925
40965,23.85424133846242
40966,38.552911880117755
40967,41.8715699734418
40968,47.90967762585649
40969,59.88005590240374
40970,50.02961069336519
40971,44.1802603566264
40972,52.01424814845563
40973,52.03843218894154
40974,48.61830359695673
41003,47.6075763436156
41004,50.54996251719407
41005,30.662276381115415
41006,27.158063306740225
41079,19.80993897816157
41080,23.148809484314356
41081,31.92573943201735
41082,34.15624497797523
41083,33.584736196062295
41084,33.31301390025336
41101,35.528584249796566
41102,33.587879880071284
41103,26.39311424554256
41104,42.33659701208581
41105,43.686969917310456
41106,35.03036512751634
41107,34.643018983617765
41108,44.21853906010503
41109,45.264421737584655
41110,51.3469552607604
41111,44.748493559913065
41112,40.537678414466484
41129,57.44753023642263
41130,56.26158087567997
41131,57.59113828477025
41132,56.10871134060349
41133,13.4216130644725
41134,30.100555347737274
41135,28.767558172332542
41136,29.680816907179185
41137,30.86068681841401
41138,28.3724612750844
41139,54.72286892674537
41140,45.96867354972423
41141,37.08427726048676
41142,34.7560017050182
41143,49.134214145475475
41144,43.51168504507797
41145,43.75668840033961
41146,38.40491184341659
41147,41.67245051068925
41207,45.31159849459663
41208,43.96105424700826
41209,39.149480228367544
41210,33.765767584642276
41211,17.286340787055472
41212,16.182188773794334
41236,30.76955217471331
41237,30.389258313210576
41238,30.34285890080855
41239,35.41597004517201
41268,27.45301747387957
41269,38.35195538220858
41270,27.29370790419015
41271,45.09483744607891
41272,33.99262730688649
41339,47.99295756667649
41340,20.476756350997935
41341,7.192442534191676
41342,21.842108171078742
41377,30.784329549462285
41378,29.98388139873095
41379,17.130349051638902
41380,12.836343581006771
41381,37.27721229988547
41382,39.83150547113502
41383,40.08001577595666
41384,34.386066881077625
41385,34.155324978634674
41386,9.65633405450126
41387,9.79093814998043
41388,13.772129182816222
41401,19.4340052465859
41402,33.731768078271315
41403,27.770735704897426
41404,32.21221129303438
41405,29.259278068468998
41406,31.591404935526153
41407,34.7363777043436
41446,25.294698978536882
41447,24.653250324295943
41448,38.45083204075016
41449,56.12693503087586
41450,40.562959255532014
41451,37.17534326452651
41452,31.831600579665864
41453,25.991101971048572
41454,29.78858957514128
41455,29.139904569210493
41456,35.22907122892813
41457,38.37178642532301
41484,27.004062260464885
41485,33.758664333321896
41486,41.98679396427799
41487,51.899664362324096
41488,35.41639157017189
41493,43.29552126648442
41494,10.704534552234536
41495,21.24691231463828
41496,17.742158132861125
41497,30.470263660301658
41498,42.02508676793011
41499,34.64217549291247
41500,43.18506333210558
41501,27.129918928575808
41506,32.0795026441717
41507,29.51835031030136
41508,44.612879217246665
41509,36.394188364105645
41510,32.79276040364332
41511,49.17723809160897
41512,31.960031181493385
41513,58.54801272618552
41514,36.20562589129785
41515,35.620561836091426
41516,39.37872987744085
41517,40.15295286044708
41518,43.903843622791975
41519,45.128994686898416
41520,50.916773792223715
41521,23.905409659548475
41530,22.35104242241654
41531,34.37463215306906
41532,38.07110229640678
41533,33.28217871656217
41534,42.06822827133882
41535,39.48015885830922
41536,40.61845502742208
41537,38.40069343092057
41538,39.59943112671248
41539,40.371697084571196
41540,41.77096780093886
41541,27.88828815095758
41559,20.602252108561363
41560,32.44831480654057
41561,32.50561321431854
41562,30.645219688881703
41563,38.27068908885572
41564,39.042633319422556
41565,61.12016245661202
41566,58.975770878571005
41567,23.11516030264215
41568,26.52633356675098
41569,31.55200065110335
41570,49.10593741305202
41579,32.67880011228316
41580,45.61629651096718
41581,42.55298200796464
41582,41.02917392513116
41595,39.50622655053633
41596,25.239379684000866
41597,56.103250349521915
41598,41.03718175034216
41599,48.32714245008761
41600,50.24999847689959
41601,55.2709574860185
41602,33.07253334900987
41603,14.91447385446401
41604,13.226764867888175
41605,19.533453938496233
41606,11.03406704998693
41652,16.869681192423105
41653,19.059259804928157
41654,14.136299389509531
41655,22.54968313904134
41807,22.67616257015416
41808,27.19419798261464
41809,28.160540455560056
41810,38.85909389154
41811,3.0145062509561042
41812,7.368109428931741
41813,10.377703176878425
41814,13.323884669425494
41815,10.936666743404912
41816,17.590711311697742
41817,8.537531750158637
41818,22.437617953228354
41856,15.452972281796244
41857,25.989404846911906
41858,28.581363794300515
41859,32.025491726656114
41860,32.31463880514261
41861,36.33688343782318
41862,30.654164275460534
41863,52.23563202060735
41864,22.83405049950488
41865,21.73776957077439
41866,17.428114301972343
41867,20.981524857614307
41868,31.062692981862813
41869,45.298948295288206
41870,28.560530990605926
41871,40.20322567671686
41872,41.865682499058906
41901,55.60719339686359
41902,52.190321974830695
41903,40.430558250425534
41904,23.386034173213222
41905,25.908338644868603
41906,31.3298367602215
41907,26.80004119479986
41908,38.105819047710746
41909,32.74162744354744
41910,27.095380183765045
41911,36.44728216884438
41912,32.49467705634999
41929,35.525301390339536
41930,35.93559659821631
41931,28.57243937967473
41932,21.758911478355518
41933,18.914867696698654
41934,23.11498593767341
41935,30.33804232534236
41936,40.49517636316481
41937,31.884782381385754
41938,27.787132821054648
41939,25.259998077777247
41940,32.26555956786443
41941,40.51305867928117
41942,31.39484378342259
41943,1.867717251595932
41944,5.333566163793073
41972,3.4126057744235365
41973,8.051418750114689
41974,6.975768826785768
41975,27.773169665090652
41976,52.82684391377136
41977,44.76170224960266
41978,42.78185763539885
42010,35.66572509840757
42011,43.23214219833097
42012,48.547725559602
42013,32.596032487742946
42014,26.478396178632263
42015,32.79650916129332
42016,31.55377429744132
42017,35.79542662746091
42018,36.7625076286856
42019,34.36517038138906
42020,40.84853826754065
42021,47.46031887079455
42022,45.37502320312849
42023,31.622592585403513
42024,34.97466919887106
42025,34.55757279500891
42026,45.407489162320495
42027,51.078360459288405
42028,39.5893638969208
42029,43.61544383589842
42036,52.21661957368485
42037,50.826425453541354
42038,47.6647822110916
42039,45.63598723204288
42040,56.98414125697272
42121,53.45434411958128
42122,46.99754193972942
42123,27.675217043629498
42124,38.158359357396535
42125,36.82202495524696
42126,40.910843784192096
42127,59.79794300913138
42128,36.96875949634452
42129,14.557261504477266
42130,32.54472031927071
42131,41.401478178230946
42132,45.414149674615444
42133,33.94688422482889
42134,37.61617231565463
42135,47.18420745497212
42136,38.65723556594969
42137,35.9922333247945
42138,47.12756898689701
42139,52.886960135038294
42140,17.051838789925835
42141,8.506245114727422
42142,11.739818622663497
42143,23.010096275530348
42144,12.57229522429049
42181,18.76036277220899
42182,25.6692215130308
42183,34.92879699648993
42184,18.31251888535536
42404,26.763954803839784
42405,50.790653025355574
42406,33.67634146105295
42407,32.35247000066127
42408,40.02038480692363
42409,34.715270647359844
42410,51.97322338283538
42411,45.3780067752717
42412,34.85767160768538
42413,43.52095938382396
42438,36.01184386733136
42439,27.51604980985568
42440,29.370573902626013
42441,32.7486411233495
42442,36.18646740563353
42443,39.59703865410556
42444,42.935947794688396
42445,17.763106104851506
42446,12.325381196635483
42447,17.08568276539648
42448,8.926725558013882
42615,21.12424052627799
42616,48.97882776236811
42617,34.96807183735391
42618,40.27253597988129
42619,30.340749701231235
42620,30.368010155602555
42621,31.269414288909545
42622,44.766789642151174
42623,44.5561157921298
42624,39.159694335384884
42625,38.69126122124853
42626,55.21082266361643
42639,45.83676041659232
42640,59.243404677382
42641,8.306238938192527
42642,12.844032900830939
42643,10.230777331452327
42711,14.766111250266546
42712,21.19206756718768
42713,30.30581446090482
42714,30.366758718922487
42715,32.85881991675524
42716,30.2562892918658
42717,40.75552190653606
42718,41.35123762897202
42719,39.37563690938469
42720,70.53494689740477
42721,48.00225874864656
42722,56.47943978994681
42749,63.34076759422168
42750,50.68505735924126
42751,64.59508536460842
42752,71.29923427320121
42778,65.84800959575004
42779,66.30098789254303
42780,34.912557205333506
42781,31.463951743958575
42782,27.56306628193083
42870,31.29733659962024
42871,42.3052336748588
42872,10.084020824643536
42873,11.87679079307773
42874,10.07378645839788
42875,10.483139764706785
42876,8.251416947013357
42877,13.955266110873719
42878,22.96670231843909
42879,16.772492479739245
42880,12.417568908859954
42881,7.153350388521335
42977,5.627743988083225
42978,17.016217448251854
42979,10.327653982293144
42980,14.910757630214405
42981,25.994225500748435
42982,11.774868959479045
42983,34.059781090015264
42984,40.20768659236518
42985,39.421902308887255
42986,35.14224585251115
42987,28.992190065755327
42988,10.73769409364461
42994,23.028354769816527
42995,32.941428812447384
42996,33.053844546677695
42997,43.995233335831415
42998,27.710305476343773
42999,47.80704653417921
43000,29.5357914503155
43001,32.866815421593614
43002,39.55174969894522
43003,30.835070885305427
43004,45.37248838662873
43005,20.411431551557765
43018,12.353838614162585
43019,14.680214626999886
43020,20.703152112025954
43021,14.683484738742655
43038,11.961959031636662
43039,14.777034723864718
43040,17.066207081121917
43041,9.511502084569212
43042,16.92548488743375
43043,23.06436996256041
43044,19.425563374771087
43045,16.293086065828813
43046,27.443351385871754
43047,37.20932887556533
43048,28.565818476028284
43049,46.94638575635304
43050,34.192813996193046
43051,58.67429475433063
43052,54.26431489456509
43053,53.25100761860725
43058,47.15671778509591
43059,56.080969750967036
43060,62.13297958399462
43061,47.62467322786799
43062,49.50085645449742
43063,49.17565749844499
43064,61.557436537775104
43065,28.881046090998776
43066,31.092739741748087
43067,17.748721217224297
43068,33.54742025806742
43069,34.91350715551978
43120,27.26203783429649
43121,30.834001191612735
43122,33.51954932892723
43123,59.30164589182172
43124,59.09455951909368
43125,53.18600444791538
43126,41.05606861673938
43127,29.154171104959914
43128,27.424330174453008
43129,34.067812627021546
43130,26.253803399196553
43131,36.42569771664507
43132,39.63840184975129
43133,36.72337969426083
43134,34.385581089800034
43135,40.76752903620239
43145,32.62669124110166
43146,37.40689427899338
43147,35.00503009411851
43148,15.882811590297539
43149,8.423092519208112
43150,19.377895488601478
43173,16.262361362517783
43174,27.181338405736316
43175,38.05335529220464
43176,41.824063168064434
43203,31.408880817671882
43204,30.97055171727887
43205,42.71108748255347
43206,40.902449448967985
43223,41.8676407180903
43224,35.33932755719383
43225,43.49352265695163
43226,43.555874592233785
43227,44.89692153413519
43228,36.260562647097736
43229,47.81009954918595
43230,33.612259935840335
43231,40.60594104954989
43232,16.93048575683776
43233,19.442113522994386
43234,34.379094732486344
43279,27.23355646285321
43280,30.042872626856347
43281,35.21336359108516
43282,38.68450747355898
43283,31.124019401763032
43335,45.16197982441062
43336,45.04861295184385
43337,44.83126908694325
43338,32.104405769513036
43339,9.127276567720374
43340,17.070071163214642
43341,27.240961994525183
43342,35.200174050945265
43343,56.49936887099351
43344,39.081733170531194
43397,31.576015412100354
43398,33.91823576222003
43399,46.4510098108074
43400,59.606639140311984
43401,36.440041432878004
43402,31.069218751297647
43403,53.476670929791126
43404,49.34457462498069
43405,40.682313245305416
43406,46.05891143697471
43419,10.022414847320459
43420,25.42344814774043
43421,30.537110387306452
43422,30.61906636135784
43423,59.580055506513645
43424,57.25011377919069
43425,58.37813458607155
43426,44.55663374146957
43427,51.776398128627925
43428,59.18220734843336
43429,60.678382683169076
43430,15.582442286393277
43457,25.40281778230413
43458,26.468071471229607
43459,27.320592370270088
43460,32.3766334476686
43461,47.7736238941084
43462,36.02200197639945
43463,48.30526993926483
43464,56.128485731523796
43465,54.281279421049156
43466,43.93664590435507
43467,58.390835420669376
43468,46.2193635571468
43506,23.439862251594658
43507,11.548818507775572
43508,18.654835871242028
43509,28.75893812148229
43510,31.092335219581752
43511,30.27116292608516
43512,33.45953169742975
43513,32.97307875086727
43514,36.820330639976895
43515,34.918616857117186
43516,44.0279955991728
43521,41.8003983928699
43522,28.361837169534727
43523,31.44637282487109
43524,33.27028625274624
43532,47.755726883286705
43533,2.990832913225566
43534,3.163764492053824
43535,3.192681747277659
43536,3.7297994143870286
43537,5.831424810210988
43538,10.738187200831758
43539,7.14010981454421
43540,17.420341342601144
43541,8.756979999824601
43542,15.936862901615054
43543,27.74081934736557
43616,39.732184041281
43617,22.989799615595423
43618,30.250178743690523
43619,38.04227831126608
43620,33.509144801507084
43621,9.679193698629478
43622,16.762085225295873
43623,15.906587098192684
43624,19.697487946843726
43625,26.785601012062703
43626,30.178358121436396
43627,28.832949477450615
43776,26.433316184307913
43777,36.20410699128632
43778,34.15297628865347
43779,43.49983010560703
43857,25.999194618420464
43858,27.83012472864
43859,31.28932880288659
43860,58.72008657453726
43879,29.206666374376894
43880,38.958307345624334
43881,55.174149934904854
43882,51.983049473085096
43883,47.41290177198912
43884,53.25517747469362
43885,48.959882699412404
43886,38.10382640798182
43958,47.31203873887853
43959,3.3863685312089697
43960,13.519816638593923
43961,14.698173273013172
43962,18.682789989515786
43963,13.73819519194663
43964,15.889383236385637
43965,18.02122103047165
43966,36.874080716403164
43967,27.26954950168328
43968,30.526475670366487
43969,29.879223874513496
43970,31.117330149453345
43971,10.654524491764201
43972,10.390702997616076
43973,9.565366380625472
43974,12.562102513916724
43987,31.993940003249897
43988,15.002159605239674
43989,30.011416294141455
43990,18.659552918838926
43991,35.188366607079594
43992,30.66231177801009
43993,38.7594880903424
43994,28.454460630990642
43995,36.19565470860357
43996,34.50350291604825
43997,51.060042290792516
43998,46.53727454954639
43999,51.726560068869176
44000,14.63297836535924
44001,9.499183377130423
44002,11.704347668798238
44074,15.874438004423766
44075,15.15214669079358
44076,8.885691100114146
44077,8.22496609105572
44078,9.849989720491012
44079,8.941120099042909
44080,15.770828190468354
44081,16.34505857526581
44082,17.581972977955086
44083,23.61169484895981
44096,23.92223255423415
44097,25.453390276818922
44098,27.80248019908561
44099,29.030662649248285
44125,27.523690768862576
44126,28.952566294557908
44127,35.59725757614258
44128,34.02784439724189
44129,38.111116916208566
44130,35.202047764682064
44131,3.7047522817419076
44132,5.700993239527537
44133,14.02465102678149
44134,14.037679440698373
44135,13.579599747786176
44136,14.14372559495635
44188,14.03506938846098
44189,30.035819939145718
44190,30.548518359360322
44191,34.299602735869016
44192,33.89911328565148
44193,24.30554532734051
44194,21.782213442734854
44195,44.28796120253269
44196,43.43641751169697
44197,18.029223788152116
44198,42.82633427523718
44199,55.28122194823971
44200,18.338456392102977
44201,16.94936011401326
44202,20.89444593229166
44203,26.982791208216046
44262,50.36284566486016
44263,46.272152789232756
44264,48.33076860597532
44265,56.710771783775236
44266,52.283058700121146
44267,22.54577372937382
44268,11.369724746522733
44269,20.80054326898696
44270,29.571520265751776
44271,33.06855983786403
44272,34.29888719783509
44273,52.64823011610729
44274,44.53341229135605
44275,36.07852186947272
44276,51.64550216680236
44277,47.754117299475254
44278,50.49704171808214
44279,58.80365508100939
44280,51.5182539698124
44281,16.88019592237142
44282,23.013506086411788
44283,20.443417608378738
44284,32.34913620600066
44285,17.696172601598274
44286,24.801676723100556
44287,40.18933111675602
44288,38.877763386548246
44289,37.41652787507445
44306,35.356862425776995
44307,33.502040643435876
44308,12.160858898264372
44309,17.42990307573246
44310,15.665283095489416
44311,22.772518567643413
44312,9.18146861212678
44313,38.86346864821247
44314,33.734036219438664
44315,37.06496045895854
44316,34.44697559324842
44317,27.467242559866733
44318,32.88600004227353
44319,33.61697938577727
44332,23.909441755388112
44333,13.47589784482007
44334,32.716834670078555
44335,35.59272745878568
44336,35.74586409473812
44337,2.830302163560312
44338,3.452457716899207
44339,8.246483493855862
44340,12.016784725121513
44424,13.53191659359672
44425,18.051049636317476
44426,21.364567036962168
44427,17.507385460856668
44428,26.541398403411623
44429,20.53687040677753
44443,27.451571853340152
44444,20.118018520869608
44445,26.3656324914363
44446,13.202710766468014
44458,41.04906357251034
44459,30.894574132992844
44460,39.6001604955298
44461,41.541466894312
44474,45.354974619407585
44475,41.623235704493254
44476,35.98201866310676
44477,9.825225265752907
44478,31.445117136245635
44479,18.026974728287815
44504,30.692693861800514
44505,31.15500175167357
44506,18.580650561738178
44507,23.217330480283778
44508,26.544063328436547
44509,18.219065249101806
44510,23.49701576112026
44511,31.47468644203779
44516,25.91617127031057
44517,31.94713421458237
44518,37.9282304017811
44519,38.95528873298913
44582,27.774023260433836
44583,17.371192144441327
44584,26.067827634426898
44585,23.187399267880725
44586,32.404498176374865
44640,33.775514769031375
44641,34.08632140882634
44642,37.1973958474647
44643,31.319314015100083
44644,27.70643526180862
44645,47.62475775541558
44646,40.40114677769066
44647,22.722246424174454
44648,27.068648175385277
44649,33.02272684874289
44650,34.41141210323599
44651,38.986003382673104
44669,15.936779574753285
44670,19.389692584373872
44671,15.501262830892692
44672,22.104491103543214
44692,3.4498427616558898
44693,3.6889566170335315
44694,4.352010582182926
44695,9.117705345270126
44696,10.12990809956292
44697,39.223151233826876
44698,28.82160502088226
44699,47.63676053837901
44700,46.066308388545316
44728,32.75738945633225
44729,35.00983129768895
44730,39.98521294066108
44731,36.216199418438705
44732,45.2956140239135
44733,35.88366436873734
44734,44.721286087578015
44837,44.289959953504315
44838,18.748530622485298
44839,27.53465409351807
44840,25.62312872754574
44841,24.54069598945355
44842,33.99227562386436
44843,31.435734419824907
44844,48.39766599252894
44845,46.01745570984831
44846,38.48747148286088
44847,50.59912503998519
44848,44.15126063355941
44849,35.60278513182848
44850,31.883708938043668
44851,47.25059939086404
44852,40.63375801985396
44853,17.304049870281094
44854,18.757947522387923
44855,19.774580542992528
44856,26.19098302172698
44857,23.866693257528283
44858,24.478299850520067
44859,31.210036170531602
44860,15.71595350936711
44861,28.517861537115103
44862,31.744067584723656
44863,33.43569791007066
44864,35.004702311673086
44885,48.578510097258686
44886,55.702325870150176
44887,57.00266922780449
44888,45.70935923956049
44897,25.501256736417456
44898,35.2453544348002
44899,39.0374196003167
44900,34.67184530436656
44901,27.36000840820442
44902,30.800973114277717
45041,26.977607975974855
45042,31.496549286014027
45043,31.54428734569231
45044,42.23386926541462
45045,46.13983612685359
45046,33.10840629713259
45047,46.49715043523367
45048,39.22495160174232
45049,30.29588736443678
45070,30.31483022091517
45071,47.59034113055002
45072,47.411972880986234
45073,64.06396102386793
45074,48.28145946899428
45075,51.39737398405921
45076,48.481831550479406
45077,50.43176925747239
45078,36.68944182084279
45079,30.725093657175876
45080,33.035095289162996
45081,33.596497374155156
45082,42.24036142920687
45083,38.348481367641426
45084,56.92663234727164
45085,48.60775961399844
45086,58.09677525258605
45087,50.64440965258392
45093,32.03665898841315
45094,47.69117082155468
45095,33.04772720609872
45096,38.31165136542995
45097,31.606907994373305
45098,32.77639728709384
45099,34.998512582673484
45100,11.62734763157761
45101,11.18898475586258
45102,16.610666885634867
45103,23.932073013672557
45104,33.45546943960708
45105,33.30439397472039
45106,32.65007438556747
45107,46.16621780035171
45108,45.17212870108647
45140,27.459392618742235
45141,26.553018918028958
45142,36.97084629735171
45143,4.1196976414870425
45144,8.614115844259159
45145,15.323232585477918
45146,16.940311595932755
45147,27.846718763816533
45148,26.511741828395635
45149,34.68007126145091
45150,31.409844076911934
45151,30.23185470498547
45176,37.42119718479823
45177,28.846359669405626
45178,39.898714036794644
45179,43.19719827914325
45180,39.69744349990111
45181,13.465968390925331
45182,18.347850691619122
45183,19.680157408177042
45184,34.61914211568012
45185,44.497217482140485
45186,25.9756402280182
45187,27.25643677683372
45253,32.42588661298899
45254,35.8806531028069
45255,32.47052393712154
45256,47.81674893495021
45283,44.338719263352964
45284,46.16170169337609
45285,44.72651830624717
45286,46.22190441894158
45287,50.5110581095204
45288,45.95862981121033
45289,68.93230185365128
45290,50.74727998188733
45291,52.689339845699195
45292,60.590282089012156
45293,38.37019964157054
45294,42.35328268737906
45354,30.77103452689189
45355,38.47619839429014
45356,54.424328949839044
45357,43.714207271196976
45399,35.92052330671645
45400,38.903853874790165
45401,30.903618922787775
45402,22.751694616656945
45432,33.91385158544788
45433,29.671489945842517
45434,34.56643249102384
45435,13.387861427400095
45476,13.775180221513574
45477,19.38002919697293
45478,29.08830412864641
45479,30.811993119295344
45480,27.049488803833846
45481,37.848927801058515
45482,29.482966923474297
45483,29.979331899959266
45484,58.567172937411094
45500,60.79533106451044
45501,56.50380044694923
45502,59.06904098720967
45503,45.10315277441869
45504,57.32374886268473
45505,58.84796228503398
45506,70.16813183131937
45507,60.463535506612835
45508,69.89013726554869
45509,63.30663846916447
45510,58.740705911187554
45511,2.5028784773719597
45512,17.840265189250623
45513,23.469244622275788
45514,30.1713427065335
45515,33.68136539802619
45556,49.676245779976746
45557,65.32759618710091
45558,40.35321300799637
45559,42.504374653653386
45560,27.1309006951087
45561,13.693884687703733
45562,29.47672918668759
45563,28.710744968836703
45564,47.39560536588384
45565,41.84053813337399
45566,33.67081634811422
45567,36.54467724668215
45568,47.17310522639338
45592,56.31426062001608
45593,32.53712516718043
45594,41.45336753455779
45595,14.685106078577046
45662,17.04439239209411
45663,30.184851737946946
45664,27.592337037185544
45665,42.53086354213384
45666,26.67640996079243
45667,27.34694436413217
45668,32.75665342359327
45669,42.910267178934184
45670,35.42497329929962
45671,53.70755741113375
45672,51.00070280192044
45673,40.39497135213098
45690,55.12709280768747
45691,38.01271592068031
45692,28.406857505379246
45693,52.746361961751205
45694,46.83599106950698
45695,56.42512374348258
45696,56.876539239340275
45697,48.36654532430946
45698,2.2136941286896064
45699,4.770236776236569
45700,7.239368792803256
45701,14.522004900141724
45702,17.270917235262075
45703,18.5718753996393
45704,16.393513255649086
45705,9.187245996455204
45706,19.04037096141769
45707,12.126348123755616
45736,23.917302418495904
45737,34.46139089870262
45738,23.919927384061225
45739,33.63314611532927
45740,37.193723809852095
45741,36.04260455345398
45742,30.852743923721736
45743,61.118436252409374
45744,62.46507781979675
45745,50.3995072586685
45746,46.66383977399255
45747,45.59577978626429
45820,39.739632596369674
45821,38.00668102854994
45822,35.62110364564296
45823,55.834586493747
45824,38.4466749190054
45825,19.71097799386177
45826,32.01502416818102
45827,32.02045047832936
45828,30.99907238944137
45829,43.05691511254275
45830,45.294740332738826
45831,44.99692724375809
45832,51.86503311728416
45833,48.27209617222224
45834,11.198036992450275
45835,14.967846069813447
45836,22.96537378936156
45837,27.95168362505438
45838,29.190831990422375
45839,41.230604752715756
45840,40.92847700586262
45841,46.40736512887354
45842,45.83140115221238
45843,59.12758109323915
45873,38.434511857068244
45874,46.673507778573025
45875,50.71269562651975
45876,47.79579543309225
45877,42.979273895473575
45878,41.51432564452229
45879,26.742712061946005
45880,35.592230177486066
45881,45.23296382586537
45882,43.89764057429787
45883,43.15835965400294
45884,47.63494720554956
45920,40.49497870256937
45921,42.66671647762835
45922,36.49113598944598
45923,39.32929357585327
45924,36.61758985532848
45925,62.93490012659802
45926,34.40184561393561
45927,33.38882575045718
45928,34.27361734984705
45929,45.125170782825776
45930,44.33886436644753
45931,18.19440351466528
45944,30.00150028025133
45945,12.61475802087577
45946,25.043153089385914
45947,31.24638410371897
45948,28.43562525743459
45978,39.42288169967446
45979,34.05678355059736
45980,44.34134156955347
45981,38.497441055123
45982,31.083796145490492
45983,33.995404531004525
45984,17.23788980175251
45985,37.07137311778128
45986,38.67072580214606
45987,39.852639047691696
45988,39.746604329903064
45989,37.44703068937443
46068,15.645121754081503
46069,12.592511124334795
46070,13.509499561313346
46071,21.42845030010784
46072,30.962895260384094
46073,29.08123210897585
46074,31.329024426151413
46075,31.451438108159607
46088,33.005511691337404
46089,34.81018532324334
46090,31.241732107980884
46091,20.685920325784213
46092,26.755837962728396
46093,37.744602085094805
46094,27.24782224225305
46150,32.35811236555456
46151,42.80940727975633
46152,16.27601059020888
46153,32.51954370528639
46154,36.536521230154925
46155,14.498301831815958
46156,15.471391778172013
46157,19.127407334571988
46158,15.661464646842942
46181,9.632614694434574
46182,25.97425960672258
46183,26.636664795367302
46184,37.475401262367626
46216,26.395238443016765
46217,27.756528975616728
46218,30.178308051021414
46219,28.491963564212426
46220,6.1047258361959456
46249,8.140482256557586
46250,11.425096261333854
46251,8.21770481064026
46252,11.544211780984929
46253,10.847797744487716
46254,16.243278592047464
46255,16.480079567032924
46256,20.02694460760687
46257,14.918668178492034
46258,30.56119837100519
46259,31.688365924318813
46260,4.368380391893974
46272,16.192651094189166
46273,9.664599359152483
46274,19.07249873349997
46275,18.716679668493903
46276,29.96513823154796
46277,37.74262851223317
46278,31.418527282169944
46279,35.75762421383727
46280,41.09404369949821
46281,47.57411893025934
46282,44.16584768723975
46283,42.89603468459753
46288,32.78034955073748
46289,41.3350786551283
46290,47.978872789762484
46291,55.38258865919659
46312,39.858602132506405
46313,50.38550915964505
46314,23.823885896835858
46315,34.32364064444807
46316,29.162091534661307
46317,35.19660720985933
46318,42.37062868912083
46319,12.970260622632544
46320,14.953963033574055
46321,23.31723895801356
46322,13.337249715669056
46323,25.781639814964844
46324,15.633794043231948
46325,12.256243710164679
46326,28.228401263636677
46327,32.022560836497185
46340,35.82991262305228
46341,40.141020218439174
46342,28.27047624376447
46343,26.5077173862269
46425,33.55603601246633
46426,37.60809683167033
46427,35.40456766547773
46428,47.94433241314052
46429,41.80444911635784
46437,48.599189639649744
46438,35.956797336609775
46439,41.91267248366747
46440,58.18350122970728
46470,28.66979460010642
46471,34.350328362839896
46472,26.938237627339657
46473,32.36239708333946
46474,32.48528302875708
46475,8.892156818989681
46476,30.423547357229463
46477,25.630580097330977
46478,25.695459952712724
46479,33.19074831823439
46480,33.02047511033967
46481,24.25711482795045
46530,55.98480908459312
46531,16.12688226994584
46532,12.351110422169935
46533,16.196763123218382
46602,12.449972816589607
46603,39.66351208865842
46604,31.167896051704684
46605,38.25475811279567
46635,38.782658800410914
46636,47.27697098479078
46637,41.553192137185945
46638,48.63677615291088
46672,60.33373476222048
46673,59.57100004062058
46674,48.125759469415144
46675,50.348919186286686
46676,32.5209510801496
46677,20.470318859736523
46678,32.813739223778924
46679,33.274982097806635
46680,44.83547077299452
46681,20.057652716887223
46682,30.361854377721972
46683,38.0868780411659
46684,30.96790636838511
46685,29.631084806248154
46686,40.28455057261865
46687,46.38684333432961
46688,45.97201842303143
46736,36.220377235766236
46737,38.004240607395076
46738,48.26731254418852
46739,36.317557987708966
46780,43.56241290421144
46781,38.61871598249378
46782,44.19654289148854
46783,13.818256815252031
46784,16.942210715092852
46811,14.99127857869666
46812,12.353530319917567
46813,27.7528271883907
46814,28.879738994940027
46815,43.105887722142896
46816,34.74767970461944
46817,35.84220246125525
46818,33.828923865917474
46819,48.42678126150927
46820,41.86945310437604
46821,51.65294384175484
46822,45.08687226741938
46839,34.15298004082831
46840,30.803680592269156
46841,15.895613393393969
46842,17.25162145544257
46843,12.041101238878815
46844,14.781555264908087
46845,22.13607654549317
46846,32.121895279611344
46847,47.50570247127711
46848,38.73651718142999
46849,20.508747208257507
46850,19.6898296955557
46977,30.178716482472712
46978,32.12117716796559
46979,34.13311306118277
46980,33.72976456374228
46981,36.543824537449005
47007,34.897620276469475
47008,30.287206445382576
47009,35.744575674965425
47010,34.99862216299881
47011,34.65028755300386
47012,40.826803897813484
47013,32.77481037517876
47014,25.99552819990634
47015,49.89760061044102
47038,52.47965172397849
47039,51.234646663692104
47040,49.5791495743208
47041,51.93072187946813
47042,44.429139780278256
47043,40.82898911734717
47044,39.84329467424035
47045,39.17848129173342
47046,42.25652537409908
47047,46.48587506959073
47048,32.995747864884414
47049,39.96629167956609
47141,34.338414819980876
47142,46.82339888257757
47143,52.47333997964433
47144,44.37869319435016
47145,49.886380685447456
47146,42.96221562305751
47147,45.167547876148674
47148,59.958788315818644
47149,29.461444944068226
47150,27.481286999114072
47151,34.13819030838815
47152,32.41961797641297
47211,38.03782477839194
47212,37.21639737101012
47213,19.30145891850385
47214,42.38766277111084
47215,36.03346070753678
47216,17.365188006158643
47217,25.23176580199037
47218,33.60859539444548
47219,36.26952072224834
47220,42.05425882934168
47221,45.459742144064094
47222,31.0055058398184
47223,35.667170068818706
47224,37.06937325001209
47225,48.01603917317782
47226,45.92579874581361
47227,39.73725751294761
47228,61.839367748744316
47229,48.101362460004026
47230,58.31073771314286
47231,37.81028022403501
47276,48.63695991069967
47277,60.975213292716695
47278,56.684497269290695
47279,50.23729567254849
47280,38.59885300999735
47281,58.92885090246479
47282,51.81990366340293
47283,59.85348042826999
47284,7.7285778882656615
47285,11.106380627153717
47286,15.328414815471614
47287,15.957055558634842
47288,25.38303801180769
47289,13.076772422597985
47290,12.281611264379084
47291,15.696455155654833
47292,16.071409823493777
47293,13.034252859403312
47294,23.184645508011926
47295,30.75021944617062
47296,35.24575089800145
47297,28.305322897541068
47298,26.497772364325815
47299,44.0161602592253
47300,19.50026690503691
47301,31.082420808322276
47326,34.519335795857714
47327,43.67204860650183
47328,39.183131304804625
47329,33.87117667952501
47330,38.70503554030012
47331,37.31586216285927
47332,44.05858099371613
47333,39.81565462889629
47334,52.942049495749586
47335,25.896406070414894
47336,50.17508238599285
47337,49.207058716589664
47377,36.08543573762297
47378,30.489237007586873
47379,38.59273700145831
47380,52.47599932977432
47381,69.60423413172119
47382,54.36299863446733
47383,59.57198461899347
47384,58.25499598413606
47385,62.21417471526375
47386,57.884280896265814
47387,60.94329434337481
47388,70.14038290265819
47438,60.549578157013364
47439,63.08777572620821
47440,65.19895858388402
47441,20.983323670010645
47442,33.05131337476221
47443,29.67810075016625
47444,35.494506088765576
47445,35.95800114498677
47446,28.845246394677226
47452,4.8370781135040675
47453,12.004237586535217
47454,5.72990614528691
47455,15.698820136635348
47456,13.009898646396472
47457,13.924650433501391
47458,7.440757039353298
47459,8.659249450411938
47460,16.3763365781317
47461,16.942037814559537
47462,15.61735648625485
47463,22.84092944517886
47464,32.68637454440871
47465,31.022513278179737
47466,28.69554010591472
47467,28.72571289996079
47468,26.022540889909553
47469,42.4956785795221
47470,32.092678536167284
47490,32.404497166460544
47491,42.710463171251966
47492,43.19887188153096
47493,54.931281388555014
47494,60.59417361826767
47511,58.08384672914003
47512,42.783592839760956
47513,61.88267422585728
47514,28.753514339085473
47530,34.563074199472794
47531,40.69756732070809
47532,37.003401706401
47533,17.48760008547109
47534,13.873981528523307
47535,18.850345785876996
47536,19.49109478739626
47537,9.100408335436311
47538,4.3928257313048915
47539,15.872964317526346
47540,19.58573320627201
47541,27.824400194040237
47551,44.22280054933187
47552,5.4134874353642095
47553,13.106929102749396
47554,11.663481959833586
47555,15.466617374148619
47556,26.390380831400847
47586,25.948708497881878
47587,35.800109492425676
47588,34.690732912012336
47589,31.5310021624067
47590,24.576680498603775
47591,27.356023425788816
47592,28.047428523940628
47593,25.244428863776832
47594,29.199475592458487
47595,33.617958210346174
47596,30.878538084311053
47597,40.645012439186715
47598,34.39723998471326
47599,46.16400148044803
47600,46.100956391322605
47601,3.5839598642751023
47628,8.969370296704987
47629,7.648027693394064
47630,5.918005850282973
47631,11.615858020936985
47638,26.622772287295714
47639,14.042260236599386
47640,15.573449447537893
47641,35.87523268483695
47642,33.60579559530307
47643,28.285884370962425
47644,30.313667796284907
47645,26.799792564922576
47646,30.20131064325562
47647,31.18166003964616
47648,27.36008277579258
47649,27.335904290728593
47697,46.66667427330734
47698,48.253917717848765
47699,43.248109162740846
47700,45.49486604299579
47701,59.885519659043155
47702,41.275623758900956
47703,49.98718567920587
47704,54.87821294680225
47719,44.599420922271506
47720,45.096390147596566
47721,42.8569466793332
47722,48.22654595968703
47723,28.570345562610786
47724,27.961018131399133
47725,31.692903644064884
47726,33.83808217417199
47727,16.748813019115833
47728,27.12096007583402
47729,33.20565726270902
47730,23.659649355271824
47731,37.92875916355502
47732,25.705223813348063
47733,32.99985713878605
47734,36.88321480686868
47735,35.21846629097572
47736,40.71581278841772
47737,44.88207541892441
47738,67.29289622341999
47739,34.57206587139808
47740,42.97606596152119
47741,47.54544880916244
47742,41.910549599815425
47743,25.891532475353547
47744,47.36541097360479
47745,36.268338949144116
47746,40.46561640893325
47747,15.777732199705808
47748,19.355688971353082
47749,18.732893923326834
47800,25.905813211664494
47801,33.924288030049695
47802,43.728954083704835
47803,41.779608938275416
47804,36.159796244408575
47879,34.667933301752775
47880,37.085778159447294
47881,35.135768487956256
47882,34.60047220473125
47895,28.540408734373926
47896,45.60211906267224
47897,32.44492974544135
47898,27.155680006241667
47899,44.3658343781623
47900,37.75028454888641
47901,35.193755955674376
47902,39.58990186202089
47903,40.40213213201903
47904,44.65852329624638
47905,19.656584548721934
47906,19.528792006107132
48043,19.483863592562777
48044,35.49741710152276
48045,25.808298197083783
48046,39.357731437243544
48047,57.872745355341735
48048,33.602947927694174
48049,47.14190859971844
48050,43.45652819952978
48051,50.330212695801194
48052,64.06611515844813
48053,26.149681358021404
48054,47.61513812256589
48055,44.83435175300189
48056,42.330552544943835
48057,37.81056164124601
48058,37.740294013140854
48059,44.2699042863203
48060,40.81419714707408
48061,43.20195272364168
48062,43.85277393695744
48063,39.17177172126344
48064,22.625719648701967
48065,26.833613003578353
48066,33.337936374914875
48067,25.819581320601554
48068,28.094687444262895
48069,42.150002727929355
48070,41.58602217352122
48071,32.82900050532743
48072,56.88013715013762
48073,34.811726551539614
48074,34.84196676563295
48075,47.12525777186671
48076,27.82112447245264
48077,29.06866395393926
48078,31.45021011909799
48079,30.119733110346157
48085,38.36055984244777
48086,26.98567766560816
48087,49.66133627129358
48088,20.21204020731333
48089,33.702819452472966
48090,32.358534912529734
48091,30.273288759234482
48092,14.6432562801242
48093,30.96859270032164
48094,25.596654536683314
48095,27.292904943418243
48096,38.46022761902932
48097,36.514255618032436
48098,3.4988019663085956
48099,18.99654729166496
48100,23.368249660638913
48101,14.129353248469952
48102,10.253963209830514
48128,22.070270293361958
48129,17.731278851151853
48130,27.238106222589415
48131,27.743443646103962
48132,29.827496852566146
48133,32.137038472967795
48134,40.51062862153141
48135,26.416210909847646
48136,28.388398215920617
48137,35.142199478786374
48138,31.584934933972168
48139,16.628310375890553
48212,8.415556956458042
48213,15.75700111929796
48214,19.556869638556943
48215,31.771790350062943
48216,33.417107359506986
48217,31.85280488067129
48218,32.49972746226979
48219,48.26186046069107
48220,13.156959032354962
48221,23.143941584922832
48222,41.50050603762162
48228,23.445988781929433
48229,37.279961806167236
48230,44.966281688953806
48231,25.829256726534034
48244,15.405694781889817
48245,21.117227515939295
48246,18.773909666740476
48247,37.78554691280482
48248,28.53920340495414
48249,43.3693079330272
48250,33.5431258702791
48251,38.913089888199295
48252,36.310037029706535
48253,39.4616211694467
48254,33.596612445482094
48255,33.40723017545576
48256,39.492204603008545
48257,43.27752251660096
48258,31.898299941686915
48259,23.136875856756085
48272,17.72048486742308
48273,17.18391175849257
48274,8.469584859823845
48275,18.452681880008825
48276,19.691918192143287
48277,32.994248565614804
48278,27.59505587216151
48394,35.9101242165523
48395,32.2850187800052
48396,35.31130314899435
48397,46.58477907784881
48398,32.68184185266915
48399,46.326471684884524
48400,29.724052390111734
48401,31.625328825213124
48402,28.85285757633002
48403,37.820717975275336
48404,38.91590673616441
48405,55.4879560923771
48406,62.74102699560723
48407,52.425113710586004
48408,52.086780289828596
48409,25.55390554478963
48410,30.956362652845762
48411,30.356386315499336
48412,30.264024407486147
48413,30.447584307105753
48414,38.2873498142655
48415,33.314610502582426
48416,42.57830492808573
48417,47.81366194822689
48418,44.886749113413345
48419,36.75653840068225
48420,49.744211500608245
48421,22.086942412194535
48422,10.091451664264481
48423,10.653323813345107
48424,22.60632268257368
48425,10.62025852947036
48426,26.450745805126992
48427,21.94171807265822
48428,8.385110861281724
48429,8.214958980090096
48430,25.307012541012327
48431,27.163765195832145
48432,27.696602460235493
48433,26.12664805414293
48434,26.701635249086976
48435,33.400220584379916
48436,27.08668522279625
48437,28.136736974997813
48438,36.190046082503365
48439,37.75914244985455
48475,48.22490588051071
48476,47.69424452803994
48477,53.902162738815164
48478,37.170007153104045
48479,50.13566402320707
48480,19.842283670599812
48481,30.282815878939765
48482,27.784101063018607
48483,32.22071560172474
48484,53.3690650096115
48512,42.019889696378165
48513,55.25624771415176
48514,50.78364793229598
48515,58.99876227499951
48516,38.53655424888042
48517,48.263887516360555
48518,50.8058784130403
48519,18.520212107681374
48520,29.75337254006376
48521,25.851021107248858
48522,28.593770737445315
48523,24.742204935133554
48528,31.68610696714907
48529,33.07692603459773
48530,31.909919793263988
48531,30.38045213555601
48532,30.502449493262166
48533,31.537741068092558
48534,28.523444518422533
48535,15.105011129719992
48536,11.490524539372133
48537,13.889628701732242
48538,29.97196533856261
48539,28.10448993583928
48610,27.903825982447696
48611,24.08501047515606
48612,26.599851356768337
48613,38.935552527159174
48614,42.992454304680415
48615,42.79160956182808
48653,40.0992115355934
48654,52.175649868309776
48655,29.85616471090798
48656,35.26085670051296
48662,34.25797572612981
48663,42.605455629450944
48664,20.138857661430052
48665,17.746015129098915
48666,19.39526397397584
48667,22.536946751354463
48668,3.534511591212471
48669,11.537584309546434
48704,15.678302215770762
48705,13.073871059578758
48706,30.461912001235973
48707,36.070176472984876
48736,44.25690887192032
48737,43.672530954760965
48738,19.015424292715494
48739,12.374821553727372
48740,19.55917153873229
48741,15.710507777070037
48742,12.05666568822064
48743,30.01914628264939
48744,27.11213781877996
48745,28.28747573903882
48746,43.0708270793241
48747,28.460950172645855
48748,38.884983880217376
48749,42.78002573660546
48750,10.644235669419885
48751,8.335989301387636
48752,17.013081880060895
48753,17.877171815327994
48754,17.66898185126754
48755,14.663356793563423
48756,15.947046639115221
48768,27.508428420241156
48769,18.133767543478154
48770,31.18747448639295
48771,29.688820550102545
48772,22.88977913115567
48773,35.539765867161485
48774,43.27034327228502
48775,42.19870005733346
48776,12.785347775238023
48777,12.349099807781242
48778,17.287586005449324
48779,13.394845168470301
48828,21.32005470067415
48829,15.252640206831392
48830,36.11453547621393
48831,19.399101336944398
48832,28.553059401702775
48833,28.704755824584296
48834,36.61035950113762
48835,35.66089223111641
48836,16.473498104294727
48861,16.012811709131128
48862,22.82849291068694
48863,41.36898266883023
48864,34.50095379197048
48865,27.972201935791706
48871,31.847629636589804
48872,29.80551704156809
48873,42.531807603695995
48874,47.855652135392816
48875,56.15212526130292
48897,39.812947087489505
48898,37.27920137083324
48899,22.491160091823804
48900,32.56628290868932
48901,24.565326981500554
48902,24.011252872813845
48903,34.161025307762486
48904,52.56938334558217
48905,37.810877093874325
48906,37.14456964907271
48907,46.29846169173016
48908,42.987952912779235
48918,43.88223005297936
48919,48.49701458975355
48920,34.32398295713044
48921,35.93750226924274
49051,38.19903370147467
49052,34.57363045349581
49053,34.801358278898874
49054,51.32518427771091
49055,57.268261358325816
49056,43.51122041056014
49057,34.054487113007674
49058,34.886625321731515
49059,34.85165700729045
49060,32.22064362509923
49061,18.043148119928624
49062,28.607043567462295
49063,28.596460761060563
49064,24.67261920597529
49065,18.121606920623524
49072,8.658811972562406
49073,18.251206432512447
49074,30.210012131134764
49075,41.04045896827366
49102,51.093691625789276
49103,59.55988251508968
49104,55.23002754536723
49105,9.850437185454588
49106,8.028662524637685
49107,11.58039810891179
49108,10.749859803726089
49109,9.225174489433128
49110,14.861816758347468
49111,12.843338566362059
49112,27.412256753386803
49113,33.4926183448625
49126,33.372960570128214
49127,36.33180361294925
49128,37.934911387334026
49129,26.056419671493913
49130,28.48743654473233
49131,48.27347754789465
49132,39.986761908732824
49133,43.48838832579566
49134,47.054154501927826
49135,60.46675535085079
49136,46.2572136868192
49190,60.529913890523204
49191,37.258520460657465
49192,41.296875586153526
49193,31.7111800975055
49194,55.467349102947416
49195,3.1076950790638063
49196,3.5599885712510244
49197,9.027807131556308
49198,18.959695674040095
49199,26.91740197691485
49200,32.57757700764139
49201,40.86330408195745
49212,29.779949893379282
49213,14.707187515037642
49214,11.886151414393368
49215,23.05680044076683
49216,32.67465576713925
49217,29.694739991824814
49218,31.270258784955363
49219,53.94197910122848
49220,33.27407353946957
49221,36.1953359960802
49230,35.11865942087739
49231,2.661626741115332
49232,3.2158454036037156
49233,7.832729704444891
49234,11.719094149456629
49270,13.954072495677515
49271,13.46099939936662
49272,16.348549525139784
49273,17.84027937019442
49291,14.950468709163426
49292,15.629020294256206
49293,17.45870323206413
49294,18.288005851023
49342,20.32811785446105
49343,17.462856017551733
49344,10.309876871206633
49345,33.54447634568029
49346,29.171788007785363
49398,33.91495962858227
49399,38.90287213288195
49400,31.748975536893173
49401,33.41414309393182
49402,3.3355669685739384
49403,7.753701178036444
49404,9.327553473333177
49405,9.967550880378537
49406,8.317356698709865
49407,16.38895453309763
49408,12.070048599069908
49417,17.894767498340677
49418,19.831330180883057
49419,23.507743860821353
49420,36.208573066742574
49421,18.164543100303618
49422,33.86624706003895
49423,38.594273292113805
49424,30.187174572606843
49425,31.847880189763817
49426,38.48607303083461
49427,25.181711060354367
49428,26.319290855569893
49429,52.27917315951074
49430,42.025313116313285
49431,47.700713092497274
49432,45.188243112111245
49433,17.055194814501036
49434,30.97495700903801
49435,23.76288942104023
49436,28.705244739999824
49457,47.0126171670695
49458,26.818688651457688
49459,32.83190455258119
49460,43.93266232349981
49485,47.08439834784551
49486,35.13705738954804
49487,28.35502446303907
49488,32.624152965636085
49489,47.8329268135204
49490,39.99858076397508
49491,41.52334260579877
49492,38.833135986508225
49493,32.01946599228825
49494,45.02646905349547
49495,43.26032051902593
49496,54.44149464589359
49497,55.51033285948708
49498,58.396122194588536
49499,56.46413868788041
49500,49.67462405177744
49501,5.17222264497427
49502,11.554591948668131
49503,12.520889648297663
49504,13.996461594192924
49505,15.003407868604771
49506,19.598319449462497
49507,15.691237555037722
49508,20.091089343060943
49585,17.394465259925052
49586,17.098718233282924
49587,22.63106367533015
49588,11.01170190295821
49589,37.138984919271124
49590,27.948712938921005
49591,37.37560164238522
49592,35.497546990750706
49593,35.28588174940254
49594,31.932943034795215
49595,49.06050032555482
49596,57.162050986052805
49647,46.96280340729515
49648,20.978987359983453
49649,25.865880815349275
49650,21.60609375595069
49651,25.501417723310325
49712,12.527888892354305
49713,28.798345334656663
49714,28.843239856552607
49715,11.113271085945918
49716,42.482112989196494
49717,28.293839019425054
49718,38.35297251206257
49719,28.56500293742882
49720,5.344761775894112
49721,8.195991276417626
49722,13.015734572938895
49723,16.32541917147256
49770,27.76359854602648
49771,33.028641239278826
49772,50.50843008369744
49773,50.35909613784896
49774,55.239340049133816
49775,48.92189757949858
49815,44.52833585737038
49816,45.057197709437844
49817,44.6222778034498
49818,54.72970291571569
49897,43.80475666612769
49898,54.2952146833184
49899,40.0586240345569
49900,29.465768271171793
49901,30.844005598905746
49902,31.10662948234856
49903,31.175869753259125
49904,34.0964806345574
50004,35.313375038719556
50005,34.99431275165921
50006,34.423015857301635
50007,34.043612397711385
50032,38.398254438122954
50033,44.06451779841715
50034,30.79292723652113
50035,32.084197247452174
50036,33.54938075235616
50037,31.419039470651136
50038,32.69654425965493
50039,14.545361741411133
50040,19.56936816331287
50041,12.092969378858568
50042,12.160756620646914
50043,26.23122897424553
50044,17.921040013460455
50045,29.003031150062306
50046,35.689162002331315
50047,34.63176072188185
50096,18.545401355804277
50097,30.29686572865748
50098,49.23185107483728
50099,48.0594741816362
50100,40.63424594562979
50223,34.86348497012139
50224,34.8032173699011
50225,34.9490898023865
50226,37.304760503537295
50227,44.65898694889215
50288,50.95338417964863
50289,56.90924346945271
50290,36.89020103559874
50291,39.0951990435944
50292,60.321808395636296
50302,61.74165557665094
50303,56.3833956531821
50304,57.16707617689524
50305,54.096258249806425
50306,69.79183860493873
50307,58.81414706673589
50308,5.316029470056801
50309,8.23736004214181
50310,13.500397219853351
50311,23.260042527931304
50312,45.657229795052935
50359,50.93200691947639
50360,43.09613834990319
50361,41.27753543541824
50362,46.48311606825405
50363,35.87934768548374
50364,37.303876858918656
50365,41.26348057685925
50366,45.24960966269093
50407,59.845834976196045
50408,47.5939074634251
50409,42.83195485867616
50410,41.429073871568534
50411,43.42187038924576
50412,52.1441566440843
50413,36.82729521298087
50414,45.553728669907784
50415,31.44962014976914
50416,39.14166994289557
50417,25.82327982536152
50418,32.46224180964565
50457,33.395387146766645
50458,45.86758112068547
50459,50.887046379161205
50460,34.63910475937956
50507,44.54921115081738
50508,39.68742694749404
50509,67.3095005896705
50510,10.835916094467395
50511,27.565692316352823
50512,34.09597357276184
50513,26.14931853036048
50514,16.279778862481393
50515,8.871540338522829
50516,15.65941875691997
50517,15.981060769940555
50518,26.486765955368437
50519,28.73573884685231
50520,31.663367193743607
50521,26.601610263190473
50522,33.45901533116173
50558,35.47608353638032
50559,43.83473365903149
50560,45.41671241166926
50561,28.164143465857194
50635,33.8619682755234
50636,29.100880922536465
50637,33.494956314470144
50638,45.74337344719192
50639,47.66557999835501
50640,51.347285308906095
50641,42.755164312707834
50642,64.78615021505576
50643,54.32115326160534
50644,52.074144590097994
50645,33.8248522053255
50646,59.68537985993909
50656,33.590482374689444
50657,49.396756034518084
50658,51.14057160882014
50659,33.80464897726832
50660,41.794955338833965
50661,35.80156109235716
50662,54.6479316002116
50663,61.62447085530095
50664,50.55625372832096
50665,52.176972119521324
50666,34.346807270816726
50667,24.360419363144068
50668,34.826476053859544
50669,47.53285932516745
50670,36.362845803616835
50671,43.14014798986782
50686,22.92925147085879
50687,30.88176435508385
50688,31.635900269900667
50689,34.55913358962981
50735,28.51637156366678
50736,27.284139530619623
50737,31.11519805743806
50738,39.28916870733495
50739,41.5257502421398
50740,38.04650082219158
50741,40.34452819124423
50742,43.852705520745104
50743,39.51612478965786
50744,39.13302500761438
50745,35.624585429965954
50746,45.58761844639977
50752,32.36694787004824
50753,32.97690106825818
50754,30.949491268012395
50755,47.929654941697606
50756,36.226380595923715
50757,31.69111755446818
50758,43.070055167142065
50759,30.75414148645987
50760,32.503604742416336
50761,49.12243896249742
50762,49.02597396323626
50763,35.63959135324321
50768,8.016248261870132
50769,11.504842606428717
50770,7.336381195239998
50771,10.491503445000028
50772,16.04629552206814
50773,8.489180191793645
50774,22.548902744858687
50775,31.217645941738645
50776,31.595174936823746
50777,28.77735541560449
50778,34.73708317154028
50779,26.94746509680459
50792,2.6282431511126196
50793,3.301480426853326
50794,3.7659667453706627
50795,4.349720382348177
50796,20.709164401615926
50818,17.96604936641332
50819,40.839045711805824
50820,37.87249300807869
50821,34.2361175067366
50822,28.97842188235677
50823,31.06726099288633
50824,40.54201460435054
50825,32.989872200123365
50826,36.041741938699694
50827,39.041981880288574
50828,39.09711715448775
50829,55.29713967525989
50848,62.76832766693613
50849,54.21783317149886
50850,68.93614744846762
50851,33.29623811158663
50852,30.36309349930142
50853,34.57777033203332
50854,32.901015100031664
50855,38.033050858659635
50856,43.649439350142394
50857,54.18146610689227
50858,43.228955344868595
50859,46.94674113723592
50860,48.58154831459897
50861,53.553531849401644
50862,49.19127557112773
50863,24.087518314611483
50864,23.492269581694426
50865,31.053388026894247
50866,37.8297193371044
50867,2.2894448647494445
50868,4.9419474872846285
50869,8.42399992761047
50870,8.438710938141453
50871,15.958736417657661
50890,8.266784159476792
50891,14.8572050191933
50892,17.910666670216504
50893,17.982760101547683
50894,8.25764514240581
50895,12.778197730321223
50896,25.811644760341355
50897,29.64015066094655
50898,31.394308106179476
50899,38.89817028764556
50900,34.90487753238494
50901,28.767589575350712
51021,46.00790168631839
51022,44.39058229715302
51023,39.16450255628464
51024,23.725743571704516
51025,14.048727434241876
51026,19.168922331659505
51027,13.70564099545371
51028,14.8689678225946
51029,17.108143498818702
51030,28.963589726537226
51031,31.54591003920586
51032,29.58717328890104
51088,27.146310381156724
51089,30.194900073639506
51090,33.98352853417601
51091,39.75058824836921
51111,41.9498691550906
51112,35.359208350333375
51113,38.82951060568971
51114,34.315751016176165
51122,32.56027015977388
51123,49.782870341071146
51124,48.9565069078802
51125,55.125160598610364
51192,48.06516457154253
51193,56.85227789901112
51194,46.110383292761185
51195,37.16075526711679
51204,27.28104627676688
51205,34.80640513579786
51206,35.866762457476646
51207,23.821414007293185
51208,35.66392944855181
51209,33.12662685457648
51210,33.47683299090474
51211,56.86219486668977
51212,57.67038703485718
51213,50.45558523445219
51214,54.098306102257844
51215,24.069952671699205
51221,17.832860653275397
51222,13.150247383601863
51223,17.091510919211764
51224,22.01911043267285
51225,22.662594216680105
51226,26.214549172073976
51227,26.1289173411094
51228,30.620672375401544
51229,23.95623403129427
51230,39.57086225634573
51231,48.599062237902366
51232,41.90602180570623
51334,41.85672940587707
51335,45.84121468483784
51336,46.15292224824849
51337,46.90793105552189
51338,50.86156396271765
51339,37.28863824929287
51340,41.72995651809247
51341,44.73728921332577
51342,34.75726556127346
51343,38.60120999676853
51344,47.35750830831002
51345,41.368274210412906
51400,35.32409319385239
51401,36.064622442928076
51402,35.18041230678767
51403,2.9367145884205454
51404,13.315715899276455
51405,7.921071941700163
51406,14.689665558444236
51479,21.157777334781194
51480,17.401579139902804
51481,30.281452107447326
51482,32.79952053360597
51541,21.938710102432434
51542,41.32214619996747
51543,29.269547504519508
51544,32.95923516890104
51545,26.470717410679406
51546,32.88612755322632
51547,31.437715575874485
51548,35.83675049565407
51549,30.5290823345842
51550,31.240790437908025
51551,29.974667898834646
51552,26.40545313458397
51577,33.8104081359833
51578,27.775531709981607
51579,36.20143866187986
51580,39.987524314757586
51581,41.84575270759071
51582,39.981902714771714
51583,46.38376490332348
51584,39.74608243363438
51585,53.97565392091261
51586,59.40157278508942
51587,51.390571252193276
51616,37.733997670800235
51617,33.40881720223769
51618,34.84328946951962
51619,40.229743965002406
51620,49.79632560689798
51621,59.937688984833905
51622,29.58371303905354
51623,30.05545482881258
51624,34.85881469218849
51625,44.45225673583676
51626,41.33876658070993
51627,31.170559098427326
51674,30.77043427700104
51675,47.65086157914088
51676,26.838065291226243
51677,34.66566343886708
51678,32.795307868423265
51679,39.33550897627821
51680,22.846288632708468
51681,26.426081381474805
51682,37.607431595073784
51683,29.016646847376425
51684,27.849505270465887
51685,35.33510154468273
51702,15.328463639879303
51703,13.83549402853688
51704,30.239622780449796
51705,28.163378735104
51706,8.601050625404488
51707,18.7436041016661
51708,21.244024070304018
51709,44.82396083155717
51710,41.51355878320273
51711,32.58783972565918
51712,32.970419517006256
51713,35.59533296830459
51718,33.763630546965054
51719,54.204536501498815
51720,49.18489591146294
51721,35.93047802110302
51722,42.88858530631655
51723,47.7573125988355
51724,43.39869509541313
51725,26.15551958635753
51726,35.82604792185468
51727,33.51547036071276
51728,39.70704691290195
51729,24.194569409445517
51730,40.17510518844838
51731,51.60348099762933
51732,60.668845004866036
51733,46.842891570350105
51734,52.86608474463672
51735,57.305452146354405
51736,48.21671831686998
51737,51.12287847711976
51738,53.63130910406909
51739,55.14353726376921
51740,51.213503145755695
51741,24.059248245240926
51747,15.743985987860702
51748,19.090360304072764
51749,26.530914589473692
51750,29.323609007693072
51751,12.138924653175684
51752,21.34221303605269
51792,31.388709267602817
51793,27.82838125197691
51794,30.79103711308491
51795,27.12201695298078
51796,31.50246085971299
51797,27.695396461302433
51798,28.675133052597438
51799,30.178962120565224
51800,27.81575562014249
51801,30.832273697137566
51802,32.021219698500815
51803,36.13565940139527
51812,35.48602362190514
51813,40.67066418036441
51814,31.33529290086529
51815,50.57966015816211
51833,48.84090215455142
51834,55.477279614816396
51835,44.74161606873033
51836,55.14989795366719
51837,53.4217666189003
51838,61.13707068703167
51839,53.4356384925063
51840,56.374250473890854
51841,60.25968188970521
51842,57.470576854036835
51843,27.965787646068
51844,24.138443141920494
51845,26.64929736144907
51846,35.19031353482729
51847,28.415807491323125
51848,40.97896047903644
51849,30.91958754876976
51850,29.673283864863983
51851,42.01307974290614
51864,33.38834119304911
51865,39.8755590802611
51866,37.38173106706756
51867,15.861971435769018
51868,15.987449678180582
51869,20.853939090624326
51870,17.577653628117822
51871,36.49919408236189
51872,40.097193515789726
51873,36.788097314884034
51874,52.09619211034143
51875,38.78830944148836
51891,29.56305122097596
51892,32.69425409630431
51893,26.019695551101794
51894,31.333042490713193
51921,27.938451929037832
51922,38.124961705037066
51923,46.100867423548074
51924,39.98908989279619
51925,36.94299177558837
51926,40.730842221527084
51927,53.2276943107525
51928,16.6341727555942
51929,27.413480896751764
51930,27.92351131598516
51931,27.750438331375165
51932,26.30882959919467
51937,23.553734506995347
51938,38.7293824261607
51939,23.93479062827786
51940,24.652626353429973
51941,30.768812862686822
51942,38.81134809730823
52202,47.90701414421821
52203,39.51100678005361
52204,49.15374648839044
52205,33.659081629231586
52206,39.153583027402966
52207,30.501973453211402
52208,32.93264389985894
52209,31.633252230433058
52333,26.3882601852598
52334,47.743877124180145
52335,31.515977560414548
52336,24.703497014393168
52359,17.855613840698116
52360,17.74382980744731
52361,26.02681517029244
52362,27.463358857088092
52363,28.58663779918551
52364,34.89588589378306
52365,29.131718845371136
52366,48.15205212779993
52367,68.3168979687624
52368,44.38796671756947
52369,39.59350113317582
52370,43.43121142509341
52377,30.861221380567873
52378,53.27006667288034
52379,42.882928976628214
52380,32.65926596767416
52381,43.940529021746976
52382,54.77698053163414
52383,54.321072557793734
52384,45.552678862121866
52385,27.098591220709775
52386,20.30795673147449
52387,34.57257097121993
52388,29.91126012029433
52413,25.165352937012933
52414,32.334320189599055
52415,31.618639550407448
52416,34.15838992944391
52417,33.2066778961666
52418,34.15771183250551
52419,32.28630828852052
52420,33.48423842717235
52421,41.204196366460536
52422,55.352758717916785
52423,41.4469309394458
52424,45.41003496397525
52425,39.05121827320592
52499,33.417361431804274
52500,38.560130841365044
52501,45.22673878998467
52502,40.19468347147431
52515,39.41641218828181
52516,45.969052192508215
52517,52.38054636551484
52518,36.910770142554746
52524,38.365358594559375
52525,42.731489286549404
52526,42.034483304746864
52527,55.53512578043906
52587,46.705116704170294
52588,56.65384112069471
52589,44.92749384610317
52590,44.59631512599694
52591,46.70204953484923
52592,42.71501781217439
52593,66.84502951195638
52594,23.876611741551077
52595,41.30164893161687
52614,38.56337859226412
52615,33.44130265951445
52616,19.721552878350405
52617,16.58813177782734
52657,25.73870756747676
52658,30.76491640584943
52659,55.763692876658844
52660,44.8189458051705
52661,55.23466252648176
52662,29.508092081629567
52663,52.603368336939276
52664,49.121907732328566
52719,53.70357391829895
52720,44.4554225426362
52721,39.08138762376761
52722,50.102735001265096
52723,53.89773180364029
52724,55.087009547149385
52725,6.606932051817945
52726,25.839702889634836
52727,23.45095414232746
52728,23.771462334406277
52729,23.615290116396775
52730,41.386522461755334
52753,33.88312472134328
52754,24.277262707537922
52755,46.51585600409353
52756,36.6879103546243
52757,39.93338829685442
52758,46.99214381342393
52759,30.549884202854646
52760,35.34227178541268
52761,24.69889478432299
52762,31.836881852967178
52763,32.87243652433654
52764,39.1497379345293
52802,37.481304019810146
52803,39.053320196854415
52804,45.942900508960655
52805,46.16307331378988
52806,24.021667487285526
52807,31.803345761205126
52808,29.140493778665927
52809,45.61665745775473
52810,34.75029012103113
52811,34.7538117044854
52812,20.714460096358255
52813,35.18495658868925
52861,33.440359531416064
52862,35.44608587468185
52863,55.24626645897058
52864,38.65408221241491
52865,48.7788799769449
52866,57.92300742058589
52867,61.06503658732583
52868,18.313259759376884
52869,17.457469439101853
52870,12.828932155044852
52871,23.45196707245885
52872,7.879935086825313
52913,25.757653566823432
52914,31.52275396582498
52915,33.43830442228203
52916,53.94154801211838
52917,44.803772731587046
52918,44.467394716326574
52919,58.78129444718558
52920,37.95003299684799
52921,49.52482290124101
52922,56.276028911497754
52923,53.58638355161655
52924,46.79093760012771
52925,57.91393775906826
52926,27.894020711998007
52927,56.40058695296983
52928,40.136578099299065
52929,47.38566097161164
52930,41.17507243913332
52931,47.70421280638611
52932,48.64413015507306
52933,50.78932858458603
52934,45.15151302971871
52955,47.58312861086763
52956,49.536127918700195
52957,57.4163201081259
52958,36.50144491373886
52959,20.642300837474192
52960,43.08891116682117
52961,57.01107265377743
52962,32.548019305040945
52963,33.854123429748526
52964,50.03686725346386
52965,36.48217510538612
52966,42.51254776732581
52998,41.5169774999251
52999,38.14244254887219
53000,36.12199028434493
53001,36.19329719072559
53002,34.77288702804007
53003,44.72402772885901
53004,39.795008027431436
53005,12.783977805424376
53006,27.335622111929965
53007,28.71126198579351
53008,39.790910109924056
53009,35.71067559174128
53010,14.82570235512028
53011,17.685945396808183
53012,3.9887077573771164
53013,19.20751989776882
53014,16.89792447609103
53015,17.17435425043564
53016,30.632438265711777
53017,29.13721394514631
53018,34.243188309542745
53019,29.305958328403236
53020,27.726189315120042
53021,32.857561792150065
53022,24.22219292312589
53023,43.15611140047296
53024,43.7758868538505
53025,43.50219653445212
53141,45.94905018534111
53142,34.66855358839695
53143,45.36761855237459
53144,47.96449918345055
53145,37.868123877940775
53150,51.74842797332826
53151,53.80839643132186
53152,55.19409021847146
53153,57.78701207351566
53154,69.32110362457288
53155,62.08536164509409
53156,64.4510122339166
53157,60.4624295610072
53158,70.3623110732628
53159,62.9837442935134
53160,38.26003553621606
53161,43.638019255154454
53162,37.33768035031227
53163,48.50463236701386
53164,56.69749807423916
53165,59.41032392037616
53166,62.271296658702795
53167,55.9656217710066
53168,3.3539751297089633
53169,5.650048617508275
53170,8.589514355683686
53171,10.84249369192565
53172,16.298322013086857
53173,14.309489734338259
53174,16.073486383873576
53175,8.644138507256418
53176,16.000248093267462
53177,25.454013966779282
53178,27.47444293479991
53179,26.578447908522502
53180,23.654188207982962
53181,33.73057785656797
53182,45.47837083013383
53183,34.21059660332253
53184,44.375667161496956
53185,42.917457571358746
53186,40.173674004401384
53187,41.22838857543304
53193,51.31582899355835
53194,51.811842188315275
53195,35.894288320306764
53196,35.903897516732975
53197,18.906467073458156
53198,34.06681867352519
53199,35.92731983560727
53200,28.86604342294797
53244,27.566468865712682
53245,31.2430508823338
53246,39.62238484947807
53247,33.518241078960386
53248,24.6526053768083
53281,27.746759396169793
53282,37.51832059295199
53283,32.57555059879497
53284,31.429884013760024
53285,22.29485932904279
53291,34.40543915406029
53292,45.28599250505869
53293,27.11451494041663
53294,34.2592306732599
53295,43.3561003627341
53296,32.569593603453164
53297,33.1609544963782
53298,34.78687373143085
53299,34.57435380207081
53300,31.978980712555327
53301,34.12301698258998
53302,26.7180705177337
53318,37.78171907391838
53319,32.049266072278854
53320,27.32596269085333
53321,37.708553872423295
53322,32.42248153180689
53323,31.265005006131574
53324,36.583994537520454
53430,52.59808444292862
53431,42.15373805646926
53432,40.49621245992904
53433,46.25864538614734
53434,44.4867585832957
53435,44.95875730549358
53436,42.679906922984415
53437,14.637302423585687
53438,25.746408770884205
53439,12.501854752758211
53440,35.8399431447557
53441,35.85897082427604
53442,23.030962277416208
53443,46.91763452037697
53444,40.838397775176524
53445,12.923165800504407
53446,8.916019397154328
53447,17.80205121838504
53448,18.83512367648185
53449,12.417583583917622
53450,23.101437678081407
53451,39.04030467145532
53452,37.74162823549368
53453,39.47651013829705
53483,30.494475256703748
53484,32.2620681685296
53485,29.521170217128187
53486,32.662688071969264
53487,12.41230930807347
53488,12.72010838083257
53489,8.241330300675562
53490,22.87062639937712
53491,22.116838743498196
53492,17.74094983075627
53493,26.85751481438186
53494,28.327303919356602
53527,35.98665912929165
53528,34.56268831663961
53529,34.68977154248506
53530,46.95419723579938
53531,45.27544914178564
53544,41.952691053208575
53545,40.37167294502437
53546,49.86997042271002
53547,46.70974518414507
53589,55.76077888964333
53590,41.76269740084313
53591,52.48191204583657
53592,53.52295138694798
53593,16.730299471061517
53594,18.47721021081382
53595,15.965141565310404
53596,33.58194143956855
53597,16.2914888214346
53598,13.22431283325085
53599,21.188795388836493
53600,18.278676441818487
53651,16.123146359438948
53652,34.44020774355349
53653,34.57483744525572
53654,31.009072460117554
53655,27.089356995123264
53656,40.19305123357311
53657,34.78909304573143
53658,36.546040283668525
53659,8.698193177663406
53660,23.278077518932257
53661,17.487469669719808
53662,18.89866181279486
53663,29.868565242652462
53664,47.40275539312197
53665,38.24932825658518
53666,39.40217431594181
53667,34.65208327658877
53668,22.486038666915135
53669,29.929614487481086
53670,27.538369328087228
53671,28.248109247952357
53672,27.61605649465298
53673,30.646912338643585
53674,38.61407512497572
53675,45.81096872345664
53676,39.10516313633974
53677,35.12084644047566
53678,39.52560377592534
53703,12.466114869642382
53704,5.722602291656732
53705,9.512906140194483
53706,18.73978791711412
53707,16.18307051799276
53720,27.086015623550292
53721,30.172992980214104
53722,28.196019353732574
53723,28.625079044241033
53724,28.37958136757488
53725,24.990469694075202
53726,24.359318506117155
53727,32.8918218845964
53728,32.92736749091381
53729,35.20329209376323
53730,46.03081282105508
53731,19.037556445846672
53732,26.89118726151048
53733,30.90466694958301
53734,31.847431450340977
53735,27.917506563605926
53736,37.56113937262082
53737,24.04134500851856
53738,32.8251455377019
53739,56.93413104498612
53740,42.776293268085034
53741,55.71120689281877
53742,50.13258382945574
53743,48.66051369210332
53794,64.76563506983761
53795,61.48287272931955
53796,61.79129078585155
53797,51.50603135802843
53798,46.287288590044994
53936,44.87079770202699
53937,51.01805287732166
53938,27.71550975550577
53939,34.67516860280796
53940,24.987230643785686
53941,31.877523388197403
53942,47.71220638997329
53943,37.021077466264906
53944,47.47933102061
53945,47.68918823133677
53946,51.91595121155986
53947,48.501393929938914
53954,37.091301706793764
53955,40.86379196433982
53956,11.5887860055544
53957,11.837267578556142
53958,16.00281085347055
53971,30.60096257930318
53972,22.595726336732326
53973,22.104742792112017
53974,38.88187311305933
53975,31.9083400921011
54001,39.99969134609758
54002,25.467963693932383
54003,30.679966431921734
54004,44.339671098404985
54017,33.53421852671844
54018,46.878694504646916
54019,43.728627460293254
54020,42.24251153250185
54021,19.19776792823764
54022,30.30519646936322
54023,26.45733816336064
54024,38.99547606381469
54025,26.397648706278343
54089,19.819142053763976
54090,23.984766983827996
54091,29.991933905986574
54092,41.30808466964202
54093,32.370269464065956
54094,43.14962499715996
54095,41.051346846098156
54108,47.971943286395835
54109,35.089981818752904
54110,52.82826059493853
54111,31.09643402243808
54120,62.666220005401414
54121,46.56641548174353
54122,46.22953464523862
54123,46.20511505880037
54124,44.38281520732981
54125,35.89584957163954
54131,38.799364587055145
54132,23.53347406570979
54133,43.440473581454874
54134,31.00534727512924
54135,31.34791335018976
54136,26.593557112282973
54137,18.798677486314727
54138,37.67941700632595
54139,38.32196199896635
54140,49.04859981106402
54162,33.581903388151424
54163,33.00968969728553
54164,44.59921697054627
54165,53.07352447298334
54178,49.80326218715099
54179,60.30813575714234
54180,44.371176357318
54181,45.40552665581659
54182,32.98209872738047
54183,32.400383342458014
54184,40.344482211844266
54185,38.50619877562014
54186,45.4088859199249
54187,46.06472480720643
54188,46.799561301250236
54189,32.54311571716522
54202,55.93090541086025
54203,56.97894678839299
54204,50.453163907797546
54205,36.84466193761004
54206,29.840913949978475
54207,44.23992144646239
54208,54.497869385667656
54209,56.39917869706243
54210,43.49770751433481
54246,37.436480064247824
54247,44.23347013931554
54248,39.279551543580375
54249,43.28805621110943
54250,48.396277037083024
54296,46.82629347997037
54297,13.288498067556208
54298,23.509121765863977
54299,16.82346075546405
54300,16.97682523835713
54301,23.146122454787225
54302,36.4357455502419
54303,32.9502444882936
54304,34.199218190957005
54305,27.6701586670162
54306,29.85349647021744
54307,31.80570108580192
54323,35.76535029257677
54324,49.2640453079859
54325,36.356903505348185
54326,48.75449349211259
54327,54.0784374927022
54328,3.6993882393496915
54329,17.046026712776214
54330,20.97651320149797
54388,19.222697358640584
54389,16.2453936381482
54390,12.22026783570014
54391,25.986130938922905
54392,28.13634056145829
54475,27.29338541607923
54476,32.85287957367938
54477,33.587819261602114
54478,36.34919565344486
54479,22.703141322791186
54480,30.483598715119623
54481,28.95496602810438
54482,32.81571666928836
54483,31.13528229789401
54484,42.859532289548206
54485,55.711747806486315
54486,47.69762378914853
54493,41.32556456969317
54494,41.359974719382265
54495,40.7526341677953
54496,35.63477299980563
54549,45.231328922302794
54550,37.640764918806184
54551,50.66357440171329
54552,42.98806771449976
54553,52.53331171603582
54554,54.8679779313306
54555,37.247776333539186
54556,40.00560424313182
54557,52.52681816048379
54558,53.447771574942166
54559,19.18172671655014
54564,21.311774104004137
54565,29.469498207201035
54566,34.10800524291815
54567,22.011073783273428
54659,39.244408035380225
54660,27.746060510172743
54661,27.30436380356046
54662,31.863549751588636
54674,32.68454187395975
54675,34.89472007534078
54676,44.385124507928595
54677,41.6227376389936
54714,38.82247062016478
54715,42.97871622107358
54716,48.605529226450834
54717,42.48297217843614
54718,31.478128189905025
54728,45.756753236273504
54729,43.793997887459945
54730,49.06497637011791
54731,45.34816304264494
54732,52.985082719202126
54785,70.014836010221
54786,53.930567334960706
54787,63.847439603250365
54788,51.31487741466834
54789,54.22614946726153
54790,27.68108352506232
54791,48.81092826374794
54792,35.439650350067325
54793,41.72448273737209
54794,31.627623846393107
54795,21.22933617806296
54796,33.701886358317026
54797,30.594536444816388
54798,27.617915331730057
54799,25.595555413321566
54800,34.44816779244344
54801,43.682684551736244
54802,51.258666421535
54851,38.09103727407726
54852,54.6586878998088
54853,47.08286318912496
54854,51.47216156653542
54935,45.162674044851606
54936,31.422327448932613
54937,35.295662117215
54938,35.465143353329886
54953,25.4126723589134
54954,27.08688820487326
54955,34.77397498504814
54956,44.08301070514196
54957,32.253423621317665
54958,33.148525890595444
54959,38.88572266249652
54960,45.02049962457193
54961,32.97769305172666
54962,33.331569467222465
54963,32.9578493783177
54964,43.82086817096934
55017,35.745351899388766
55018,6.986516595507466
55019,16.895211626786864
55020,15.710698016821425
55021,17.24500035399646
55022,9.746229602280309
55023,13.888752885967751
55024,26.181617383101337
55025,32.0318596972044
55026,32.347214107193395
55027,37.15169870528251
55028,39.80584435931246
55041,28.07056421752425
55042,34.739107177189354
55043,38.86202535654357
55044,24.914505499513375
55045,41.429077831245
55046,26.03179368678993
55047,45.13726571953759
55048,45.432377797600374
55049,49.66552077384278
55050,35.23082125870065
55051,44.97068562330927
55052,40.15904123996572
55060,46.701149906974365
55061,38.22656511803552
55062,52.64002416820966
55063,54.765946384793224
55095,58.781816279537814
55096,61.549231304075526
55097,56.29982921876623
55098,49.36914426028966
55127,67.28868691676301
55128,53.92990783935688
55129,55.48698216129308
55130,50.451339939301654
55131,46.78070729010949
55132,31.884390852066353
55133,36.4081453474655
55134,24.263317896196927
55135,33.96540766429529
55136,63.99147549316456
55137,36.27278947953094
55138,39.49799598178647
55179,50.23428961076738
55180,49.5714697274753
55181,48.94978529548664
55182,50.438205695351456
55183,45.692900731472136
55184,40.761867983667905
55185,39.83914560087969
55186,44.7553932844819
55187,47.3730875682841
55188,44.23049479399882
55189,44.53293072816549
55190,46.42672722492564
55191,40.76971648329997
55192,31.348902981445693
55193,47.59049358468012
55194,45.413886050782196
55220,49.587054621414545
55221,9.065674397598732
55222,17.235485787115458
55223,15.842562529851037
55224,18.491465358895855
55225,18.036033494741485
55226,16.904623195103003
55227,19.70705299389005
55228,27.915484933160396
55229,11.60318437738754
55230,18.84844117184549
55231,12.413022820843508
55261,18.792824669611438
55262,16.071679985762962
55263,18.385700622842887
55264,10.911667060076612
55265,15.68008736619386
55266,15.881182877331995
55279,15.450252603657384
55280,25.728977710955718
55281,27.909222639631597
55282,37.5973674265912
55283,35.29343720036355
55284,27.61951137207994
55285,42.55190920099178
55286,47.746590724061456
55287,41.576035788086806
55288,31.462659223892135
55289,48.44716057139088
55290,48.04908836990232
55349,19.026799464648334
55350,19.24211241241314
55351,21.426120079174776
55352,13.033746257077851
55353,17.215402815963756
55354,36.2411147506168
55355,35.795802707059735
55356,40.22411039442037
55357,40.70929677931594
55358,33.055416928159936
55359,38.11363314149017
55360,37.88112043874235
55517,36.24388596804642
55518,27.36211978937847
55519,42.46141488332265
55520,50.21171450072835
55521,27.39086169513332
55522,27.354475736897427
55523,29.757419047002262
55524,32.87167687423604
55525,45.3885537949533
55548,31.09135689275505
55549,22.076477141622778
55550,13.300582397150842
55551,19.285844087166325
