Index,target
66,20.43738886059223
67,24.768842729576733
68,26.733248415359164
69,31.103747056708333
70,32.22850560020996
71,35.69400496263211
72,37.075714305212465
73,35.80460501560564
74,41.2190883671995
75,43.20866793260232
76,47.773777017788966
77,50.27880372369311
141,32.21875653877775
142,34.28045142139802
143,35.6795169360443
144,35.36507503835683
217,26.85644881468994
218,29.78491141048821
219,36.25611631720986
220,37.137880731000855
221,13.313247929716358
222,17.245735358606325
223,17.73930878025367
224,18.540912385997515
225,18.006584651992853
226,18.72069271798185
227,25.415575674621856
228,26.668991153579082
229,30.63026402148201
230,34.44270560639173
231,36.53562948907515
232,39.93715625227792
233,33.74919224933489
234,44.84818049964356
235,48.09319247472301
236,51.72802238356284
237,53.48616531628107
238,54.130810638480746
239,56.27752753348548
240,56.429311575669026
241,65.7412427254779
242,72.52141474726771
243,74.00207805692459
244,75.11929809820235
423,14.899444438088533
424,15.571535018626863
425,24.23038054921984
426,25.535702061198677
427,28.788077323697905
428,32.809608144436815
429,35.022460715684154
430,34.31836021951837
431,35.82604033582869
432,37.100279792086006
433,37.16180016879371
434,35.18767475341016
447,17.771252874621872
448,20.1192407207516
449,22.87256818680073
450,25.014659599906288
519,23.855366844983134
520,34.52278144248168
521,38.417826641978294
522,39.07040793936384
554,12.53833847870642
555,19.31025666291323
556,34.61149672286289
557,42.53875165997628
558,43.968954087053575
559,14.783792456913197
560,16.39305712076937
561,17.187159873486262
562,20.25917094849542
563,24.699849927940274
585,29.33438675760138
586,31.8278217472934
587,32.83106242597748
588,34.03705908300236
589,35.04231196945005
590,34.31621310271672
591,36.054670624777394
592,36.93324497909698
593,40.75013026424424
594,46.980131766109984
595,49.38346659298198
596,49.16203941891893
606,26.350198522636475
607,27.48378011841592
608,29.489275879057182
609,30.72711026008807
610,31.367360896456955
611,31.06966163074792
612,36.14025838280809
613,38.12876398196494
614,38.0488794653507
615,41.24541792422848
616,42.16755254868164
617,44.4265817823885
618,22.891204353186836
619,27.6523442079705
620,33.66903439109554
621,43.210440842923134
622,39.727252004800334
623,41.98187830091785
624,42.915840555327144
625,50.1833638591548
626,53.38665601635343
638,45.73229247917688
639,50.14474586310138
640,52.45434561356495
641,54.787054080287426
713,49.30761239622459
714,49.34941393575492
715,55.16126363187993
716,61.26784590713727
717,62.11689638559973
718,60.23007148709994
719,62.60693658537457
720,64.69510483363364
721,63.95877392192452
722,65.12803049084116
723,64.96584595893403
724,66.94760766297019
731,31.209763146143192
732,30.63365285442167
733,31.313228762524542
734,30.77466278776364
735,31.13487762824774
736,32.467908626413845
737,34.19555707590063
738,34.61213604115151
739,38.333501542473975
740,40.276797510778955
741,43.272151380107005
742,49.448257621195914
759,32.570368947517444
760,36.58543937802295
761,38.43914209763473
762,37.45036525233091
763,38.97732091350791
770,33.433971550070915
771,38.02203325640452
772,37.99880511276477
773,40.136344798697436
774,42.83625599702625
775,13.71429093173565
776,25.198601420104843
777,29.742627178863618
778,28.459286588549247
779,33.2761456279405
780,35.21547080898372
781,37.07254012856832
782,37.30675145807037
783,42.667995013528945
784,47.84789843830981
785,55.439864722552926
786,54.12612634481856
787,53.76694042157251
788,55.52430575085639
789,55.4328745210433
790,56.541068324438385
791,57.6992948351479
792,59.60098621698496
822,35.79829400825053
823,39.05534799811454
824,46.38567096199739
825,49.98756255470257
826,53.568031974420464
839,22.63490488726282
840,23.670293378535643
841,28.72747488754628
842,34.452689243711724
843,35.730362397150934
844,38.32609711378732
845,40.31926598456512
846,41.15834645051436
847,42.05364697417522
848,42.07520281268963
849,44.25404860655529
850,45.934382875866156
911,18.496257139025666
912,17.7412825076768
913,25.741789780756893
914,29.109214825892803
915,29.25223545846367
916,30.85638465358659
917,33.00663488772434
918,40.19434942150249
919,41.76485794962271
920,43.857599844731524
921,46.011622734677495
922,44.08228371288108
944,22.596521100345054
945,30.432820100998708
946,33.39046528283378
947,35.16986789843043
948,35.485334241056016
949,39.71033809539802
959,43.36442755285042
960,52.9267964491368
961,56.77670200662058
962,58.41439720083603
963,58.93654443718602
964,58.2507318954191
965,59.79604216210006
966,60.17168358590858
967,61.005084009934826
968,62.504528152385745
969,61.593854290704904
970,62.38720341006612
1097,26.20951412321131
1098,30.582602572870197
1099,33.06795601328221
1100,34.452491976873006
1101,36.91476588561839
1102,42.478887360790196
1103,44.61438424692685
1133,28.52417257441551
1134,39.68313798068394
1135,46.50487623030645
1136,48.33839684326144
1137,55.960743573496025
1138,60.201073831003555
1139,29.847396734353502
1140,35.0060146881864
1141,35.90167064017363
1142,36.70670256137271
1143,41.53127074809125
1156,36.36968854265567
1157,37.63900760553425
1158,37.21956172259466
1159,38.38192448768362
1271,31.23068504337748
1272,32.26470150291121
1273,34.05243825272248
1274,35.41742568885633
1275,34.15213737158304
1276,36.48566351482923
1277,45.28217264829646
1278,44.781650614196494
1279,47.20743952420395
1280,49.727765192510816
1281,50.78547159261083
1282,52.80816572068354
1294,56.585986191851084
1295,61.23097330748271
1296,65.77271516827817
1297,65.85386384607857
1298,67.23011446279723
1299,66.70786354503525
1300,68.51026761264728
1301,68.45852617421177
1302,74.03120464246308
1303,83.31562434995577
1304,85.22459820175564
1305,88.54582113477876
1318,10.474570678589247
1319,14.712168485572215
1320,15.674203557550193
1321,19.095357378316177
1322,20.96290760464741
1323,23.785252338851613
1324,25.503846314631634
1325,27.226409301676988
1326,30.49509579898116
1327,33.46994075594126
1328,33.812083655286465
1329,40.70804396308628
1443,23.98149212201928
1444,30.553899859290656
1445,35.88759695583322
1446,38.06929291517453
1447,35.265538190177146
1448,38.25284319453038
1449,38.034496117733816
1450,39.88156223234456
1451,41.44862440730162
1452,43.813592025639686
1453,50.36757837151403
1491,22.850478294579883
1492,27.597975294236566
1493,31.739874089196608
1494,41.500282389347205
1495,44.59770796598865
1496,47.11258993346782
1497,33.045417350431116
1498,40.95096702225587
1499,45.0849817551327
1500,44.3400405891643
1501,45.41791440559325
1502,46.0941775876653
1540,41.62173041470337
1541,47.16347807956351
1542,52.327916397110315
1543,52.29564728467008
1544,52.82396168977599
1545,50.58876661306504
1546,52.88146015354095
1547,53.55252419191069
1548,62.391105479472266
1549,69.52890900970087
1550,69.62254436655006
1551,71.0338558878651
1682,34.32947193042517
1683,54.01248917016936
1684,56.766262645083025
1685,60.35012726327647
1686,58.9240029180238
1687,59.57912503634456
1688,60.39646566759994
1689,63.83801432004531
1690,63.58459385537813
1691,64.8700795808686
1692,65.3234246851732
1693,68.72543393777374
1788,3.3577801801486853
1789,1.7165528028610604
1790,1.568410388890113
1791,2.1998170961845287
1792,2.751127748986499
1793,4.680477229398749
1794,8.253577553182568
1795,15.418176421842885
1796,17.742803160472896
1797,18.202669831201884
1798,19.540657201408425
1799,19.869760248549667
1823,3.729142630928968
1824,24.517895398456993
1825,28.43092339900567
1826,31.87548711784923
1827,36.9393023347781
1828,37.67385181964045
1829,41.8962762289078
1830,42.971741025266965
1831,48.0743692720552
1832,55.65509995653472
1833,51.21973939189585
1834,54.66722106422999
1835,3.9715667341780874
1836,15.57861900663913
1837,25.311955240935884
1838,29.732520380504166
1839,31.595938542598034
1888,9.461237365261747
1889,13.34772551905288
1890,15.414399885769136
1891,16.021689994397622
1892,18.034850984394666
1893,23.53816881768021
1894,25.82115401101147
1895,26.88299849979876
1896,29.00032504380428
1897,30.508121317933206
1898,39.70682142417313
1899,50.02182462516143
1900,13.614385200910226
1901,30.052003830229495
1902,36.2329008323413
1903,37.19336892384514
1921,18.212944141499587
1922,24.078553143117986
1923,28.877707170407753
1924,31.247067975093508
1925,33.04539838859872
1926,35.86723907309556
1927,36.07900602272384
1928,39.39245690246179
1929,39.37778886694954
2057,19.665664286768827
2058,20.30335428389939
2059,21.103343410050538
2060,32.44142276297622
2061,31.89295638670148
2062,34.03402898514465
2063,33.634006019132386
2064,39.039014449830496
2065,40.92676940302041
2066,42.27542882645628
2067,45.62238609312648
2068,49.908707246375556
2139,48.45754290393497
2140,50.000654336789225
2141,49.93278237980455
2142,62.21791724253803
2218,20.04366328124367
2219,32.695197584757125
2220,36.402447186370686
2221,37.64812856895145
2222,38.78859778383619
2223,40.45459096910302
2224,41.98736417797733
2225,44.68759342270863
2226,43.2457849199994
2227,43.032167932343235
2255,38.37458449073222
2256,39.033358490210425
2257,39.66961182624787
2258,40.17155452804094
2259,37.609344620672736
2260,38.01042422332644
2261,40.05012002736883
2262,44.74785604366635
2263,44.64154642456399
2264,45.937166596613245
2265,48.70103242346432
2266,53.504859769649876
2271,32.66751531099391
2272,31.533017709489165
2273,34.34321527871431
2274,35.67740476466659
2287,23.301741699775896
2288,23.494700706661067
2289,24.6188200206307
2290,32.06825063432997
2336,12.409555220235184
2337,22.59143555448081
2338,28.086004521582836
2339,29.07598971587027
2340,33.24889501307717
2341,35.48345432696191
2342,48.05104914312014
2343,49.383144186213954
2344,49.21377610617841
2345,50.94582843607414
2346,50.95694373576218
2347,51.596693064365475
2413,17.401932472479796
2414,23.719000710579213
2415,25.904607450608218
2416,26.39782737921665
2417,26.90166824191848
2418,27.742458196909322
2419,30.90633878991136
2420,32.074179601786724
2437,38.84550335958854
2438,39.66960978420419
2439,44.11144077178949
2440,55.805212834899486
2479,38.35909606562258
2480,43.50940669697041
2481,42.72913846977949
2482,44.9622721501289
2483,20.477950694066486
2484,20.463028702233775
2485,24.75101887287949
2486,23.740077898325293
2487,26.011996815933426
2488,25.563866375014378
2489,34.69671604110943
2490,40.77129246319721
2491,40.83313299737304
2492,40.210241914800086
2493,41.537244767711286
2494,45.92200482693588
2535,42.85992728994032
2536,44.55118500303273
2537,50.009437819072524
2538,50.236359172900364
2539,56.018513200148476
2557,28.42674603073946
2558,26.792313024239473
2559,27.16874180103022
2560,32.04460273837978
2561,34.513413723694086
2562,35.485276947440504
2563,37.772875875001105
2564,47.5553626152363
2565,50.961367489590856
2566,49.96368434802715
2567,52.21639592663921
2568,53.64265581924542
2573,37.08041611428533
2574,43.21304844409986
2575,40.324624485366144
2576,47.46162977583678
2577,45.31775440073229
2578,47.269470236229
2579,49.30319253337927
2580,50.505973509571255
2581,52.411501627917104
2582,55.10784861187842
2583,58.72543388617191
2584,61.48751917174924
2585,17.890401894869104
2586,16.04592350482372
2587,16.101864147618063
2588,15.07815089615885
2589,38.20054121288923
2590,41.94612492130607
2591,45.16773858312369
2592,52.25263069094281
2593,55.79888712330573
2594,29.4957067740093
2595,32.81594672096305
2596,30.224059817808303
2597,30.675144634711188
2598,42.067540710405815
2599,45.258753591964464
2600,44.741833599260005
2601,43.096886136912346
2602,41.297312460326395
2603,41.3860326692577
2604,43.404410838832646
2605,43.08914011161984
2606,11.640297165853836
2607,16.2246584157351
2608,17.041807168636605
2609,18.37776398915207
2610,18.004184828296747
2632,51.21189417249956
2633,51.81181107765804
2634,55.64449026559321
2635,57.429526192325724
2636,23.824640428077362
2637,26.88619358245205
2638,30.386897910772785
2639,33.000067099129744
2640,34.14923202070388
2641,38.106832243490516
2642,48.90313759037491
2643,52.05802329478516
2644,55.881725162813495
2645,58.68220176610391
2646,56.63417335859929
2647,57.74856817159165
2672,8.216958825846296
2673,7.5248967828007425
2674,9.423481377698181
2675,12.587294971186306
2676,13.026581251566544
2677,21.770870806236672
2678,23.530764756843176
2679,25.195418151876595
2680,28.706922990570444
2830,32.28219414043627
2831,31.20023289944277
2832,32.0274432618928
2833,30.155385880740315
2834,33.48627631260591
2903,10.343844329925332
2904,7.959123080074554
2905,8.538769887156073
2906,9.928879025212508
2955,36.48684483987661
2956,42.82091746000022
2957,47.95795250825271
2958,47.228277981693736
2959,48.926672461780704
2960,48.787239388484345
2961,50.86981685613657
2962,55.00164877663478
2963,55.83548146251611
2964,36.573128435331746
2965,41.00496240152964
2966,47.83615073985568
2967,52.777078232032075
2968,56.06857612671866
2969,54.923731449944384
2970,58.17146856334434
2971,59.24183670316976
2972,60.184763100674466
2973,61.84101590156211
2974,62.95850018231404
2975,61.64953550273275
3006,56.33614639274073
3007,62.38729197127436
3008,69.03760284037389
3009,72.44672379795253
3010,72.09162973779809
3011,73.67831425799133
3012,72.09674763784633
3013,73.35942292057173
3014,73.92837741645
3031,29.73666642800649
3032,28.416422203788912
3033,43.25748005589413
3034,49.24211891195431
3035,51.6150747021129
3036,56.58380111478144
3037,57.67633637498802
3038,57.68698091919686
3167,18.194981802919887
3168,19.31788012992438
3169,21.10420437476631
3170,21.930115465926505
3175,33.46886173318597
3176,36.83676630884169
3177,36.436185625612005
3178,35.36042854416206
3179,37.34320640110547
3180,39.06774612471423
3181,39.74086811563837
3182,46.552613175153354
3183,53.01353342183891
3184,50.89167485248731
3185,56.70995576548634
3186,57.69787553232686
3192,26.540189312899575
3193,24.94845763948874
3194,27.22853909348517
3195,31.319899735044704
3196,35.448580005812076
3197,10.042468544636588
3198,6.852937689778556
3199,17.595671326218497
3200,20.27744665777754
3201,31.520092890048247
3202,40.83218021652801
3203,38.44481006447398
3204,45.039571110046445
3293,41.308623220302294
3294,44.64089802023521
3295,42.06584273990533
3296,45.043830375885555
3297,33.94196010527743
3298,42.19620822698916
3299,48.14213134262149
3300,51.61003449585796
3301,51.78062991046598
3302,54.27001111843235
3303,57.40601401094206
3304,55.849695010967416
3305,56.3120946770688
3306,59.623113584120944
3307,59.71380503136201
3308,60.52503829638062
3309,14.052581622354754
3310,17.1417325941897
3311,28.502467979186473
3312,34.431600231388636
3313,34.09481495841026
3334,18.04860338661972
3335,28.18044015375624
3336,33.27497095853818
3337,32.107680898334976
3338,33.021957236912016
3339,33.21953866284967
3340,33.500335892657205
3341,35.5953819115686
3342,36.26416971519343
3343,51.867981396294155
3344,54.76926981548231
3345,40.58594878369996
3346,49.23997054264404
3347,54.73304111315857
3348,54.588048803994056
3361,19.005147471052993
3362,18.39371069128663
3363,17.2715047921411
3364,30.74084476026687
3393,19.154781525257118
3394,17.17525822099225
3395,19.5316692857266
3396,24.485039784143723
3425,32.433771677726185
3426,33.91726162062292
3427,35.57682421679306
3428,57.37935887429159
3429,58.373403925811445
3430,61.296647226956956
3431,61.671942255211775
3432,61.67665035860259
3472,13.808351933589428
3473,18.618979235895402
3474,19.192184747225696
3475,19.428909088494304
3476,20.092158219116172
3477,31.347699712893775
3478,33.18418271823856
3479,33.48162464342309
3480,34.51229144658218
3481,37.68983834665534
3482,37.470355679666575
3483,39.25579695612006
3521,18.662118354551172
3522,16.07341634080189
3523,16.014286503488105
3524,19.279473615478288
3583,18.089763176172937
3584,16.76812778616281
3585,14.963230351539435
3586,25.127064130187815
3587,27.51103121580492
3588,30.521723999019116
3589,33.538298359110115
3590,37.53780684595653
3591,39.64017464208672
3592,41.5596091584558
3593,42.078361557494134
3594,13.27270397027535
3595,23.178190691546416
3596,26.216081885921266
3597,33.07338192040844
3598,35.29657722133573
3599,5.333626138559503
3600,2.9894794175766926
3601,7.4487101678261025
3602,9.20508400422951
3603,10.380004621082325
3604,13.729740832088773
3605,15.25360347424914
3606,23.319036886599996
3607,26.455829031186244
3608,27.299051888602257
3609,28.32295715632865
3610,28.729725032929558
3644,12.979333897219682
3645,13.61532838476824
3646,14.477938549221506
3647,13.63835012317622
3648,14.063049713971516
3649,16.714086461368833
3650,18.747846500030015
3651,23.971801989644984
3652,23.832989750689265
3653,29.158388102110237
3654,34.11815189284057
3655,36.13182296079952
3812,33.10698745459779
3813,31.089398351694456
3814,33.26858993208442
3815,37.2593054580446
3816,51.58761474106659
3817,55.38203239789292
3818,39.5281538979221
3819,46.02469816954726
3820,48.49707702882095
3821,48.23842988313951
3822,48.38134858612796
3823,49.6211465813943
3824,51.71144469201133
3825,52.96679369849308
3826,60.70559235959815
3827,66.65704452013848
3828,66.92203425653092
3829,68.76382585371124
3886,31.045442874764785
3887,34.802292418349275
3888,42.070770811438464
3889,42.65977118992884
4051,15.819575504633852
4052,19.078248941197444
4053,21.172679366367785
4054,21.806683304429264
4055,23.058858138825542
4056,22.342655908578802
4057,22.54000658489069
4058,22.88734471742938
4059,24.555102370923713
4060,28.481498838594575
4061,33.24967744838306
4062,34.686132927361854
4128,14.817014766144453
4129,14.66262626899424
4130,22.847218159319674
4131,25.00301702636743
4132,27.86894838663062
4133,29.608179334198848
4134,29.373112605422047
4135,32.11037803094175
4136,38.11146777769435
4137,41.25761655505316
4176,18.05596864629303
4177,23.48418090292481
4178,28.194098742453512
4179,30.32356477487716
4201,49.33006121326681
4202,52.81191735352811
4203,54.33915786715346
4204,51.65939698601769
4205,54.08044415863812
4206,58.02721878773219
4207,61.88385219916942
4228,49.735498152133204
4229,54.588300601504386
4230,56.45985584509718
4231,59.8054324533336
4232,60.85930707050006
4239,21.47287133291583
4240,24.96045304014398
4241,30.94190306233186
4242,35.65587113713273
4249,28.392568439147844
4250,27.651177999615253
4251,28.202399843383997
4252,34.104661651340365
4253,37.015520384071614
4254,43.56275673906573
4255,43.56864239359706
4256,49.75177501743794
4257,47.05766545527211
4258,48.47001303565861
4259,47.918370814904456
4260,50.314513704398124
4270,46.50766656933342
4271,46.41340591492942
4272,50.867095188491916
4273,51.06307767692166
4274,41.921364559890655
4275,49.29293880417186
4276,49.08310607173099
4277,47.50691272453361
4278,47.73342965837222
4279,48.68015938319347
4280,50.87598787480393
4281,50.19401697555319
4282,55.30638376111306
4283,54.35389043628791
4284,57.15207269940969
4285,59.52549153047093
4323,9.96566156527895
4324,18.64688786895912
4325,24.15594766381835
4326,27.372572851902007
4327,32.556432859628856
4328,33.69724438861685
4329,34.66731976543184
4330,41.88078656088415
4331,47.5759626941016
4332,52.0071940285547
4333,48.81505813575095
4362,8.520389413899473
4363,12.214193645474404
4364,14.676317441474351
4365,13.876105203588631
4366,14.142601390113255
4367,42.83997597533407
4368,41.974987321244704
4369,43.46011812003724
4370,44.99076125033919
4371,43.94583877185803
4399,32.21563925978391
4400,35.2908147401784
4401,37.10814527489554
4402,53.985133350037366
4403,61.50700298719907
4425,24.081569083307276
4426,32.33421910391933
4427,53.265557002266135
4428,53.385081328464594
4429,54.114995069434435
4430,54.44665633143972
4431,55.06627028698392
4432,54.8122750755659
4433,52.728599138924885
4434,54.752498190763156
4435,54.76268414323157
4484,15.93288380573517
4485,15.484144344896
4486,21.668146794837558
4487,29.6698920896906
4545,19.039325062644608
4546,23.78827512236297
4547,25.646831189954444
4548,31.15952875399871
4549,34.647460523426744
4550,42.331380721138395
4551,40.47011875438604
4552,39.58919181563937
4553,42.90490820061294
4554,46.79769750098304
4555,46.44150058808965
4561,12.501888816816077
4562,16.537626302651343
4563,18.976510426842673
4564,18.557500302467755
4698,22.332686693527855
4699,24.911299156624892
4700,29.82934638360996
4701,33.90723689106922
4702,34.99340410535406
4703,35.804083767717096
4704,38.51042948335724
4705,42.33890934312535
4706,42.79384119493111
4707,45.94279677517773
4708,45.47948479892552
4785,13.731415408534257
4786,15.573086615044755
4787,30.788539066823834
4788,36.73085437982627
4828,28.049539322646023
4829,36.71339818505685
4830,39.725659914791926
4831,39.967697017625646
4832,44.20750976558982
4837,3.6247211252178118
4838,4.1051859170068035
4839,6.29507565911526
4840,38.95279035629961
4891,22.170821568844378
4892,21.811836549503656
4893,21.82318220909484
4894,24.39936691105443
4956,47.244365245541736
4957,59.899652293087435
4958,70.15696139724224
4959,71.18685124623711
4997,15.900377683849381
4998,19.78254972014078
4999,25.69057602841628
5000,26.927852955729584
5001,28.907906975001797
5002,30.346579031026398
5003,30.573031692912195
5004,32.9074181108962
5005,33.677058981614195
5006,32.74366704278901
5007,41.58917429330775
5008,46.36547182832193
5045,5.959093929889144
5046,5.416840380763824
5047,9.144811910267343
5048,13.469350336601869
5085,18.01696877486459
5086,16.326905163223625
5087,15.93507195885628
5088,19.059122802813324
5089,21.12671080482964
5090,25.032665333602502
5091,26.325503073120014
5092,28.31461587332685
5093,31.049458239166732
5094,33.72329126351461
5095,33.89179219363706
5096,36.90882112295021
5097,9.156281428774053
5098,23.300180795592155
5099,26.64684748155587
5100,27.5445199389339
5101,31.589686531142892
5102,32.69237361593797
5103,28.994323742186612
5104,42.147643599847285
5257,8.312400720505961
5258,7.955968986760984
5259,11.921048899733085
5260,13.01925918271346
5261,14.050661234201307
5262,15.000916162624794
5263,22.863882430766374
5264,26.192660550688185
5265,28.807121264679115
5266,29.362905291178905
5267,32.24803347236859
5268,32.91736489898735
5372,49.752357539024565
5373,48.39378772471498
5374,52.97918390409269
5375,56.884343646810684
5376,62.83801942853537
5377,64.74551538298887
5378,64.05296376945202
5379,65.77200224429608
5380,66.06045091547523
5381,68.534377906502
5382,71.91998817208018
5383,74.41832890188272
5419,20.259418170057362
5420,19.681331607111492
5421,24.313247932125552
5422,24.328196773790733
5423,38.719088959637894
5424,42.54637068322317
5425,45.20068336756795
5426,46.40901540623515
5427,47.191707278903934
5428,51.129031870535755
5429,53.36037205864809
5438,41.8119673542942
5439,45.278059864880106
5440,49.862853808408275
5441,57.23748114020928
5454,48.97812137927263
5455,49.762552883005384
5456,50.03251733028973
5457,49.44102587370242
5458,55.63883981472735
5459,62.85517331853426
5460,69.45716225462498
5461,70.88584111903349
5494,16.075263672502583
5495,16.171638314043165
5496,23.522317760763023
5497,27.698379028590125
5498,29.47238029414429
5499,35.346716229127786
5500,39.552785043617654
5501,38.804913463186516
5629,3.3777996050965595
5630,7.667952200346234
5631,8.662162579134499
5632,11.649410619845646
5633,35.44005256304428
5634,34.20570370791745
5635,38.52046842645175
5636,45.12109130985628
5637,47.269389978514745
5638,47.25563807082231
5639,48.262996333708074
5640,48.51784110093884
5641,49.32640108403626
5642,50.89524552959079
5643,51.49359769175536
5644,52.72886028113517
5645,4.733424486755472
5646,12.800100262969645
5647,14.229886287842081
5648,16.681809407254026
5649,18.74153373649571
5650,24.417938732861902
5651,31.523282229527602
5652,32.03383761052713
5653,32.92767849857704
5666,39.23609279113147
5667,43.62085752632291
5668,44.39368560086095
5669,46.27972069972202
5670,46.124599808339795
5671,47.847381750026
5672,52.252467675782256
5673,52.60721108388477
5674,54.9461744362869
5675,56.742839865571966
5676,59.31811364847126
5677,58.3363576744676
5732,14.625313932073308
5733,28.773042725447482
5734,34.36568897887969
5735,34.661107920265714
5736,35.805937149464455
5737,37.35899631200688
5738,38.53412043790135
5739,39.97755287583435
5740,42.94703260199552
5741,43.15509106891509
5742,44.38951676992268
5743,43.448769933059154
5863,51.80042813422493
5864,50.11595121447782
5865,52.88532139924472
5866,55.32559516337151
5867,58.846163966353934
5868,59.59238022844717
5869,63.61702992168748
5870,64.61643388942791
5871,67.46769944268038
5872,67.95909879133183
5873,67.4234332533129
5874,68.23611183985972
5907,33.11904268762662
5908,34.60482973821523
5909,40.495975615972526
5910,49.85350354464375
5911,55.43223066923143
5912,57.82647594559149
5913,56.99338253962444
5914,56.47203382444477
5915,57.278472265582224
5916,59.70971435461556
5917,60.595463558778526
5918,60.58057804745444
5940,28.090418344376634
5941,30.19988652779168
5942,32.75776671365543
5943,31.983659990724338
5944,12.202594660004966
5945,14.240076512634568
5946,16.321451053688833
5947,22.077057259416964
5948,24.262619840184048
5949,27.20984786094994
5950,29.106226723249165
5951,35.17478556055066
5952,36.65051115320842
5953,38.57510099635535
5954,39.3956875462092
5955,46.78184405879188
5980,29.925806407769425
5981,33.077060701719454
5982,34.188806212535255
5983,38.22116764920172
5984,42.30145253398544
5985,37.16521715091354
5986,36.20715392486372
5987,36.43109279235765
5988,39.11658353925332
5989,41.69351857595275
5990,45.64242557744461
5991,45.85514689698955
5992,49.219610440302624
5993,49.67803323347807
5994,48.94501007704278
5995,50.93535489208223
5996,54.90871887848107
6001,33.27280568262868
6002,32.01732779333743
6003,33.319351790175524
6004,42.72506787965011
6005,55.23432897709061
6006,56.43837032948706
6007,65.42422642274697
6008,70.42535357189686
6021,26.732812889505286
6022,31.828613172449366
6023,43.931025439874446
6024,50.46206610299034
6025,55.08013884986479
6026,56.14271509293808
6027,57.13386211337832
6028,60.451429510987055
6029,59.269784612261205
6030,60.24222545718597
6031,61.38477671974499
6032,64.26362811681476
6122,38.02613339186473
6123,36.48034127906672
6124,40.05597529324452
6125,40.56868118894461
6261,23.93422323650827
6262,35.852095387336284
6263,46.79359800148838
6264,57.973233907064724
6265,59.68987345468052
6266,63.42693190298556
6267,63.826507832093014
6268,61.82011993440401
6269,63.37519997672895
6270,65.07460255017436
6271,65.55036013287743
6272,66.46723200661003
6313,40.83253472859666
6314,43.99218253862911
6315,48.238874048984734
6316,49.865709080650625
6317,54.384376391698495
6318,55.161666632388695
6319,56.346998765861464
6320,59.789908468107456
6321,3.5460322250432563
6322,2.253063531180299
6323,8.33552575285484
6324,12.210356766118654
6325,12.352644603269876
6326,12.998804834005032
6327,12.976102831467092
6328,22.888742080148436
6329,26.447570847075877
6330,27.01894846450307
6331,28.18363334123624
6332,28.53819097236787
6348,8.309180377529996
6349,8.904645895855477
6350,9.29084099898693
6351,12.102773450285387
6352,12.548327725343908
6353,13.38102061125972
6354,14.492661932790588
6355,22.369206853829887
6356,25.074412990468026
6357,25.862067388732594
6388,31.270555622386915
6389,32.02762671527904
6390,29.854218798008866
6391,30.11850771389177
6392,35.716753295842956
6393,36.16707010710006
6394,36.656056612044004
6395,43.79486179011395
6396,46.086102872129736
6397,46.8481177559636
6398,48.490201847391575
6399,48.0756801815451
6462,10.004509971908929
6463,14.534757654946498
6464,23.207181492911246
6465,31.479214331824796
6486,3.176765352605684
6487,14.45764668745244
6488,18.094552275745528
6489,17.710725685130225
6490,22.373715988272124
6491,24.903537458291567
6492,27.298283838378165
6493,28.653419018230824
6494,33.06975606490696
6495,38.01377728883375
6496,38.519595287180245
6497,39.286182112517615
6538,32.07748030289446
6539,33.46358555599283
6540,36.22871849659322
6541,35.33763625103026
6558,36.59829842491599
6559,41.13503266593258
6560,45.20571772513232
6561,47.822911777961856
6562,11.70944527188237
6563,14.201670009965646
6564,16.138263209123032
6565,24.898041882984817
6566,28.776410139764636
6567,31.00530222545091
6568,31.716737031234526
6569,31.674942158614368
6570,35.277758561191966
6571,37.18108656822252
6572,39.461866949971295
6573,42.11161135470996
6574,29.450148058624695
6575,31.448560586648163
6576,38.85070969777849
6577,41.10937630504561
6578,47.26710054581691
6579,34.64165313431908
6580,34.059706685774636
6581,34.79380414649046
6582,34.96369304786806
6603,29.989153325552714
6604,31.99826624736405
6605,32.19354721412046
6606,33.29372301892638
6607,34.61940361201538
6608,34.8458463821175
6609,47.094957050906345
6610,48.85033916911569
6611,48.641639785303504
6612,51.22708110451447
6613,50.72623141849995
6614,54.386198155875206
6643,10.364406583297665
6644,10.157629483223568
6645,9.981874569703965
6646,13.252957586553523
6647,17.583175889564288
6648,18.972395739183153
6649,18.839680964060598
6650,22.25528694438915
6651,23.470166868845347
6652,25.708951439498414
6653,25.476448102927467
6654,26.725561992518987
6663,31.250597916584624
6664,33.74764795413045
6665,34.34628927384253
6666,36.544562339531154
6667,35.22638571874868
6668,43.54936785373322
6669,48.88361507033457
6670,50.68116445288999
6671,49.83707995302066
6672,51.529074789272805
6673,50.20365850388834
6674,50.816139384239094
6675,26.245380966396876
6676,29.11821119397364
6677,29.47417383629552
6678,35.01841363865605
6753,42.64146962584421
6754,52.386153382278025
6755,59.44137934433905
6756,60.83119346980996
6757,37.179071484448656
6758,42.90024675763406
6759,48.02972450027078
6760,51.13190813713354
6768,30.111795391906124
6769,43.69112030925808
6770,53.7298201297237
6771,57.3562247128278
6772,61.66569514348881
6773,68.90052079148774
6774,71.10806368521953
6775,67.57216051068889
6776,69.21381085493066
6777,71.40500646615021
6778,72.56306403461643
6779,73.20899415002702
6788,12.320860039408
6789,11.478138369686102
6790,13.570989760005197
6791,14.445590518207883
6792,14.43000785360579
6793,15.07129486590389
6794,17.003177349796246
6795,18.201963447012854
6796,22.08508448935023
6797,25.690084002537265
6798,26.91395182980806
6799,30.972602957007275
6842,33.1985447514324
6843,38.43255879364726
6844,43.886912913216534
6845,48.07934669266135
6846,48.53160933492985
6895,30.10238628606148
6896,36.573583692545014
6897,37.5166365372489
6898,43.20236126331939
6899,42.063803600915485
6900,43.994512574497136
6901,43.82851437730427
6902,49.57455581616539
6903,50.48258941533822
6904,54.582504401930684
6905,57.83622089736386
6906,57.14394391922695
6907,60.587097126459724
6908,59.10679880036085
6909,60.81656845342279
6910,61.80461802273996
6956,28.108244343474624
6957,34.04675655678227
6958,38.09503206204719
6959,43.95300113713511
6960,48.63664931326904
6961,53.36645735166579
6962,52.07840653894985
6963,55.41126166618355
6972,22.170821568844378
6973,27.006959577694772
6974,29.497872466301757
6975,30.89859165808781
6976,37.41105469758037
6977,40.93451604630638
6978,40.42870256952092
6979,42.12305781999897
6980,43.17645896788076
6981,46.93106191603788
6982,49.01965121554774
6983,50.24846826735132
7052,39.023549557356866
7053,39.63600174159924
7054,41.32688994971109
7055,46.86767924551601
7084,3.2596684075066844
7085,1.635796304112473
7086,1.59827329077863
7087,1.4906361432599162
7088,7.438189734403975
7089,8.437369064452119
7090,9.734396087713666
7091,16.884662945764898
7092,19.299918615020708
7093,19.418796993677223
7094,19.838524092599677
7095,19.199354171598475
7096,26.613800614631476
7097,34.55156834887707
7098,38.49864543285099
7099,41.63475697677741
7100,49.88220072776012
7101,41.7883303023921
7102,39.24689447584083
7103,40.978905816035734
7104,42.632105972351205
7121,12.577033072680871
7122,22.996231226496306
7123,26.76573453152444
7124,36.95566823098886
7134,48.30704239746898
7135,48.955603769924245
7136,48.70399261976948
7137,54.020199830276944
7199,20.189387606104955
7200,20.384451365357606
7201,37.20209695924804
7202,43.07033475918845
7203,42.938864979739236
7204,44.066856618714375
7205,44.637940132807564
7206,45.7251498674365
7207,44.804690749163925
7208,46.42730346924711
7209,46.43165259549676
7210,50.081573455554704
7279,19.877802065718164
7280,17.822521981453562
7281,23.547492721640577
7282,23.318761315243083
7287,26.70874728870521
7288,24.855001475260362
7289,25.012179254664517
7290,26.004087285426746
7291,27.773704629379697
7292,26.938951946909814
7293,33.49683985258773
7294,42.88951786338026
7295,41.54475853963526
7296,44.681584926410025
7297,48.70851648459877
7298,51.419371384741275
7371,7.982443605384931
7372,6.710699974223865
7373,8.114022696668284
7374,11.932997389558173
7375,14.581565624714314
7376,15.413817122052722
7377,19.104682250834347
7378,21.967141030267825
7379,23.874897861779793
7380,24.456581878800815
7381,25.891616511075767
7382,27.649604716476336
7510,41.50399842216652
7511,44.43605216179334
7512,49.93313305461239
7513,51.35019624864139
7514,50.919214698509144
7551,3.6752743874250795
7552,2.2771670918732245
7553,2.2735860262309564
7554,3.112967769573619
7590,23.160818488657817
7591,26.763495796646083
7592,31.417096703099986
7593,33.86393795151642
7594,42.67749197795694
7595,41.07431253802363
7596,42.97865257674815
7597,41.39175036211113
7629,28.42674603073946
7630,28.358547231224104
7631,29.203475190899287
7632,29.077044289377678
7633,31.640894082165786
7634,41.13827202784413
7639,28.58987470550402
7640,34.23349856356015
7641,40.880035125676216
7642,48.860737216348085
7643,49.42353248396192
7644,51.52413644256358
7645,53.534693773728954
7646,56.052690566017745
7647,59.55545879504565
7648,13.089497992511264
7649,14.684458455967114
7650,14.994397770832165
7651,15.14873191917265
7652,15.373115179392055
7653,15.851879765174715
7654,16.519442546352646
7655,29.640452656711048
7656,33.66431676683601
7657,32.26914527129582
7658,34.298361114481466
7659,34.99937216087794
7690,12.679695309638005
7691,16.206269450670376
7692,17.434338578543937
7693,23.742985800598778
7694,27.477923167008928
7695,29.165811938515684
7696,28.722602350186833
7697,33.24591939058738
7698,34.5619432381215
7699,35.160345917657835
7700,36.47255018422935
7701,36.446303988135774
7734,3.5757936902792107
7735,7.0086714456810855
7736,14.262043569303781
7737,24.02758724540741
7738,27.15300717436632
7739,29.562471878805287
7740,30.989701871648663
7749,5.182598699807055
7750,7.597333777088275
7751,7.461540678325472
7752,12.451214283381864
7753,13.54127046113238
7754,14.243140640515453
7783,20.083724840079885
7784,24.191817310962016
7785,32.40945768559029
7786,36.599680741710884
7787,38.708008425222786
7788,3.4204997823762366
7789,8.132709679966547
7790,11.827718874372831
7791,10.71052364503656
7810,35.412429672088976
7811,45.690796413041774
7812,48.62036343987907
7813,52.33344387051628
7814,55.20696701749342
7815,56.84365331057671
7816,58.22819815594844
7817,61.11658979768576
7818,60.3423340689185
7842,29.722175283640038
7843,38.86663013354374
7844,39.44210527729153
7845,42.51724517036855
7878,34.117765946607534
7879,32.568724917842175
7880,33.57856142439854
7881,35.106450170745845
7882,37.00121915556743
7883,35.125555749180684
7884,34.281741633534644
7885,42.77462083650737
7886,51.078787470148036
7887,46.81963929512188
7888,51.02967870438767
7889,55.49144662176956
7895,28.386019972132505
7896,28.99296809681141
7897,28.501547982923935
7898,27.800372097490676
7899,31.966476901267615
7912,10.035099601963577
7913,13.698456220541027
7914,19.042802776885143
7915,22.000361373798658
7916,25.893836788084034
7917,29.556910371847046
7918,31.576785234585206
7919,33.64793555516508
7920,34.289427326773755
7921,37.10692371387771
7922,38.68347792859188
7923,39.11201379369221
7957,31.209763146143192
7958,37.94941467642649
7959,38.19932074778149
7960,38.47922703038313
7961,39.88870967248401
7962,44.57480599365862
7963,50.17899605118155
7964,49.54146548595028
7965,50.74820601901192
7966,51.57084799426039
7967,58.299585065863845
7968,44.43456906499925
7969,46.58352434025714
7970,54.17796123175224
7971,58.73727680899417
7972,60.5160868599002
7973,19.50661331326365
7974,28.551509827880707
7975,33.26327522300972
7976,34.61258251143829
7983,12.414611983503614
7984,8.669404964515701
7985,11.076467138689893
7986,12.868293769070222
8027,41.66197926081653
8028,49.402747902457364
8029,55.53600611916313
8030,57.277691248458254
8031,55.698270578803886
8032,57.38555560285027
8033,56.89071990591428
8034,57.36883042284419
8035,58.28207225754612
8036,58.2489342109913
8037,58.65081260111028
8038,59.47561153262309
8101,20.669036396546577
8102,34.150563594322676
8103,33.97893899975638
8104,35.88007670919639
8105,10.293555851046246
8106,9.06733841622819
8107,8.867671133614413
8108,10.132549597347214
8126,38.14252466036172
8127,42.02368328443789
8128,50.597691156419245
8129,56.67675573645555
8139,46.20970434191417
8140,45.08303756484388
8141,46.05665853882341
8142,41.180159160001416
8143,41.837474872461605
8144,39.44021225165071
8145,41.816148613670016
8146,19.178266006815754
8147,16.85464308111506
8148,18.928190647960967
8149,17.929392489908416
8150,11.645950855201054
8151,11.08182345382324
8152,11.777553290044208
8153,13.522424225789866
8154,15.386052488456308
8162,43.459878697120416
8163,46.61347365650849
8164,51.08927987339454
8165,52.027457005856554
8166,50.6359052527031
8167,51.450270894225795
8168,51.166355761483224
8169,51.96427797788352
8170,53.99576808053498
8171,55.54366732076593
8172,58.19826928540014
8173,60.051275633347394
8203,15.92416707646776
8204,15.035755671675025
8205,19.34326615648089
8206,30.7654197659405
8207,32.77687288004248
8208,33.71477305967372
8209,34.235408874904635
8210,37.16675042982528
8211,40.95158137185189
8212,46.40404925253603
8213,51.685315313322484
8214,52.74407822576582
8215,3.3977314243018757
8216,2.3055573033916827
8217,8.028317393748564
8218,12.910027382711174
8219,19.03147075782899
8220,20.92660374890413
8221,21.274608094547016
8222,21.695430603419048
8223,21.934823341907673
8224,24.83000085154101
8225,30.47541931851761
8226,29.638141149444312
8305,12.537343444831787
8306,17.713752688170118
8307,20.12133278641807
8308,24.122038791665783
8309,27.215569755007174
8310,29.32870734117315
8343,18.12739539002124
8344,16.668734099998247
8345,16.037337165982425
8346,15.344448271138395
8468,27.190488122945524
8469,33.45232925561584
8470,36.62215466088478
8471,37.111458156847114
8472,21.7949157039636
8473,27.11165464549398
8474,37.29922130492955
8475,40.256751206687476
8476,39.3314707548192
8477,46.01323481288052
8478,51.688868962413046
8479,52.731956534213744
8480,54.013902439849566
8481,54.31042585839698
8482,57.062406080512545
8483,59.462717750396834
8536,23.85519944475865
8537,30.567597006687237
8538,37.85980916953679
8539,39.170725283902414
8540,12.69162563876366
8541,14.129923314479523
8542,16.493368648217132
8543,15.628400187011348
8544,15.971800133147813
8545,29.018409027426873
8546,34.25274688308637
8547,32.14703969922788
8548,36.321298147601006
8549,34.66576440390675
8550,38.181836048309655
8551,35.61660942875828
8564,20.291664535730945
8565,26.51173885522264
8566,29.9078927498671
8567,34.69284304907515
8568,45.39224561011474
8569,54.36553111986928
8570,56.93172129537306
8571,59.25538205872637
8572,59.680792373214565
8573,61.100646133963366
8574,63.15217929256144
8575,63.867996320859454
8604,16.05705167920587
8605,19.45792959366149
8606,23.95630518030115
8607,25.134292590213505
8624,19.15737846379856
8625,18.565223959270376
8626,20.691719030678353
8627,21.72615170256313
8677,19.205810026387166
8678,29.183641750512756
8679,35.115569411832944
8680,34.60161610872853
8681,34.03459490283581
8682,35.965330205337224
8683,37.928806743158894
8684,39.2052682934933
8685,41.051141713038156
8686,39.443309154468025
8687,40.741395357332415
8688,42.921520354419656
8732,52.72630313938041
8733,55.7597387606181
8734,63.26414967029958
8735,65.1155176250184
8768,36.49069067125945
8769,37.832318119259085
8770,39.055604458171004
8771,41.41986209185422
8772,48.14062216407408
8773,49.367436950987376
8774,50.91484859926278
8775,30.61559624912617
8776,29.956148473284777
8777,29.23364288092254
8778,30.19403542170338
8840,28.674594476134825
8841,26.665322263841244
8842,29.350022805425493
8843,35.27653214141391
8844,35.72886602255595
8845,40.59347861835852
8846,44.379887708122425
8847,46.29027077327811
8848,44.11462820127429
8849,46.50280656186736
8850,46.671589114936445
8851,53.538076661387606
8852,30.041413644781517
8853,35.76167935396538
8854,49.09718613063199
8855,56.29938740388715
8868,42.37712673755024
8869,45.26731330605226
8870,50.01631438847328
8871,51.15194683977518
8872,52.47510823075183
8873,54.554070654442555
8874,59.64841735016518
8875,64.21006321530052
8876,66.18035394601483
8877,66.66520426215423
8878,66.90128245292553
8879,66.20736329786001
8898,38.92087264376567
8899,38.34594340618279
8900,37.70831957566429
8901,40.35266781421086
8902,39.681839462025685
8903,39.479505846110705
8904,41.19958820015368
8905,42.200540283968024
8906,40.62656342601016
8907,44.53184090321714
8908,45.92568232959478
8965,33.29235410900642
8966,34.171342999501285
8967,35.41659351528817
8968,36.38277067521195
9070,27.984931464718077
9071,34.619209896857086
9072,34.68130178610805
9073,40.03221357137895
9074,37.413469700878785
9087,19.117902909528095
9088,32.62906020250263
9089,41.29292081673634
9090,39.35622396929222
9091,13.330188864514259
9092,18.08751029934559
9093,20.083666451404504
9094,22.397366186768206
9095,21.636926734290984
9096,25.8466336498828
9097,27.825764480070767
9155,27.289352643017306
9156,25.157063956189916
9157,25.844860305186064
9158,27.200255647920024
9159,34.18378415850823
9160,46.075180738745566
9161,44.19003615313779
9162,45.418732981279064
9163,47.87959790594922
9164,52.681263430245885
9165,48.68170593963487
9166,51.50959116142789
9167,32.3741143846633
9168,33.30706676221225
9169,37.53942545392538
9170,36.859403496948794
9171,43.641272343064784
9172,50.099823871578884
9173,54.07215278837476
9195,16.099679528924256
9196,15.247322479456257
9197,16.82149051210825
9198,18.658824512182544
9282,30.199759385688015
9283,29.851050580167566
9284,31.44177074037227
9285,34.381180686760075
9286,34.64334716212468
9287,36.99606748121379
9288,39.705034881671224
9313,15.072903186297314
9314,18.97568651050615
9315,20.78232580596032
9316,24.416024497788115
9359,31.201052714900392
9360,42.12946131789427
9361,46.46143060236266
9362,48.18126590772816
9363,23.818216644725446
9364,28.466139971742074
9365,41.37431014567832
9366,57.43249228159051
9367,64.62597793043902
9368,29.515650645120424
9369,31.69456333100582
9370,40.71780457535808
9371,44.37461798515863
9372,49.40084888736588
9373,51.30956013487587
9374,53.39875849415014
9375,53.702128208765004
9376,51.71221844210802
9377,54.763766266156345
9378,56.459508944385966
9379,57.592912658034095
9380,26.540189312899575
9381,30.687334496834406
9382,33.09300208351983
9383,35.19708226920308
9384,35.35585698853471
9385,36.60858680123996
9386,35.39344089384791
9387,33.6349808258518
9388,37.161689919999915
9389,35.28686602083097
9390,39.7030648310516
9391,42.26907813543031
9392,30.329253741402734
9393,29.16337369221214
9394,27.875452721923658
9395,27.528033259752142
9396,31.291061735430983
9397,31.85095736430446
9398,31.61244346587107
9399,37.25716356947467
9400,44.6545012089853
9401,47.23786411152938
9402,45.887384678398206
9403,47.19269914721544
9502,29.695940369399537
9503,27.988725042444294
9504,28.158214002973754
9505,27.185711335538656
9506,29.556748725160247
9507,30.4003580358598
9508,33.62261351516867
9509,31.6537933309785
9510,34.23420680148284
9511,34.04956060671824
9512,37.6358389137175
9513,38.11360767048762
9514,39.17944172577239
9515,39.867048661469425
9516,39.43776425426257
9517,44.00917101387284
9518,53.564870495827456
9519,51.044365173421575
9520,50.893387660948875
9521,49.73605092425307
9522,49.01889909168459
9543,57.8529294938505
9544,59.21355362621375
9545,58.37275347610673
9546,61.047571762724154
9547,61.88353025470295
9548,61.47045776327304
9549,64.3382024569467
9550,60.873154304801865
9551,60.87693749748994
9552,62.01734755368653
9553,63.36494965609964
9554,65.2090564594394
9724,31.090888619608815
9725,30.446976411985048
9726,32.88195577346767
9727,34.254303042121165
9728,34.41711855958712
9729,34.47281145894354
9730,36.564569017043155
9731,24.061560495285562
9732,37.04843693072465
9733,41.53529919363982
9734,43.45826147030644
9735,46.2671227552702
9778,27.525205152259474
9779,31.28965174115158
9780,36.32270679375557
9781,37.27211731355766
9826,38.73199931554991
9827,40.03445652067125
9828,40.86433644038598
9829,38.49723183463763
9830,39.35913985688619
9831,41.19995602773535
9832,40.480013643206846
9833,42.95826102249202
9834,46.28989412963392
9835,45.79785381257155
9836,45.179944388883705
9837,46.11248145438869
9850,27.50015583227509
9851,26.57086826397155
9852,40.79630876014523
9853,48.11865797966742
9854,42.53327676119225
9855,42.47918057712322
9856,46.863109765486236
9857,48.42703148247039
9858,48.224363862161255
9859,26.156495089786482
9860,30.37357834612923
9861,32.748025867155604
9862,36.949781055977084
9863,36.650271316944156
9945,31.939300538134102
9946,49.08282930792369
9947,52.72735702016697
9948,56.23565990894389
9949,54.444899054134815
9950,52.97264398190818
9951,60.32590949783324
9952,60.58009244316025
9953,62.077612930449966
9954,62.77771192490771
9955,64.04304102496812
10058,8.05771118186886
10059,21.08775533116874
10060,24.11236831499523
10061,24.09744880338762
10062,26.861488712886413
10063,27.634838617710898
10064,27.114929471820314
10065,31.345570630090393
10066,34.70173106144223
10067,37.70133814861532
10068,38.69776811840939
10069,39.489405332102386
10070,47.22672626474066
10071,43.53406770442472
10072,45.81392329051044
10073,45.89221017643271
10074,51.205106056326244
10145,18.66227131767483
10146,23.170970265278896
10147,27.029955738391383
10148,29.40080402770368
10149,31.72992313199078
10186,42.98631764644971
10187,44.67100194547555
10188,48.14874627805275
10189,52.54645554674826
10190,51.25573619169809
10191,54.91919266734198
10192,57.3700925135556
10193,56.25264516638595
10194,55.70677334423567
10206,28.16493203873506
10207,28.61767696291803
10208,32.95069581093906
10209,35.99234125531038
10210,37.164292636939706
10211,39.92221371596616
10212,40.74104076133031
10213,43.81501091161957
10214,45.78184182424281
10215,47.74515039499734
10239,31.102403403365606
10240,32.60560064120118
10241,37.25990624683158
10242,38.25928427492547
10271,15.898807048671149
10272,14.8749908057358
10273,14.849376294141315
10274,17.365733701759343
10275,19.210666693210396
10276,24.484464398600938
10277,27.99055016873105
10278,28.59455747101709
10279,35.07981135667738
10280,36.016847380645764
10281,37.44297106311583
10282,38.867933259938404
10283,8.893250396164172
10284,11.084590656487089
10285,18.737788795609113
10286,23.411156717260567
10310,40.72672860160215
10311,41.90354421478494
10312,44.6902675748323
10313,42.9563527981
10314,43.84669545968193
10315,46.05636132326403
10316,49.86096062320047
10317,49.707782852978696
10318,48.8076455636347
10319,51.94588120126837
10320,55.984835499795004
10321,53.8574405788674
10322,21.88234630132467
10323,33.43411238621531
10324,37.89354468788369
10325,41.81455621181653
10326,43.89132387157013
10327,32.57185629976041
10328,32.20286765251816
10329,42.52829881990267
10330,41.44512323030926
10331,43.51146821096651
10332,47.07430751299031
10333,48.30599734298714
10334,52.58385098413902
10335,56.32176999475487
10413,22.40189660438422
10414,34.11773124929447
10415,40.389695275606854
10416,47.60925760695791
10477,28.431880331407385
10478,28.981305877924264
10479,28.777669956053302
10480,31.71591684948361
10481,41.274242712054786
10545,14.503995644132731
10546,23.963119322920967
10547,26.550213533394313
10548,30.114519752428365
10549,30.945876724758765
10550,32.785477956436814
10551,34.35411406439924
10552,44.43069709769819
10553,44.48630994253812
10554,45.885005402853906
10555,46.70628933980083
10556,48.723456965324566
10634,41.874754990014765
10635,43.3158709503658
10636,48.10933699828788
10637,52.21962001956486
10638,39.59606126698272
10639,43.41165084182982
10640,48.334984861557615
10641,53.35987052176557
10677,22.608035033528274
10678,22.92456555085083
10679,24.910293707502866
10680,24.439274988758797
10681,27.8753849102059
10682,34.04557305950642
10683,35.36258924464883
10684,38.76343937976596
10685,38.78783234238935
10686,40.81469859510336
10687,39.07481448567154
10688,41.62713563356953
10689,34.15340587114233
10690,41.60664472684206
10691,51.23100684690279
10692,55.01372615037598
10699,18.702997376281782
10700,24.486650392725732
10701,36.788552694103814
10702,39.85056514248621
10703,40.37273403856253
10704,42.05407480580717
10705,43.048014076916495
10706,50.17358477557646
10707,51.790194868278974
10708,51.68902900456552
10709,54.459735266600546
10710,55.875895172606235
10772,24.0182710488959
10773,30.475312785604622
10774,35.7351219950953
10775,44.06750072080976
10776,46.643916957134216
10777,46.142760873441915
10778,45.401308653523955
10779,50.693618423165795
10780,49.32190839693181
10781,57.38616045373948
10782,59.76623533355133
10783,62.57925487067718
10793,10.589166165960583
10794,12.261197466003606
10795,19.212295438082183
10796,23.464193555476
10797,27.14952722467984
10824,51.03431393757891
10825,51.76485967391213
10826,52.27494822608397
10827,52.263612066701
10828,53.77399441393663
10829,55.76393505878427
10830,58.35417262497062
10883,8.630553509191055
10884,12.227003054680381
10885,14.569767290728887
10886,15.68591981885677
10934,30.114091379856827
10935,30.42572086578091
10936,28.806841522323353
10937,29.47892443434017
10938,31.86436442544297
10939,32.713616206249846
10940,33.92459892745323
10941,35.083507826514314
10942,37.48338150284878
10943,36.253430108495984
10944,32.70780621984158
10945,41.12981318277084
11128,22.156046621430903
11129,23.650864441101668
11130,29.918184460157963
11131,34.463421333981266
11132,36.86240433751718
11133,35.961218737430734
11134,41.64012738677302
11135,46.19008458320252
11136,51.96569217949661
11137,53.45113142587018
11138,51.22545373675272
11139,51.99297412616786
11189,27.77517330822774
11190,37.74166049068606
11191,43.74904354035964
11192,43.3867389500681
11193,44.274824692247456
11194,45.20545285369377
11195,49.38682690926187
11196,46.77631884022742
11197,45.84247774277321
11198,45.969618465043204
11199,46.47506451018867
11200,51.854255389803285
11236,10.629112688549734
11237,8.484866115014825
11238,13.47766882772134
11239,16.772361438193002
11240,17.72216345215858
11261,9.263010971416978
11262,7.794504097558997
11263,9.556950068613684
11264,23.523723804900293
11361,45.741771759291986
11362,48.15659999083796
11363,51.756032284733415
11364,54.285126830575344
11412,5.287020205518213
11413,13.481883062531395
11414,16.46049145811755
11415,17.044607191567117
11416,21.888796821106897
11417,24.669822501219162
11418,26.995593498926958
11419,26.821686232637614
11420,29.986745933690063
11421,34.32768963277442
11422,41.65449002364139
11423,45.987955832212016
11424,10.525747931370292
11425,11.298632541643235
11426,13.177518414717076
11427,18.192896117054115
11428,24.182454959985826
11429,35.27862616497142
11430,41.374164747537144
11431,47.20089399320845
11432,50.12543112599137
11466,15.565618310399019
11467,14.942357524511804
11468,19.349590823494008
11469,21.91434336621313
11470,26.537772586300353
11471,29.993654260378243
11472,30.404978349705882
11473,33.28563114449992
11474,34.441163091033914
11475,38.15565032799934
11476,39.196521049276996
11494,28.358265016221818
11495,31.817062607722026
11496,35.22825695338496
11497,38.37201305065714
11539,30.05725664190267
11540,30.081489307357288
11541,38.09940276076988
11542,40.18062540585234
11543,41.440272395727895
11641,5.602458732045447
11642,4.97737595982351
11643,5.907035323120701
11644,7.6273025895058915
11645,9.717904705963402
11646,11.193847839689672
11647,12.334818781638928
11648,12.611526724615674
11649,13.224303755733283
11650,14.16842946092827
11651,22.679221045126596
11652,26.025531029931724
11757,39.30106177740033
11758,37.99643548342366
11759,40.72884709529402
11760,38.487908725617054
11761,40.96734189760549
11762,46.251230274116644
11763,50.37664318452311
11814,46.716648274615075
11815,46.43775826662657
11816,47.21992747609221
11817,50.81907597491262
11818,54.170452112772786
11819,49.170709448229125
11820,25.136343543792297
11821,27.760902179813247
11822,37.19898119689216
11823,40.97960216690815
11833,3.3577801801486853
11834,1.7165528028610604
11835,2.277538270275878
11836,3.8954854816454696
11837,6.134691855783902
11838,6.918742947240878
11839,12.19525084952546
11840,14.463072932194304
11841,14.465244051685893
11842,16.63397353721647
11843,22.498155198133095
11844,31.29135296957275
11995,3.6247211252178118
11996,2.331789418199161
11997,4.282252926813242
11998,5.690408796923924
12009,33.23064163302461
12010,32.40565343159695
12011,43.27010148242723
12012,45.958394967741846
12013,54.26591495134571
12014,58.365452320013105
12015,59.09271962842915
12016,59.514908241852666
12017,61.47085265556825
12018,63.13388750540723
12019,62.088122190230195
12020,62.364109066833784
12032,39.0190680409947
12033,41.79487075722445
12034,44.10706279537329
12035,45.17701001001074
12036,49.08380988621535
12047,26.700969098773705
12048,28.085530448839744
12049,28.27689379180644
12050,36.818742814664795
12051,40.282646793150676
12106,51.83177050506546
12107,53.674811914914024
12108,55.74896840660799
12109,58.33274626092482
12110,65.26311589417683
12111,72.30123796963959
12112,74.75099004613791
12113,76.57884590875031
12114,74.51642917659528
12115,73.1072419829732
12116,27.9801012859614
12117,35.406001368026786
12118,42.80351193319793
12119,41.590742328028824
12120,46.01595436540255
12121,48.43450927714622
12122,46.153718375758984
12123,47.89861322625332
12124,50.26574607884523
12125,51.03516724556192
12126,51.05515667932101
12127,53.79957744831619
12132,54.28330380427131
12133,55.59746455231446
12134,57.75323255584945
12135,59.41777784546652
12186,29.362321053394833
12187,26.6653750415365
12188,33.01867691613199
12189,34.44086217543555
12190,36.175925543881455
12191,37.40002205287458
12192,37.29201039052284
12193,37.726141705818144
12194,38.969171535706124
12195,40.39746980591854
12196,39.70592132598007
12197,40.49904551068121
12210,36.454694364484375
12211,36.244238781529205
12212,36.066813600813134
12213,37.08246005105642
12233,12.41295590780767
12234,11.710480818764134
12235,13.654811399254799
12236,18.46398131269281
12237,26.442719765001943
12238,26.177698397974833
12239,28.354882935886508
12240,30.942833927647307
12241,31.911078188502017
12242,33.55589134074317
12243,33.61586229364896
12244,34.505897162273406
12245,36.90887688944684
12246,51.70915022497359
12247,51.517140846589065
12248,51.79695461666887
12249,53.620447084192726
12250,58.761410447906066
12251,57.996909497355944
12252,57.98700693002149
12253,61.276345415491654
12254,61.91814941132022
12255,60.54673242477692
12256,63.33564877758122
12269,42.273660923503044
12270,46.32848415283908
12271,52.133562664166455
12272,59.53249349705972
12273,56.589664815754794
12274,56.53830156645446
12275,61.5157835813196
12276,60.13787718793889
12277,65.30642092414169
12278,64.74729523251908
12279,63.31560530439123
12280,66.51069122255835
12307,16.062443139793558
12308,16.06733484957398
12309,15.680271509869575
12310,24.88246502459955
12311,27.331490662701466
12312,32.070708866923866
12313,33.196163605032496
12314,41.334073576608205
12315,48.21718574263381
12316,49.518165795126414
12317,47.60406858751403
12318,48.800164469989895
12363,20.146074257620263
12364,18.607431676344685
12365,21.401463099383154
12366,24.77700779039924
12367,25.254804215825587
12391,38.04683139851057
12392,41.3402537759772
12393,42.9213665560483
12394,45.14391072234391
12395,47.02345036784499
12396,48.009390553045165
12397,47.24798436758613
12425,39.065889990868264
12426,44.782007506050405
12427,48.04020542624051
12428,51.41328549768879
12429,56.673214815741055
12430,64.58759358418361
12431,65.97781533562717
12432,65.127386068326
12441,16.374441437830555
12442,23.576071962730506
12443,28.137803976474085
12444,28.639959260863858
12445,33.78811761450138
12446,34.59045433733865
12447,36.32790872185487
12448,38.34090360433113
12449,39.773885921880215
12450,39.673329582793535
12451,41.576593292564745
12452,51.95736094553423
12514,11.51897887791326
12515,11.182611004145029
12516,11.611371579273683
12517,13.343496652399175
12518,14.90169436379266
12519,52.66489364110476
12520,52.439625329006255
12521,52.21812013609898
12522,54.326308533713764
12523,54.74604146113002
12524,60.35591247084019
12525,63.665662007059744
12526,65.14707988002424
12527,63.40860303654572
12528,64.18006064291637
12667,26.746729498680946
12668,29.15932073631103
12669,36.08607694032946
12670,37.18484598630257
12671,44.66059612767121
12672,49.0418777072844
12673,51.07460122751773
12674,55.81110129841511
12675,56.5551470375471
12676,58.47676830152621
12677,60.15867001534659
12678,61.13398416426004
12711,37.142448792839176
12712,37.02227237368496
12713,38.630063090197915
12714,46.19370463279681
12715,48.94416132607574
12716,38.64732357849313
12717,38.70161295839549
12718,38.414048686859694
12719,37.47573780442893
12720,40.33487423441009
12721,39.54246218930288
12722,46.56243509054168
12723,53.04923202201235
12724,53.18650101938315
12725,55.68862024901713
12726,55.86865004579722
12727,57.244169921542486
12733,12.93671999483246
12734,11.245214824267586
12735,16.01827221679173
12736,18.4751148328366
12737,22.047165247500416
12738,23.60290527785433
12739,24.970927218230514
12740,30.751030406738643
12741,32.99439159255084
12754,32.836608919724526
12755,32.273592186266036
12756,32.24780058653323
12757,33.20271615119146
12777,3.623599774497605
12778,5.596569990277519
12779,8.429371239602341
12780,8.68476802756565
12781,15.510202110536634
12782,17.268301036010552
12783,18.749706085588464
12784,17.45253677340784
12785,25.041580273910885
12786,26.584011187523263
12800,34.28411893375917
12801,34.98710161671851
12802,41.442083161686156
12803,48.946478922257576
12804,52.50935401090714
12805,51.795996270274266
12806,54.34039378114643
12807,55.941422349307025
12808,57.92000616328997
12809,59.422719800017006
12826,21.971966241255586
12827,19.589180529266446
12828,18.458481430083232
12829,20.383802904451414
12853,8.143592919337362
12854,10.50258529895301
12855,19.10205473300982
12856,22.50853919447531
12857,22.47811166593956
12858,40.823503036588825
12859,43.135058307682634
12860,50.25617817513054
12861,51.092376045670505
12862,53.09743760539057
12863,53.872173872036036
12864,53.43924197567441
12865,57.02175670335806
12866,57.58644366211645
12867,57.68445998653737
12868,59.73320313190908
12875,19.090914576490704
12876,19.69608072895778
12877,24.362391839351197
12878,31.052467468426222
12879,37.63960590781794
12880,43.40791294363026
12881,44.83117885886694
12882,46.799995093271434
12883,48.4526609536456
12884,58.83317305478168
12916,26.424420728330603
12917,28.59930062046564
12918,29.469086218857655
12919,33.828405807056065
12920,35.151785186694966
12933,15.787953962808352
12934,15.73535652295288
12935,15.357893515721484
12936,18.867005409855498
12937,25.06055781799336
12938,28.619654844741063
12939,28.86081198165537
12940,30.43789350338681
12941,30.21774419468017
12942,32.45508136313426
12943,33.132752071190694
13020,27.13879120638269
13021,29.0339558791122
13022,31.160785744229536
13023,39.35598264462516
13024,45.00405938595191
13025,50.595093935340536
13026,54.812992741211445
13027,58.327972009758696
13028,58.0731709788042
13029,58.68326523482871
13030,58.594375747350526
13031,43.342208179888495
13032,56.32901199815938
13033,62.801207357793224
13034,62.66082419970145
13039,8.300596394070025
13040,12.884605627808417
13041,22.205689422853187
13042,25.68392193241237
13043,25.623927875753267
13044,25.860538746100012
13065,12.016367672947604
13066,17.84584894752772
13067,20.84415676952962
13068,22.085497332699553
13069,22.516500444735435
13070,22.62243004004107
13071,25.680429315652056
13072,29.157345850257943
13073,30.09280258037562
13074,31.6705250652222
13075,33.696264446022894
13076,35.061944948369124
13077,13.03707380807196
13078,11.110648339634295
13079,11.724808076884843
13080,23.626098921963628
13081,26.774560784646695
13134,8.583086426557093
13135,10.777557148790661
13136,19.61288703523608
13137,23.45276482816775
13162,22.064823432041816
13163,23.693389882043324
13164,22.72193295958018
13165,22.561440724043422
13166,26.70346830261405
13167,40.400986512073736
13168,45.2023387406553
13169,48.02490826376207
13170,48.26217327362554
13171,51.494452874491934
13172,51.86458178868019
13173,53.07917373840261
13195,39.77308894521306
13196,41.30294307552294
13197,42.31340267987692
13198,41.83292902453876
13199,42.722421823397916
13200,43.650420899090655
13201,44.79713266040665
13202,46.027387895950014
13203,47.26111154097834
13204,46.499615971105534
13205,46.869208918950974
13206,51.1609832836204
13219,22.522794653575104
13220,21.50841128230317
13221,21.377685430035832
13222,25.188274479043816
13223,27.357384764136828
13224,30.158644369690958
13225,39.95188479962791
13226,47.243975027509336
13227,50.08720027849329
13252,29.204031424736897
13253,27.58986898370415
13254,25.11152495450397
13255,25.708349695474435
13256,31.868420278365907
13257,32.3182784921022
13258,37.15547538004582
13259,51.915503436519984
13260,55.19695138249785
13261,57.440626739418015
13262,62.60071115986771
13263,64.05230587984404
13294,38.58625703153049
13295,36.7355884106878
13296,41.11747693087935
13297,41.980141984693965
13298,43.08816544230988
13299,45.122965349466135
13300,40.88957237219186
13301,41.82115018362382
13302,42.33211235077484
13303,47.63313664076768
13304,48.002497978225826
13305,49.72329567446269
13332,45.92913709771504
13333,48.2481354953006
13334,48.731215744502705
13335,51.4695227476817
13336,54.49274792076917
13337,55.21711747769634
13338,54.08588206818336
13339,52.158545255751974
13340,55.06613632708466
13341,57.80544112019885
13342,62.32462596251456
13343,63.36477544956498
13344,3.89194332782618
13345,2.331789418199161
13346,3.9183292611396205
13347,9.60307539503224
13348,13.79008869367127
13349,16.709328342324476
13507,8.596375917599437
13508,11.259177256037848
13509,19.097074386631807
13510,24.666745323285944
13564,54.967060445959405
13565,56.41456846748671
13566,55.24421271585186
13567,57.94831019477062
13568,57.31417112951789
13569,56.98817125950945
13570,57.458428663765716
13571,60.29324333503395
13572,66.28680789112447
13573,68.3693244076082
13574,69.24527192242573
13575,70.53264487474166
13674,15.032177127690359
13675,12.328791965232627
13676,13.204274490214443
13677,14.963249431630693
13720,15.73147952592453
13721,13.787380086481276
13722,16.31056758773978
13723,17.50059784560635
13724,8.352185907916121
13725,15.096101564302995
13726,19.470533961206698
13727,32.43604631196792
13728,40.27722112987808
13729,28.293342949787295
13730,29.50905153112976
13731,36.42940706593738
13732,41.17417580357388
13750,26.732798324459957
13751,34.69618858725097
13752,36.60120117125837
13753,36.67761859708393
13754,45.58556444369238
13755,50.02875761936092
13756,50.48819140755252
13757,50.49314375249273
13758,55.321558705135494
13759,62.29968045859028
13760,61.97555184688451
13761,62.19372569028815
13867,22.431374706209688
13868,25.83173556890765
13869,25.470256476822453
13870,29.258368253343324
13871,33.624168356656234
13872,37.321072834663475
13873,44.569410707084856
13874,41.56602581236776
13875,46.14066659365933
13876,46.78998530208446
13877,54.495507953696155
13878,59.94352701587739
13896,37.49243728414608
13897,39.3409661087953
13898,45.682442925583715
13899,48.62970133591558
13918,18.474516438041665
13919,25.504516169077924
13920,42.58550753293361
13921,48.88730092121883
13922,49.48310538667918
13923,50.93851639446924
13924,50.692048886216305
13925,50.89275372259047
13926,51.98934550247934
13927,52.707797688366256
13928,55.362221126811114
13929,57.576760142472224
13946,10.503263498864428
13947,19.143875742337876
13948,21.026083241577332
13949,21.266075425742862
13950,21.467934854251546
13951,24.316682277930177
13952,26.744950978252813
14097,17.462263454264253
14098,16.633702951431204
14099,25.18108536206322
14100,30.342237714584396
14219,26.52709801898018
14220,25.421982041480675
14221,29.63424606378569
14222,32.35863210862742
14325,44.266260899026754
14326,48.13471635908239
14327,49.7312474212331
14328,53.34718101871597
14329,55.92791902478772
14330,55.958135872024116
14331,61.3871789042118
14332,64.1125736286587
14333,65.54299581694428
14384,12.164571237030508
14385,13.360472110297636
14386,15.09899364555777
14387,16.43962738061219
14388,21.40089186443333
14389,25.07898281794192
14390,26.263893996363166
14391,31.002006985324652
14392,33.45668465085705
14393,35.77425081519947
14394,42.00042107030629
14395,42.62181782866858
14396,27.26796057039534
14397,39.916271225889005
14398,46.2676427722725
14399,49.19455237475818
14400,8.520389413899473
14401,7.994090163631736
14402,10.008138260524223
14403,12.650567129925948
14404,14.568501869107655
14405,17.101636569297252
14406,17.998906232452033
14407,22.77957393207382
14408,31.93835179034985
14409,37.688846909229355
14410,36.01423715698467
14468,17.691546567280312
14469,27.74331922769028
14470,33.88237721141683
14471,34.3691178223257
14472,36.669108048553056
14473,38.35212626822205
14474,36.66452153090513
14475,43.531764421022835
14476,43.141097795703
14477,46.80728171827264
14478,46.44291741824393
14479,45.99620460417964
14498,4.016228282097602
14499,1.806754871312954
14500,1.6972727518967063
14501,2.9658058922776136
14502,6.337375537786704
14503,6.615547311371134
14504,8.622803928973145
14505,9.483815171086306
14506,15.436893146302781
14507,17.20110330898176
14508,18.68127122590707
14509,18.41751161156241
14510,15.072903186297314
14511,13.957823810209055
14512,17.663841993946676
14513,19.38711576730714
14514,18.56606059607758
14515,22.023437140398528
14516,25.313398091112543
14517,29.729848669911004
14518,30.951230763256472
14519,31.293637194867962
14520,32.48133135272581
14521,32.38039398654477
14535,10.124839036764582
14536,9.015988302168006
14537,12.377926060495883
14538,18.894063544622977
14539,24.216095462794552
14540,25.03161133731304
14541,28.99240979193153
14542,34.15143330952267
14543,47.36431954204798
14544,46.436421895902846
14545,47.10117025504094
14546,49.53233388261771
14547,3.9107919006539986
14548,38.81482536700558
14549,41.85362705210704
14550,40.488549273707484
14551,42.071061558116426
14552,44.82683211292057
14553,46.35460121618518
14554,50.14434943795671
14555,52.85853863640922
14556,56.39158725805905
14557,56.693549697688034
14558,61.20545800422939
14563,52.593578797992755
14564,56.97204737410706
14565,57.31262167322469
14566,57.47795242806481
14567,59.10189177576666
14568,61.03247301135565
14591,3.7560124846635143
14592,14.547535270427623
14593,27.015440556205288
14594,39.09404900483355
14602,39.46845562143122
14603,43.968371068276916
14604,49.22921751751969
14605,50.55241973471495
14639,14.962739091005732
14640,13.894976669899716
14641,12.107264476535331
14642,23.731064243562273
14663,3.601514609919238
14664,12.171312370054908
14665,20.960826934900883
14666,22.459078618740907
14667,25.491791391753484
14668,24.583685128987884
14669,36.92803116669757
14670,38.960480021356744
14671,41.4303884488968
14672,41.16949669942647
14673,41.60971613326326
14674,44.12533202190668
14675,58.589289208300166
14676,59.74988630363574
14677,59.522925806215916
14678,61.95727575445593
14679,59.956806674959225
14680,61.28941737588956
14681,61.823940263093746
14682,61.64229202535822
14694,40.2091925863449
14695,41.39793681572733
14696,43.422567821246176
14697,45.099935740866776
14794,22.886328184118238
14795,21.969897422296906
14796,35.2492666740064
14797,36.27096382498295
14831,3.175546912166229
14832,1.7069150048593262
14833,5.333324127795938
14834,7.0429188691585765
14835,9.184733297745915
14836,13.405104283344908
14837,15.87270110625667
14838,26.222737023331053
14839,27.446208519710005
14861,43.41915263851347
14862,44.5870491891328
14863,44.3681131973692
14864,43.82880637695475
14865,45.42409713672475
14866,44.73145169417449
14867,45.225956970732305
14868,45.439225651313436
14869,48.40359909878598
14870,48.05253258089604
14871,50.118756786249996
14872,52.423846637214524
14873,33.12336138262335
14874,43.04455330261132
14875,48.50764568937962
14876,51.05184380908412
14877,12.41295590780767
14878,10.607795752854216
14879,13.220680879504622
14880,14.938442435029447
14881,15.230496864058464
14882,19.019828831344856
14977,3.5034028372772372
14978,5.3703434283399165
14979,7.155654335815858
14980,7.663903301079958
14981,13.848615261079523
14982,16.28262049870305
14983,15.686753034484862
14984,16.997065437678017
14985,19.32259970555779
14986,20.01064122897652
14987,24.485287824032387
14988,27.812212680296827
15001,37.644883779727046
15002,39.62003257997493
15003,46.83403378987277
15004,53.0160059522647
15005,53.76182394491655
15006,54.260980492891896
15007,55.351311818056736
15008,58.573515074410274
15009,59.18306214275701
15010,60.989845628512526
15011,36.0205698906305
15012,34.95321266265524
15013,37.55864174490924
15014,40.19125961340096
15015,39.391506379282994
15016,44.010171738834146
15017,53.32254822721375
15018,54.9054266467142
15019,57.47266806114695
15020,57.164760718197435
15021,58.49749456785921
15022,59.232329071810874
15039,26.809213476703437
15040,29.67989405993659
15041,31.602442171969113
15042,31.2909932540981
15043,33.992985837138214
15044,36.977690531436735
15045,44.80922788595748
15120,55.425356819000115
15121,59.514261168769934
15122,64.99666380200979
15123,59.58397919949308
15136,26.977767102630516
15137,39.79569762203604
15138,45.64547689631827
15139,42.92713403300356
15140,46.382020524339424
15141,46.014552774605725
15186,12.164571237030508
15187,10.926204565290186
15188,9.309892616590314
15189,18.62511488229441
15190,21.61654527330829
15191,21.80011714318664
15192,23.775782756847875
15193,25.449898075658826
15194,28.383292468863612
15216,34.06510412434841
15217,33.414819541905324
15218,44.24522343788817
15219,50.936797578498805
15220,26.744683489913108
15221,29.734447014189858
15222,42.338698863045465
15223,45.48726770841417
15224,46.524628817288345
15225,47.95139285286596
15226,47.71084420263089
15227,46.60261745597334
15228,46.81598324582919
15229,47.292776398582824
15230,45.825554577251786
15231,49.03320008364067
15232,12.314311572392663
15233,22.924654946349627
15234,33.223203552021864
15235,35.6697231688629
15236,37.93338006111843
15237,37.01981544266732
15238,38.859911841359455
15239,44.14103280267069
15240,50.497475568355355
15241,54.755364641938705
15242,54.596710440890206
15243,56.24906248116879
15260,26.12133229593273
15261,27.239541664767078
15262,31.396595874577546
15263,33.667763218899225
15264,42.484253347298136
15265,45.80158547590873
15266,48.040088853374186
15267,50.103572935394396
15268,48.75775887941649
15269,52.79508006505319
15270,55.241347098692366
15271,55.56429337540543
15281,10.182294283185065
15282,18.696613292480066
15283,20.766015766321267
15284,23.734714720857948
15285,24.923898282018364
15286,27.372005730236435
15287,35.28364646701072
15288,39.58560157587286
15289,39.81315049286017
15290,40.90918381192414
15291,42.57760159744682
15292,43.609999602148335
15574,31.307588677808486
15575,38.2799731607828
15576,37.70793289840909
15577,39.14223951274858
15578,39.8360042641993
15579,39.719407656502774
15580,42.483681279053165
15581,41.900344495301155
15582,44.259068118802624
15583,47.56281145631966
15584,51.29034030196379
15585,49.775654918928794
15606,16.061533178334578
15607,24.79089825543797
15608,30.41818452830404
15609,33.314216156960846
15654,13.351624016067461
15655,13.427469792791387
15656,15.756787366443527
15657,16.636212573606617
15711,49.19384278311787
15712,48.57783658751507
15713,44.667240683191935
15714,45.19801489593662
15715,48.28434940533045
15716,50.5152810690424
15717,51.00858453506115
15718,52.015227130348364
15719,53.033463968408704
15720,54.19356306917705
15721,11.016026825250993
15722,17.862981215256212
15723,19.66812511738221
15724,24.47998116336906
15725,32.41127519759788
15726,71.85220199992574
15727,71.80382679505958
15728,71.61906773654609
15729,73.6045580609644
15730,82.42882198338377
15731,83.08411146671533
15732,87.73561028165155
15733,87.9689118542931
15734,90.57069920208671
15735,99.85327177154039
15736,98.13652517914728
15737,99.88890861373254
15762,28.102199442249013
15763,34.14299155074223
15764,37.43718998205648
15765,35.61114064668452
15766,36.2914205070291
15767,44.47638593635985
15768,46.10326225496396
15769,46.9542807507431
15791,34.13750774449141
15792,35.683277142041035
15793,38.57933635174999
15794,38.64199987016409
15795,42.12301393445741
15796,43.838153336573775
15797,48.14504439865399
15798,50.427295328659326
15799,53.76772716811987
15800,54.403734263215235
15801,54.57975815840246
15802,55.479214956657174
15815,22.153019690749755
15816,21.885060929059843
15817,19.138554981670474
15818,23.528500621392393
15819,26.961119716426076
15820,29.935241487524422
15821,32.10711346487905
15822,33.24274866419717
15823,39.95516663591213
15824,40.976061434918684
15825,44.181694680269715
15826,44.52089025139567
15882,4.550524069617234
15883,4.509039486112453
15884,10.56542344263516
15885,14.56095807182356
15943,47.88071297049988
15944,46.54646673212405
15945,46.82053514151434
15946,43.658740531238735
15947,51.71343430547298
15948,3.5122780548929615
15949,1.6090191660208806
15950,3.5327405899125717
15951,6.471773529217061
15952,9.71805888697812
15953,11.726578725645684
15954,13.274851359622948
15955,14.551645345100942
15956,15.130362141699226
15957,15.153481795060918
15958,16.286449425224276
15959,18.460642017252688
15960,35.51469588803149
15961,36.48283162181342
15962,34.67304375381607
15963,34.88701645975194
15964,37.23244744134628
15965,38.147605270551345
15966,40.377439059918196
15967,42.49227833818864
15968,41.66343038471279
15969,45.25466407328479
15970,49.927225764337614
15971,3.671290740005669
15972,2.249890812375318
15973,3.8733794589867596
15974,7.69788785718183
15975,12.361359355963504
15976,13.566143231452422
15977,16.894005748163202
15978,20.007471294379364
15979,20.491373394661252
15980,21.643985152837008
15981,24.308349931411602
15982,25.635768231629516
16004,39.71152826056672
16005,34.436708755384004
16006,32.15643394476511
16007,37.15296685273108
16008,37.96051090052843
16009,36.378325271958616
16010,34.539817638423244
16011,43.16116681525402
16012,48.21132301515697
16013,49.86176831295421
16018,12.790929994631854
16019,14.708355870093415
16020,18.18509792397811
16021,26.7044867366623
16061,58.247994608668385
16062,63.03633143086319
16063,66.69047587182162
16064,62.74590463818146
16065,69.35387415091641
16066,70.72442287235957
16067,71.79058145613945
16068,73.88551176129889
16069,73.51021599674688
16070,74.10213917087898
16071,74.76614156665822
16072,74.76502625545389
16073,13.47910914524187
16074,11.546425002985675
16075,11.70158908827979
16076,11.041271286635293
16133,13.089497992511264
16134,10.898376671462845
16135,8.223274539558092
16136,9.72103473881594
16137,15.779711160291063
16150,39.591296444493516
16151,44.529542924110274
16152,46.33927066365458
16153,45.85626678696867
16154,49.060012710688014
16155,51.364220273020145
16156,53.50081908127494
16157,53.698726691106806
16158,55.830880651857456
16159,57.391993692454804
16222,29.138397040774137
16223,39.53433584053806
16224,39.55139413164497
16225,41.59038019218429
16234,33.63758672506969
16235,38.05871492262862
16236,38.003788642787214
16237,39.12736386647741
16238,49.357927529441945
16239,52.146571416084555
16240,54.924501538227375
16246,24.40914159272767
16247,30.89257056560668
16248,35.06217115732465
16249,37.63847560225936
16250,40.55895730744283
16271,44.61400081364181
16272,49.474022314942026
16273,55.727591665264896
16274,57.00588684942352
16275,58.02342249195737
16276,60.05986071459521
16277,59.33476263580534
16278,61.06127500299849
16279,62.556373733128744
16280,61.791785424976865
16281,63.513639677345964
16282,65.24803290415886
16354,38.71154365412625
16355,37.99766533481712
16356,36.19536845491904
16357,35.75727780668551
16358,41.13346594569754
16359,44.61156719959017
16360,17.866147867148907
16361,16.833664966076284
16362,19.419478053636965
16363,21.88710718807812
16364,24.248492797168538
16365,25.982663730816274
16366,27.129416907102517
16383,17.803161980089858
16384,20.836955248488984
16385,26.118195169353015
16386,29.626147322592313
16387,31.28358330983078
16388,34.038863092334175
16389,35.4288538989789
16390,36.20474375417936
16391,33.004691291824166
16392,40.28788357963258
16393,43.509322616398094
16394,47.712335291659684
16395,55.67945024091269
16396,59.232828757083
16397,61.63230994980846
16398,63.17895176303477
16399,61.17553105533924
16484,18.817215046728787
16485,19.286327488000968
16486,19.950509710340963
16487,18.627958601757015
16488,19.021301061389014
16489,24.029318531555308
16490,26.7360838315021
16503,4.395520261210453
16504,2.2561442682345527
16505,2.706948666076047
16506,2.8813879927712858
16521,21.092403695464117
16522,19.174549005299692
16523,20.488690728545475
16524,18.000452561698587
16525,18.439015478791326
16526,18.570015600715493
16527,25.53714193506113
16528,29.23361506639603
16529,31.361143335907837
16530,33.11130667102426
16531,33.81279258541823
16532,34.36281830162842
16538,22.668991398957793
16539,23.2396068779683
16540,26.295868634802574
16541,30.82535875408523
16542,35.861988481116775
16543,38.08778011311268
16584,3.9199497333905744
16585,1.7064380315547028
16586,2.29034767948185
16587,3.0352390926776627
16588,4.22992081947633
16589,8.889231750774632
16590,11.458215731414585
16591,14.936896218208249
16592,18.565741660254286
16630,32.59043133472434
16631,31.19834091421007
16632,33.67352428151873
16633,32.89609866789356
16634,34.679571309097504
16635,36.72021297675652
16636,37.63163065760625
16637,40.76714388075919
16638,45.26110226041233
16639,48.937912917852884
16640,49.76506821887816
16641,49.96843301211751
16676,35.853939668442266
16677,36.30444758449839
16678,41.47436881934719
16679,47.14875416318159
16680,55.96332487960147
16681,60.81221880743701
16682,63.35446052841116
16683,60.85228599397961
16684,63.276267165279215
16685,63.74183165683916
16686,65.4879405192652
16687,66.98385029271162
16712,47.18790306399394
16713,50.41775779426667
16714,52.24297617850451
16715,54.64078802705648
16716,53.0599113401291
16717,51.641362269310626
16718,56.646646822275756
16719,58.63377648419174
16720,58.794980061533046
16721,57.21237220699493
16722,61.21995200950383
16723,62.10090655125346
16743,50.698626295168616
16744,54.38347977087934
16745,55.19714999097051
16746,55.39231143101922
16839,17.657437655228573
16840,16.348104289868918
16841,16.163512508944013
16842,16.054461307024596
16843,16.86102476938953
16844,24.669704054224347
16845,27.503300919888876
16846,28.115205847861194
16847,31.398784085230773
16848,34.22152111344116
16849,38.228417598029566
16850,44.02219601465576
16855,38.83744281853431
16856,40.56756459367972
16857,41.100619529693965
16858,41.41459870729773
16859,47.39112787494782
16860,48.591201126383275
16861,54.74179675298013
16862,56.97197729904383
16863,59.629546510398335
16864,62.949696546838446
16865,66.26224326152914
16880,44.496717990181914
16881,49.73716928372788
16882,55.04279212133998
16883,55.23031807698059
16884,55.00514664332927
16885,55.90169752048819
17000,18.998599004037654
17001,26.328033349580597
17002,27.990439890265915
17003,28.074607073070318
17004,28.15872372672191
17005,30.88127332575942
17006,40.30849365483986
17007,44.619194261830664
17008,44.4345842988351
17009,47.913707411503324
17010,53.08576382924277
17011,50.64445027746496
17072,35.3258976348581
17073,47.5019231900885
17074,57.05824413108434
17075,66.2068093230419
17076,43.153088953814176
17077,45.23369014474284
17078,45.93482218279426
17079,44.62719009192811
17162,9.516487352227365
17163,19.958540867026635
17164,21.70034736887404
17165,21.85735814718214
17166,24.010062840194315
17167,32.17542222270881
17168,36.16436239374943
17169,37.94047452836528
17236,16.229713784548675
17237,13.838788954489301
17238,13.491514872504158
17239,18.816088353204986
17240,21.385161577275074
17241,21.49725721712514
17242,22.922192249293747
17243,25.344182500741567
17244,28.170857610586598
17245,27.485136442251186
17246,29.238755441078702
17247,30.353566711586893
17248,30.119741837614637
17249,35.31581703728829
17250,38.950743682275494
17251,40.42026543148531
17252,43.23219675073226
17253,41.62743802785119
17258,37.62193142786158
17259,41.51881100440297
17260,45.5089094450668
17261,49.51796147599703
17262,55.33987766779229
17300,27.50632022493287
17301,26.705927970765377
17302,32.81207146305019
17303,36.22857408203061
17304,36.87616877975167
17305,39.57413920793528
17306,40.263206631233835
17307,39.99668637084286
17308,41.96969275343536
17309,48.34574350808664
17310,52.27078241972111
17311,50.71044051876682
17324,17.68806170142179
17325,23.669145025905372
17326,25.072357021685875
17327,32.177050546518764
17328,36.963766627802364
17329,35.462741097668435
17330,36.26621999443643
17331,38.22591783877176
17332,45.26556905096426
17333,48.417912644580596
17334,48.664296180654915
17355,10.152382115776026
17356,8.882113198093707
17357,16.397919673208957
17358,18.20324001095318
17359,19.38805099517186
17360,22.242457627215135
17361,25.281228149059285
17362,31.118311731041718
17363,30.655809250812506
17364,33.30245330040477
17365,32.87230422628481
17366,33.867142633753545
17371,8.494177906609298
17372,15.267534418998647
17373,18.806007445515014
17374,20.605956907312777
17541,19.539835622494902
17542,17.89062780984449
17543,30.137222218962133
17544,33.95305146132332
17545,38.04402205619977
17546,39.446522820530795
17547,41.844650461518754
17548,42.065605996904345
17549,44.12492698494226
17550,45.34047226455745
17551,47.13027986955197
17552,46.7214410728668
17557,14.463480698456195
17558,23.158594023438436
17559,27.276156848241907
17560,29.01810563747036
17561,33.99420875547284
17562,36.16754436739856
17563,39.193172180942256
17564,40.64830009940543
17565,41.15232196019097
17566,44.682880954600904
17567,45.81789298643736
17568,46.00451260297222
17653,5.500751488492148
17654,6.040844282256093
17655,11.883267995375908
17656,14.216338288113043
17657,16.020878441104294
17658,17.547401076113555
17659,23.572348091309724
17660,24.44788082645045
17661,26.87722835126504
17662,28.189434162308608
17663,29.807053539707628
17664,40.23236147113828
17681,30.615683726404622
17682,33.379144117491514
17683,35.54466857523066
17684,36.54918072757655
17685,37.72926777495799
17722,9.403565118175415
17723,18.505190828559666
17724,21.254985302378383
17725,21.337114902019664
17726,24.166460203751676
17727,26.71654630170736
17728,29.190076006265492
17729,35.63681626981998
17730,36.03612197366739
17731,38.94429091045358
17732,38.159068956580626
17733,38.880947230606374
17765,3.5650646917767856
17766,8.188615332825767
17767,10.782095356177024
17768,12.096029509313885
17769,17.683516112152773
17770,18.77960784228239
17771,23.975193552413664
17772,29.33482691749964
17773,31.737274159143816
17774,35.53471211955417
17775,33.029435637236475
17776,33.42023615102071
17797,28.37809484654297
17798,34.85003354129017
17799,36.083960675971916
17800,38.210275924474864
17847,28.222172580502097
17848,26.90553593386311
17849,28.800005782137156
17850,30.297624552964066
17851,31.266087167855456
17852,35.04819732503487
17853,38.515016663592824
17854,48.068172103201526
17855,59.865059413777004
17882,28.1881130577795
17883,27.754285334978878
17884,31.42513736062354
17885,34.90851171057158
17886,44.192525916474
17936,9.2150800009709
17937,10.835951175175726
17938,19.754355847989306
17939,22.480204482507997
17940,24.051141032692374
17951,31.629875432449623
17952,36.78232646329449
17953,36.46278815275963
17954,36.25865300317948
17955,36.251045180637384
17956,45.04214694152507
17957,46.17301980672748
17958,48.77307598265719
17959,46.83862968262549
17960,47.058616516869925
17961,47.045453231449194
17987,31.649924937063375
17988,34.21699238561784
17989,40.601977829550826
17990,41.7419582996365
17991,44.75930882065987
17997,32.00539893392706
17998,36.62638926377437
17999,40.27913053462226
18000,46.27716959210433
18001,47.00730519817564
18002,49.63114674783814
18003,50.1444241433009
18004,54.932137132037795
18005,55.90783194760402
18006,54.99241976841147
18007,58.24261292268958
18008,59.97714892559726
18096,20.868143169779984
18097,21.75178167224305
18098,24.660414201822856
18099,26.07008482628814
18100,28.30527338301954
18101,30.90628731314605
18102,7.021132954160479
18103,5.454348739329767
18104,7.214055638006399
18105,7.909990884623532
18106,9.686127509269655
18107,10.241817777927881
18108,12.658793979095146
18109,14.917294790159483
18110,17.10572426138253
18111,18.69719907516841
18112,24.539561421746047
18113,27.09588118438888
18124,13.099634239663908
18125,21.048369288372086
18126,23.221016310654676
18127,24.939847303669886
18128,26.120489994579845
18129,29.295707722691642
18130,32.13242593903649
18131,36.24543286341747
18132,38.510994709537215
18133,40.808939918317634
18134,45.40182626381535
18135,49.9280702797194
18184,5.04119019740495
18185,6.900925752545474
18186,8.692081722345193
18187,7.896155013815107
18188,10.09867528739658
18189,9.359060458353088
18190,13.058469707446845
18191,23.212849563780576
18192,27.34960128319909
18193,28.737067859380094
18194,29.262011795477253
18195,32.41310906605312
18221,33.05377026008839
18222,35.25428964548702
18223,35.173910161955355
18224,44.19338962735169
18321,14.817014766144453
18322,13.773520578856019
18323,28.53262443966554
18324,33.630421932009625
18325,32.74237111188046
18326,33.06589841173548
18327,36.36176135007373
18328,35.66253477957383
18329,37.34747000358886
18330,38.41774292826674
18331,40.81894196971587
18332,40.40115870652982
18391,35.42164906214101
18392,35.06240215777211
18393,36.23049781934562
18394,33.779159591333865
18395,36.02691002396002
18396,38.41656779366585
18397,20.480695973389313
18398,24.34545194790977
18399,24.691263515338004
18400,27.105873830604043
18401,29.745079773354938
18402,35.02032639241541
18403,37.12279427547611
18404,42.676312362365145
18405,47.033927325769405
18406,46.34138222201068
18407,47.42427687881419
18408,49.899879378802666
18479,3.674438025694217
18480,2.3358277092503856
18481,6.378271917156582
18482,9.283648305079712
18483,10.16926535791573
18484,10.950174869920508
18485,10.762702078350134
18486,18.323388714749658
18487,21.19017060876375
18488,21.473129089689547
18489,23.18844426911229
18490,25.849331246421063
18566,13.994028094358953
18567,16.558893083200807
18568,22.536625060711167
18569,26.247287693899604
18570,36.807019891629466
18571,36.9422835264183
18572,37.930266265981764
18573,39.5531172545602
18574,39.8027168967264
18575,40.403840988755555
18576,41.88339882935757
18577,41.50065757462794
18578,46.55397690116521
18579,52.17993475957308
18580,55.37218870439246
18581,56.7943286062141
18653,29.954837656338785
18654,37.23453803836043
18655,38.3412071004241
18656,49.850635892572726
18657,54.22260011540207
18658,60.79328805383281
18659,62.15967607640331
18660,65.24194533491242
18661,66.03971821532652
18662,67.26644379560798
18663,66.45936130642106
18664,66.77930568257506
18665,24.246769255829825
18666,29.019420760132306
18667,31.358219308183852
18668,31.82636210507729
18669,11.640297165853836
18670,10.177887269029037
18671,14.198584658748569
18672,16.043152899130682
18673,16.730727825651716
18674,17.26964505447037
18757,22.126888766862216
18758,26.944199447013943
18759,40.61799375145012
18760,40.068318740268204
18761,38.62185631413078
18780,19.72136396852873
18781,21.06450878751106
18782,24.921472118150323
18783,30.172895021327697
18816,9.06048631918869
18817,24.992383625204813
18818,27.981775842491327
18819,29.424936450918963
18841,41.98184418857218
18842,39.75137598944449
18843,37.79149850774909
18844,37.39364120740314
18845,39.391216751940135
18846,37.996524469614265
18873,27.213890310537444
18874,40.83711359443252
18875,48.19113730731733
18876,53.027620650517306
18947,30.544040135440223
18948,30.65768536558324
18949,31.63814219803734
18950,30.659680677139246
18951,31.522729155438775
18952,33.39509047348327
18953,31.324132515579375
18954,34.10136188240333
18955,35.41936916051398
18956,36.92394638272012
18957,38.8156015334907
18958,42.173437742442516
18979,34.670345954594254
18980,45.44829550272249
18981,50.94515287271333
18982,44.45420416879524
18983,51.0587242808644
18984,50.737839505763574
18985,49.97650888290184
18986,51.21829949100696
18987,52.456659875735376
18988,52.24826616481673
18989,53.58847603948812
18990,55.32638432294275
18991,12.285889524971084
18992,19.536195664978838
18993,22.536187065432163
18994,26.611883104246434
18995,30.49910577463677
18996,29.991645557226235
18997,21.77199611367834
18998,28.343428109078495
18999,32.08849060485795
19000,40.75400194073238
19001,43.24489891722818
19002,46.32748319429797
19003,49.88045831356236
19004,50.93133727433573
19005,51.10095797684891
19006,52.590256742518264
19007,55.62180237300027
19008,56.13788829904122
19105,8.266418802478407
19106,7.364799736434016
19107,7.9341318191731105
19108,9.622962504530456
19109,12.467705774907905
19110,14.500321994391303
19111,18.74135895160457
19112,24.298988713702983
19113,25.137753221960295
19114,27.767847604321332
19115,29.060953275972068
19116,29.883743862673775
19259,54.04595516466399
19260,55.252368878785866
19261,57.11945426636708
19262,56.13936783572524
19263,57.96140444790898
19264,57.015597021843476
19265,57.16808797954626
19266,59.09558129002191
19278,35.53600345507225
19279,37.001826021650636
19280,37.34738698910932
19281,40.10386437298969
19312,22.50493843284844
19313,25.200256396311847
19314,29.73231949652467
19315,31.639132459403914
19350,47.265796495257376
19351,51.242108188345135
19352,52.234233594675864
19353,53.42697717952745
19368,29.34452552640497
19369,29.30037110255554
19370,30.87656587133605
19371,37.1175386503857
19372,39.79107540264969
19373,42.120238374258015
19374,42.47122546351904
19375,44.44040569831683
19376,44.09642006649457
19377,42.156192451305024
19378,43.22302232989548
19379,45.87013652979356
19397,20.5154709426349
19398,19.15149674312838
19399,19.145443140420998
19400,20.45676142191619
19430,23.084059467055994
19431,21.34997788598389
19432,20.97784214066977
19433,32.12968475198682
19434,37.418491048179
19435,36.33566584987829
19436,34.267306010005356
19437,34.43154747598457
19438,35.06183876118931
19439,34.755121222358454
19440,35.98824309648893
19441,35.991735291540266
19454,18.998599004037654
19455,17.25673137677078
19456,22.92473244544573
19457,25.78331966572834
19458,32.039686723511295
19459,34.0982433777569
19460,39.64979905209014
19461,41.23819097429859
19462,43.031384181884995
19463,43.77569655228707
19501,31.958613788369124
19502,35.103008895043196
19503,34.67762075454143
19504,46.45435753511944
19505,48.783566826807174
19506,50.17551363838087
19507,49.87825185664243
19508,49.78235683471828
19509,49.9680019501068
19510,51.396713184287094
19511,54.52307637527621
19512,53.959316052998396
19566,5.04328577574766
19567,4.446060927989615
19568,5.68205536709766
19569,7.6284980173152706
19570,11.488616059401611
19571,14.134963015812051
19572,16.595388720410696
19573,17.700805079180657
19574,17.067701080752375
19575,23.227722252017983
19576,24.482294211593484
19577,25.08782153944311
19590,11.833072157848157
19591,10.549565309119568
19592,10.368982617077513
19593,11.396646761014503
19687,16.02381488994231
19688,16.013916035692755
19689,17.411112514736047
19690,23.449050588529115
19691,26.846511399464024
19692,28.60729462491966
19693,31.02142070568971
19694,33.6288370348776
19695,35.85090035685228
19696,37.12410820550978
19697,42.48999832941149
19698,48.76020802598894
19759,45.62946193480184
19760,48.40349113415941
19761,47.88108921761022
19762,47.097638355313805
19775,47.07301539102962
19776,49.911957993239874
19777,53.37971981648661
19778,53.38018996966836
19914,10.364406583297665
19915,7.40714192308519
19916,9.692620752711829
19917,16.560588921897818
19926,27.116297021471066
19927,26.759783575103896
19928,38.69941352899131
19929,42.70599129620734
19930,40.74696614081391
19931,42.00592548680631
19932,46.438998146106556
19933,48.97488902216816
19934,49.292886428176494
19935,55.45840725746079
19936,58.664615102124436
19937,58.91859210847689
20000,10.795160892485425
20001,27.939129620810835
20002,31.146616631658425
20003,37.4833522004492
20004,40.53378334373069
20005,42.79486225897085
20006,42.25393400710512
20007,44.00862178923739
20008,43.24378821319833
20009,49.194545564947155
20010,53.208537453030985
20011,53.368184160481185
20012,7.803122013261908
20013,5.004784578900243
20014,10.660858025035187
20015,14.271138776133457
20016,14.33917186621267
20017,18.92054247385089
20018,21.161691750458125
20019,24.34465127467984
20020,24.407592621827927
20021,27.212157750676408
20068,18.77574204861759
20069,27.092041426960222
20070,32.07501205310443
20071,35.32147635283778
20072,39.63394207226914
20073,36.97511457503624
20095,15.73764326209155
20096,14.774461689870515
20097,29.25344272519627
20098,33.333012942018875
20147,39.76931559043299
20148,50.88771295752503
20149,49.323653317532305
20150,49.23415943441761
20151,50.46447286704425
20164,29.67317201132518
20165,28.01091789869436
20166,26.89897535624546
20167,28.586609358394796
20168,29.740432820811353
20169,30.39474100523644
20170,31.832795776230764
20171,33.86710026561811
20172,32.856623727885676
20173,33.3666118757387
20174,37.44513866963307
20175,39.120883460464846
20245,10.951989180291282
20246,9.335218088644158
20247,12.883732980939685
20248,15.123494387799154
20249,16.54914530612785
20250,16.352620620890065
20251,15.9743023097453
20252,16.31634755562529
20253,17.048319225852534
20254,19.248573045040292
20255,18.96503537257393
20256,18.44017404749035
20285,21.934567753940534
20286,22.734456854845927
20287,19.828340808442267
20288,27.2138327458061
20289,28.487996019641454
20310,12.088167946165354
20311,13.079925565533916
20312,16.00971796933451
20313,16.599819629860374
20343,9.249366026416867
20344,7.883893005862406
20345,7.255889323723353
20346,8.432587868555741
20437,3.951584345145706
20438,1.7630059813426622
20439,1.6575621529776394
20440,1.6575621529776394
20441,5.334118932073982
20442,10.475572220004
20447,4.358673489940961
20448,2.292151637322153
20449,2.7617990096690246
20450,5.780247767295742
20507,14.532491472196355
20508,12.862185738242548
20509,12.200832108607964
20510,12.235599706190323
20557,33.27136769163156
20558,32.32066496628481
20559,30.95026487044042
20560,32.063499969303756
20561,33.47202462872477
20562,40.97407351207024
20563,50.634380011876885
20611,43.25415302537313
20612,46.00286682728628
20613,43.187411538803254
20614,44.979061379136695
20615,46.114294291634145
20616,46.12273442064643
20738,19.795724042647763
20739,23.699317541268467
20740,26.848826128824214
20741,26.585435568449338
20762,20.547552955883805
20763,26.17076617947962
20764,28.78077120803099
20765,27.076682651269646
20766,28.195233766488982
20767,28.524038513184152
20768,29.624693556459412
20769,34.54399168742683
20770,38.15615864265277
20771,40.54081713239649
20772,42.06126004982524
20773,44.764868710779254
20790,44.13403503059738
20791,50.00946549302064
20792,57.44658503761549
20793,65.2949556400374
20888,3.483312622815705
20889,14.588371230078517
20890,19.774170802454783
20891,21.687658282363017
20892,44.434327091720576
20893,46.839939412156546
20894,52.150805020724874
20895,52.5579277969316
20900,13.978495937509887
20901,12.924396984746275
20902,19.04852918927224
20903,25.186257411910045
20904,27.870026371078882
20905,30.662934765699127
20906,37.524762490806275
20907,42.903506486009505
20908,45.57808164416517
20909,47.11433709633864
20953,14.130308994691646
20954,13.030987937185815
20955,16.912545862200126
20956,22.545661405051288
20957,25.237792806403984
20982,28.14848815554949
20983,35.37920260155005
20984,37.7418727201387
20985,38.387040627790796
20990,18.636904102478976
20991,25.76301027096459
20992,29.7317521617911
20993,29.930125827299555
20999,51.883429529299605
21000,53.10103958552011
21001,54.44195801175499
21002,55.50597613918917
21007,19.991916835308892
21008,21.879516373415996
21009,24.93891881473861
21010,27.31751744741515
21047,33.00449800679729
21048,32.870886602609545
21049,33.43777877684195
21050,37.281931777633396
21051,37.45966581602773
21052,37.27082200969777
21053,38.39885610940987
21054,9.032691293365373
21055,8.205224995307615
21056,9.20348088569997
21057,11.321281339119613
21058,15.837767684964803
21059,17.89707122564925
21060,20.046963015300562
21061,21.673101688896352
21089,42.41133589061136
21090,47.734082319675245
21091,53.875142003392675
21092,56.84762468644961
21093,58.58483996193552
21094,59.61149475858724
21095,62.84158524183642
21122,10.406089664071603
21123,22.808024166856335
21124,24.497448158871414
21125,23.201221949644506
21126,23.354624993123853
21127,25.35071713198742
21128,24.925692532908055
21129,26.391728974453354
21130,28.57604613723293
21131,29.488897554308004
21132,31.415494291051296
21133,32.42195677621641
21189,26.70874728870521
21190,24.980710946375066
21191,24.572728030314693
21192,35.720162771406635
21193,36.668000796999486
21194,39.940578225965176
21195,42.626768789837385
21196,44.802935998475675
21197,44.48380332115766
21198,46.81180785870172
21199,52.682288832232885
21200,54.6608972251457
21234,18.15804780842064
21235,25.041732773043453
21236,27.96450810651579
21237,31.939468695822523
21238,36.11854591464435
21239,37.88021904451531
21240,39.41851081445114
21241,40.595043913280385
21242,45.21614815996368
21243,48.79857743936856
21244,51.656414228952116
21245,50.888754395104044
21246,31.201052714900392
21247,30.48628653347345
21248,29.621592929950086
21249,29.06956006498304
21250,29.979129441357752
21251,30.29052458633575
21252,30.36740334145507
21253,32.61522168405438
21254,34.16377362698008
21321,41.229144268752776
21322,43.29366666919781
21323,40.4402579972013
21324,47.35931713171802
21325,50.888628327953974
21326,53.343800263005534
21327,53.510904985302055
21328,55.56251725367868
21329,57.10618865942455
21330,56.483208735081014
21331,55.54616539994613
21332,56.89041191294158
21421,30.14896401712362
21422,29.911354810684784
21423,35.2809028540871
21424,34.052766299781915
21469,26.95302495665448
21470,25.294855399875416
21471,29.292175891842938
21472,30.353802784415567
21473,32.54554397934402
21474,38.44475498810425
21475,45.470967339017335
21476,47.13148021355951
21477,47.90330584924863
21478,50.68986416537904
21491,26.315541557966124
21492,27.35349993595189
21493,29.847804451412316
21494,30.600195575076526
21495,29.911800975999956
21496,36.44452254998207
21497,39.46804771026117
21498,41.80295937606355
21499,48.631136748300634
21500,51.39566977791839
21501,52.42377063946014
21502,54.97244312624976
21553,37.71983458596324
21554,39.483735213055546
21555,39.645060161812154
21556,41.41718038229977
21557,44.89652777944019
21558,49.82624575029846
21559,51.38631022328305
21560,56.00849515549663
21605,62.36988724368947
21606,63.51266403886217
21607,65.42794049261312
21608,67.44749341839625
21609,67.65058688507096
21610,67.55255235802942
21611,66.52256698037259
21686,18.975830645963295
21687,26.349911353190524
21688,29.582547708452427
21689,33.00034561486687
21690,19.839722054419383
21691,24.924440434894358
21692,29.43963519662325
21693,37.44059405807096
21694,46.675533875651645
21695,51.02279693234946
21696,52.662068315662005
21697,55.0756086373651
21698,53.15813627698327
21699,54.873257563967464
21700,55.358383559980446
21701,57.12896384190489
21735,16.01699012036967
21736,14.152350625796037
21737,19.11367268790283
21738,23.428273793716357
21739,27.533301364709235
21740,27.877564029893644
21741,29.745517792749432
21742,32.402847276872365
21743,33.558506511934084
21744,39.474017233183126
21745,41.08773668514249
21746,40.01415506950053
21840,28.185836467414536
21841,28.843158650928302
21842,31.028955746269784
21843,33.33912546932323
21844,40.04455913924886
21845,43.58588530045177
21875,12.833198526587244
21876,10.973963625514514
21877,10.427323952000656
21878,16.063147104777034
21879,18.43624060223312
21880,19.28679929599115
21891,13.122491605091154
21892,20.00882516664664
21893,24.523000882448034
21894,28.15924416755617
21934,33.833893818741565
21935,35.53767323896937
21936,32.228970313050354
21937,34.43415802233214
21938,41.41035763230429
21939,40.11740890712416
21940,40.277751802214226
21941,42.33421897654339
21942,42.27668815562883
21943,46.9034655440894
21944,46.65422984134126
21945,51.174056360851644
22029,55.01978179938342
22030,60.647484233298115
22031,70.71534755197273
22032,68.5356256269635
22033,70.20166100159749
22034,72.23518147243878
22208,42.59815000575392
22209,41.11169853018861
22210,42.70052167697365
22211,41.2548137430075
22212,42.94653110333659
22213,43.56631379403664
22214,49.792854583839215
22215,52.526709183716
22216,52.225090636167195
22217,56.36635380814441
22218,17.06204322313444
22219,16.20615984555023
22220,20.136033595475016
22221,24.783671608349252
22222,30.46091116735324
22223,33.70285657484035
22224,37.42746710802811
22225,43.142657489876505
22226,45.545302354830625
22227,44.64174387154883
22244,28.230858647677486
22245,41.85799328178671
22246,42.08754222842001
22247,44.10896724125634
22248,32.56130794305473
22249,43.73811030688625
22250,47.24553294201552
22251,47.93370730290921
22252,50.01735571680085
22253,49.1111783350893
22254,55.57697768619836
22255,56.47739206798097
22256,60.6058036232511
22257,61.095298296420175
22258,60.428366510170804
22259,60.31773539073947
22296,3.2596684075066844
22297,1.635796304112473
22298,1.4876538901415264
22299,5.219506841443161
22300,6.063417932223957
22301,7.68911038239688
22302,11.818530861834025
22430,26.668021230098258
22431,41.4956062130859
22432,47.84882562169264
22433,47.714058515184284
22450,12.800387263127147
22451,12.858181730302633
22452,12.078405920724139
22453,13.340514399280785
22454,15.16809010710013
22455,24.794810440772853
22456,27.59412238239604
22457,28.881355793991695
22458,33.73414356723985
22459,34.30522114796349
22460,35.51128559512231
22484,42.52078638841425
22485,43.84868694883203
22486,42.16179302559126
22487,48.423314501046626
22488,49.2573923461246
22489,50.571672491336194
22494,22.637405125178404
22495,23.001079247085208
22496,21.460765971387588
22497,25.15323630514544
22498,26.002996194316292
22499,38.51159932438446
22500,42.35834200282463
22501,43.52319447130918
22502,44.88657545057084
22503,46.679552606033035
22504,48.511113250448346
22505,48.651215895241286
22518,8.016135905692519
22519,8.39998818986886
22520,14.561040648832412
22521,21.950196897400257
22522,25.732925117792664
22523,26.296321402311357
22524,31.036831469198976
22525,34.972299575726126
22526,35.61643639826262
22527,38.52343017655034
22528,39.82203925273595
22529,38.50075984742531
22681,13.898876733904148
22682,12.823685000419214
22683,12.442439479025328
22684,18.62628999618428
22685,23.457139968906535
22686,3.951584345145706
22687,3.834869819205299
22688,5.833115057105953
22689,7.2990364870672035
22690,7.501160275869234
22691,12.1764153134341
22692,14.386023848312606
22693,15.308662808513999
22694,18.860749856247562
22695,20.58076252377091
22696,25.714477115207323
22723,33.40151244102954
22724,38.020971066995514
22725,41.44403129106119
22726,45.906458351058845
22727,51.151053990534024
22770,42.50231804460613
22771,49.202745442947304
22772,49.33389653616953
22773,50.05010319151301
22774,53.32271596853799
22775,56.91267183568024
22780,28.42674603073946
22781,29.29142289088418
22782,36.087423335504404
22783,38.50044613809959
22784,38.599641934744135
22785,42.09454640527394
22786,41.029610330871
22787,42.78026458505235
22788,48.694283734325374
22789,52.1534417846515
22790,55.732507184623
22791,55.17885645799861
22792,49.721330325700656
22793,51.4877436438035
22794,56.04395198968125
22795,54.70273760961467
22796,58.76431253962636
22797,62.341337323483835
22798,61.73484131615125
22799,60.67308016492428
22800,63.26268236727491
22801,65.43111177113683
22802,68.33300940528737
22803,71.23763276932957
22839,33.371816083252234
22840,37.3145520935776
22841,38.41976849627765
22842,37.577021678754825
22843,39.711013141486134
22844,41.12545022649726
22845,43.00543808499598
22846,45.92679746244465
22847,49.56163611330528
22848,50.05929042762639
22849,51.798229086100726
22857,17.85313252549022
22858,22.610608165991867
22859,28.882682859282614
22860,32.31547399519564
22874,8.531904197656269
22875,29.602284078220823
22876,32.79617918103291
22877,33.45231879193279
22878,37.67827094423897
22879,37.28488355676226
22888,37.07254012856832
22889,40.85819381768663
22890,51.93820748107243
22891,62.688397329641376
22892,64.43323385367322
22893,65.02694542076846
22894,67.29644702797556
22895,69.35818759717063
22896,71.68786318765213
22912,30.118892493600033
22913,43.18097642811001
22914,46.56208743659357
22915,51.03331310376827
22916,52.21519516664806
22917,56.13905566893412
22918,58.364485779480276
22919,61.44044597657612
22920,65.69728587626821
22921,67.97288241934693
22922,70.43432837798599
22923,70.39645671811293
22964,48.085218560061314
22965,49.08683590526238
22966,47.76393564057544
22967,46.05171985974144
22968,47.090676304718855
22985,37.379628639339195
22986,40.48951065431308
22987,44.117034805413624
22988,50.79204603640046
23022,14.010661338018327
23023,21.485910367064964
23024,23.20285125363119
23025,31.132651650369503
23026,34.361720132475085
23027,56.67183065560456
23028,53.74401067013745
23029,47.33032838675282
23030,47.85228760262199
23031,52.24086114793446
23032,53.67176193731007
23033,56.56609942593362
23034,55.197577860321836
23035,60.903329492114125
23036,59.75574618189635
23037,59.54678809771684
23038,59.987062705199754
23112,16.238700948930905
23113,14.454282287518696
23114,14.530754616309151
23115,17.531033952639675
23144,17.922036506624234
23145,31.123711152091907
23146,31.803530246133143
23147,32.86443281114833
23148,33.08730186592008
23149,37.25702339751185
23150,37.86450827672553
23151,44.95512997927442
23152,42.8911626008968
23153,54.36807760477719
23154,62.3837031027578
23155,67.24993432701096
23178,32.38907982079544
23179,33.35784382459617
23180,45.88650598443557
23181,48.66057221791726
23182,50.20434651876856
23183,12.979333897219682
23184,10.075860268770185
23185,10.314578096515595
23186,12.986454101671777
23187,14.520308218549449
23188,14.776037402595355
23189,8.443692079951662
23190,17.820552640311963
23191,18.04613177157368
23192,18.386039372764554
23193,19.299072500635667
23194,19.279686552848908
23195,25.852071140422094
23196,28.394483692082915
23197,30.27956968726859
23198,31.762399009043467
23199,33.13849027690593
23200,36.35427104829045
23224,17.751811457786964
23225,25.412626870268454
23226,28.924032890799985
23227,29.588490298207038
23261,22.983918992314113
23262,30.729998711973895
23263,41.19006568750437
23264,45.17702392899082
23265,47.64460844389237
23266,50.2223557920773
23267,54.40919693451534
23268,59.597195172552425
23269,60.42915561142553
23270,61.89662778308222
23271,62.88393828331805
23272,63.2557780600755
23301,7.330550009465322
23302,5.675200440221177
23303,8.682220302804303
23304,9.67286337608776
23305,14.672683492754395
23306,16.472764752770733
23307,17.177515232123902
23308,17.670709752556014
23309,17.77359606054265
23310,27.71686344000668
23311,30.313498902098143
23312,33.459837154345585
23313,33.56160722846927
23314,44.32891472149526
23315,43.28544361578512
23316,44.183599456350585
23317,42.540124399842526
23318,46.14613047971275
23319,51.13901839731313
23320,55.882161399117734
23321,56.60028491505922
23322,57.26936203903881
23323,56.86685711525404
23336,58.64253912988099
23337,61.39787217121909
23338,62.080372107995586
23339,63.86978296289844
23340,64.43155510785958
23341,67.15571247849411
23342,66.26720778972256
23343,69.42966548603216
23344,73.22579733822118
23345,74.55063897009283
23346,73.33410856757317
23347,77.89615951417925
23360,10.342284435671637
23361,11.67344088552945
23362,11.61103786959943
23363,14.059765818322084
23364,15.083238378990083
23365,15.770637649006071
23366,21.07524209401006
23367,23.66837965199273
23368,30.40908911497189
23369,32.92164991210551
23370,36.90482730722921
23381,13.026003575829948
23382,14.549762576434798
23383,27.45476970185068
23384,31.650349708666514
23385,34.533526094578086
23386,37.20913301863357
23387,37.73462739725389
23388,39.79380094139897
23389,40.188220664137
23390,42.200428724735474
23391,43.953906416498555
23392,42.9758103452555
23442,46.187470082026
23443,55.637911136693575
23444,56.12352392839719
23445,59.63135595060206
23506,23.301741699775896
23507,22.669716422656464
23508,22.47353172267947
23509,23.890521705670544
23510,27.496029743971214
23511,29.04083187741021
23512,30.212935710603965
23513,35.70602592665154
23514,36.18725531743706
23515,37.0765755478761
23516,42.63690123292075
23517,50.23579871666371
23552,18.439768934144304
23553,17.96138529902522
23554,25.317499852659385
23555,29.112476704342047
23556,29.545110875590062
23557,32.62302236215601
23558,33.74754261058985
23559,35.3658432202498
23560,35.14641632469808
23561,40.461833472355636
23562,41.66582655301182
23563,45.74677867918691
23564,70.67944352434188
23565,66.354130837155
23566,63.03600629388508
23567,67.37771112234358
23568,67.67047035464907
23569,68.25770899839716
23570,69.18241570131437
23571,69.22022574208336
23572,70.43238773091163
23573,71.29854865731325
23574,70.76049242640651
23575,71.03048747466839
23604,18.180816166495
23605,16.99400337891877
23606,17.404134954732196
23607,19.0843500872059
23608,27.45459918368497
23609,29.019747268559797
23614,26.17454665814568
23615,34.322090687169286
23616,33.69525186839159
23617,35.408625243724345
23618,44.109822056392574
23619,53.44278233185097
23620,55.786860349750086
23621,55.90032716069406
23622,56.66656908651812
23623,56.87821321528371
23624,57.94354098207098
23625,57.16863429476222
23655,53.91275643298149
23656,54.12620795951657
23657,53.82769556869417
23658,53.97170912224158
23659,53.33408382139865
23660,53.25470886682597
23661,57.06546584850009
23662,59.74809413735438
23663,59.07688607934933
23664,59.29369386128103
23665,58.0538796106758
23666,59.327461542449285
23667,29.99910773412704
23668,29.743800880634193
23669,28.125461201048047
23670,28.599433739761555
23671,30.058081980884026
23672,33.24657441417588
23673,36.38460427430312
23686,41.25949903471988
23687,41.75570227088392
23688,42.14948541519384
23689,41.33001751692591
23690,42.788995319778465
23691,44.12955772014778
23692,45.17630612019366
23693,46.588252844081794
23694,46.58591339205951
23695,49.32888193131414
23696,49.633884195904656
23697,52.989307179005074
23711,40.618775237235496
23712,43.94903604217649
23713,43.12697490263568
23714,47.471239808480675
23715,45.974292108194874
23716,47.72155091843051
23717,60.5206214365596
23718,66.32314487077181
23719,67.48437690303639
23720,70.13810252662213
23721,70.40073917726518
23722,69.11919621556926
23809,28.465967269084498
23810,47.11784733718806
23811,52.14448686717621
23812,51.94738866985696
23813,62.08687818571635
23814,62.79352260344415
23815,62.23177639145915
23816,63.298384171636265
23817,63.4100338386225
23818,61.64667471627948
23845,32.912014269478945
23846,36.70710972380831
23847,38.04736504690523
23848,42.23223538431049
23849,44.63126053702804
23850,47.36485302706319
23851,50.44121890925856
23852,49.31765937070543
23853,54.38378046236727
23854,55.22069135689749
23855,54.07345599968878
23856,56.070753374698306
23890,20.547552955883805
23891,21.556610551719398
23892,21.47614927088615
23893,30.25941253379712
23894,36.45569759776584
23895,40.879597475680555
23896,49.83145731391086
23897,46.51068408331334
23898,49.86692897877189
23899,48.62278544756265
23900,51.70468007436856
23901,58.50264226076809
23946,46.26793847279309
23947,48.4952563830707
23948,48.28305690622365
23949,48.2601313733493
23950,47.435203052376266
23951,48.53834428727867
23952,49.239346877344424
23953,51.812182952413785
23954,52.94255753773923
23955,52.930816569533704
23956,52.17232086877108
23957,53.46267152342719
23958,15.821089950680687
23959,14.779842133608838
23960,21.04937445970967
23961,24.7809477995266
23962,26.097350509696984
23963,30.11244006723574
23964,32.94885672785883
23965,36.07698573318845
23978,8.960700076315337
23979,15.559036879581189
23980,23.81622337072084
23981,25.10518606046857
23982,28.8662325174141
23983,35.43852599105119
23988,19.35490541917354
23989,27.671037744372548
23990,31.274058267188735
23991,37.077352820651804
23992,38.94489832625877
23993,40.23681654656633
23994,40.57412473856158
23995,41.70346540335952
23996,45.0745923517285
23997,44.826123335034836
23998,46.620966981948314
23999,45.86274405516238
24034,9.190972145902812
24035,23.095002452998177
24036,30.047316110201166
24037,31.835221444413552
24047,28.455438851014645
24048,27.55793653268195
24049,27.816076192810623
24050,32.14167994295034
24051,36.315188232429165
24052,39.630275158840135
24053,39.08500252677776
24054,39.033824670179904
24055,42.19370538010868
24056,41.34125116318388
24057,44.19497810690855
24058,45.33388494128438
24147,20.367686377060632
24148,25.378123844632302
24149,25.931699820147454
24150,31.937501809340766
24151,36.7391404520328
24152,39.30968552494277
24153,40.966342494373855
24154,41.45157662353431
24155,44.16644908452122
24172,27.83933103796698
24173,30.20514048264681
24174,33.2580910606961
24175,35.46968485784367
24176,38.11642107215891
24177,45.235659394896615
24178,45.12823880103882
24179,44.62027301251877
24180,46.985282758800345
24181,48.492845966248375
24182,49.83981209509689
24183,49.01133391560367
24184,21.97791888804006
24185,26.555108032903696
24186,37.82513075669693
24187,38.47979005298816
24188,41.01121174978319
24189,46.88495157850778
24190,45.38693677451036
24191,47.33594266199185
24192,47.89183980328997
24193,48.14940049308348
24194,51.15352180041726
24195,55.32058974789425
24201,12.655219566437223
24202,12.114332550280025
24203,12.53757549489266
24204,16.974026383508427
24224,32.47828880748293
24225,38.09048986749086
24226,40.2105266095317
24227,42.62428051945695
24228,46.48588164314367
24229,46.66578670085888
24230,48.41789215776648
24231,49.93326775510308
24232,49.80678535254666
24233,49.82085050647995
24248,3.6247211252178118
24249,20.44488014309278
24250,22.44284787270528
24251,22.49936946601195
24252,26.063875313134897
24253,25.37238398503884
24254,32.538002085799015
24255,27.558157188370334
24256,31.470390666145466
24257,40.21724332961073
24258,38.778089209640385
24259,36.89735025500527
24260,48.9803831639964
24261,54.29194945863145
24262,57.97593320473735
24263,58.47150117093013
24264,57.29495531840864
24265,59.01158448720185
24266,61.218013204891164
24303,15.00442217177967
24304,12.335219815856535
24305,16.078561511432323
24306,18.990220665208362
24307,20.567202925635947
24308,22.193931921238992
24309,24.233599309131925
24310,27.471567008275585
24311,35.30180206067599
24312,36.41433580042517
24313,37.598834247731666
24314,37.87133994027433
24315,41.56544274590583
24316,43.70905243588417
24317,43.11163201107648
24318,44.904351319000874
24319,55.67404194064568
24320,66.09529808124285
24321,67.82402458562689
24322,14.441216306841469
24323,21.71991838843248
24324,24.737249394929847
24325,28.779354372947193
24326,31.695337019040668
24327,33.97574476905015
24328,36.94503148139525
24329,37.67246860335086
24330,31.27984876517971
24331,36.44323714796942
24332,38.445881270708
24333,43.44622813152924
24334,41.91511925784793
24370,18.022044432538394
24371,18.731961487803353
24372,19.948877828251092
24373,24.78975847824749
24392,30.104079557163793
24393,36.84951156724727
24394,41.46293183435979
24395,43.18635342118711
24436,19.703257854878274
24437,38.41684192898117
24438,42.203150541928906
24439,42.96857758064552
24456,28.49662249700843
24457,32.54494749756782
24458,42.43047601645243
24459,45.417842352340024
24492,22.439449675751643
24493,30.86819317242693
24494,36.72821296993888
24495,37.667836532697336
24496,40.36441335431912
24657,46.88293828977947
24658,53.421358761451
24659,56.54624818377356
24660,57.17951347886121
24750,17.20826344217699
24751,20.081583229060996
24752,20.731383958546814
24753,25.54061856287858
24754,27.860629368132642
24755,28.995442419063174
24756,30.660146886070827
24829,13.520716132932018
24830,16.93923789288581
24831,19.642948416738225
24832,24.608797947689844
24833,16.05914725754858
24834,22.886166722438194
24835,25.54348524338821
24836,25.798854128935528
24837,26.812588892414713
24838,30.226806427796085
24839,31.667990113153152
24840,32.02282892222047
24841,36.62632235516658
24939,40.219512037055466
24940,41.052203074620785
24941,42.379158255176364
24942,44.98409280308493
24943,48.682911846067036
24944,48.73970122964242
24945,49.38035756597494
24946,47.33936602175208
24947,47.92075868640287
24948,47.8436599850749
24949,52.84325822459424
24950,51.67534988331533
24989,16.27287854052252
24990,30.562061603820847
24991,36.83932217563242
24992,39.99075098578356
24993,41.34944408039823
24994,41.70032799140624
24995,44.26933005654775
24996,44.6552849224783
24997,44.267579226344566
24998,45.965898813997725
24999,46.94241748072789
25000,50.92646136461898
25076,51.965276694431225
25077,55.97244661097614
25078,60.22596099278001
25079,60.00751979085028
25080,60.649889305525654
25081,60.942666881415825
25082,62.156652465243646
25083,61.95499579732427
25084,62.736894741026745
25085,66.59252111176124
25086,66.42413118180339
25087,69.77897509956732
25144,47.24798559396403
25145,49.168365937642044
25146,53.25423743312386
25147,56.63173251629324
25148,61.19410209758974
25149,57.59314546974425
25150,56.791309254605146
25151,54.77282568930992
25152,58.470966297238014
25153,61.52420648590049
25154,65.19771796043558
25155,67.95930942433624
25182,31.06823078789377
25183,34.879828772862034
25184,37.646229110579924
25185,37.5001684968271
25186,38.1040611625133
25187,38.100867202011
25200,25.653652126470046
25201,34.416252520904806
25202,41.55210522689882
25203,49.67418342310527
25204,53.25988335502681
25205,59.8271603117154
25206,19.539835622494902
25207,17.486667641586763
25208,19.235072696243662
25209,18.707562395587164
25210,17.77971700847451
25211,25.911479474911765
25212,28.922619564118932
25213,29.28884191864467
25214,35.92703146372722
25215,34.92152828751339
25216,36.683160864051494
25217,40.9961049707584
25218,15.14119865555892
25219,18.21671001983035
25220,17.86971088831004
25221,17.794383960320374
25222,22.00587637025897
25223,23.119156219606616
25224,25.013952832396345
25225,27.500364442983287
25226,29.03930340294687
25279,3.5650646917767856
25280,1.8041376747537776
25281,3.8760015126164133
25282,4.67290578269671
25283,15.093391158876784
25284,12.340295414988713
25285,16.57835982900509
25286,18.796455819469728
25403,30.255874438161683
25404,28.93988647017031
25405,28.782261098831576
25406,30.578367537454426
25407,31.722134799647822
25565,20.6209073240785
25566,30.942806863876168
25567,35.42324298026466
25568,35.61402244928871
25569,36.897225192973366
25570,39.406345875624474
25571,39.560454530038456
25707,15.935319159533462
25708,18.104603543862947
25709,21.090402284774704
25710,19.498977828047497
25827,17.967585030867124
25828,16.640852108456798
25829,17.932091790402787
25830,18.692393141938375
25831,19.894797008119344
25832,20.212071670572477
25892,28.841443769828803
25893,29.396025569033696
25894,33.04876494592423
25895,38.17306091462758
25896,28.316581935447882
25897,28.166085049550823
25898,30.34302113635942
25899,31.556496356936613
25900,32.88519522496755
25901,34.8891563409401
25902,34.90841845059078
25903,35.22579639951
25904,36.31104654801486
25905,50.903813818905526
25906,54.43724461938389
25907,57.89305715797857
25949,43.721012252389556
25950,40.75886558469223
25951,38.84709416710199
25952,39.69082761484806
25974,17.303903587540315
25975,17.749058565474094
25976,19.54457673867245
25977,23.176837343662278
26011,28.181505565772035
26012,30.50856736611908
26013,34.06690579001795
26014,46.132289788892585
26113,4.862999001519819
26114,4.428228897891157
26115,5.1259633034315595
26116,6.254631663683976
26117,8.876005639350055
26118,14.745797659059201
26119,16.808475788013588
26120,17.20378133671129
26121,19.477395736614067
26122,21.0422284569473
26123,24.47183134964816
26124,24.4930086164231
26140,32.70937298694947
26141,39.843824395837196
26142,42.68030424793163
26143,47.39749682060599
26144,49.338952550951454
26145,52.41158098834722
26146,53.986241126878134
26147,59.50156454083849
26148,64.44031433709971
26149,66.74730178343722
26150,66.75081820365243
26241,39.50478076692351
26242,48.07103171913913
26243,52.039728388049824
26244,56.188815012932665
26245,56.368136068864125
26246,57.460095877829566
26247,58.378174353862256
26248,58.647232948354365
26249,62.06600277501615
26250,62.560712558607676
26251,63.00678868225815
26252,63.171641734397376
26289,13.268610123152968
26290,19.62225158741245
26291,22.321995028494108
26292,27.639665830733385
26293,31.625356020104753
26294,32.09128331976763
26295,32.74920180038598
26296,35.16675836741765
26297,35.42258888688378
26298,36.32881048600345
26299,35.09898133977978
26300,36.32895776561154
26315,33.69506245651001
26316,30.359827626528503
26317,32.186118317593575
26318,33.24546915613861
26319,42.232716753163466
26320,47.96942100271736
26321,51.11159626175945
26322,51.91789219107595
26323,53.83435933732915
26324,53.209924880649766
26325,55.12168246956558
26326,58.87005723960873
26455,31.619105381931647
26456,30.913560280501986
26457,33.83072847458636
26458,41.52444670659068
26459,26.745516201128268
26460,28.13235112785357
26461,28.691265463631233
26462,29.9076599711792
26463,32.05431702774358
26508,20.414149874931642
26509,23.918908468172404
26510,24.629255747974558
26511,26.170912262294113
26512,23.846717252576408
26513,25.773359820540144
26514,26.111067756277258
26515,25.564315531581677
26516,33.29197654633165
26517,34.938790875247975
26518,35.28901172904781
26519,39.34312651365818
26520,19.763642029398856
26521,31.32927339127343
26522,37.18509187637436
26523,37.09715565347834
26524,36.09310750641666
26525,37.45030618397649
26526,39.94705765532855
26527,39.241243746152136
26528,42.709143648519365
26529,43.52947547065828
26530,46.14300768347159
26531,50.41530387056924
26564,19.627931601204224
26565,20.600530161073383
26566,27.98109008981615
26567,30.430250007406606
26568,32.407071410189815
26569,31.727095137464342
26570,35.04035660715863
26571,42.42104210746214
26572,44.40629107476154
26573,45.181407478067335
26574,44.68801841030111
26575,45.74589116127401
26576,3.4109890812227475
26577,30.641751150920165
26578,35.727423497237794
26579,38.00831662203506
26580,39.0294971456662
26581,42.89069542088173
26582,57.98184666922656
26583,52.88818057195973
26584,20.189387606104955
26585,20.0530047293722
26586,20.752161640954014
26587,21.129472349793208
26629,20.258825642789578
26630,18.440185329923867
26631,18.38599314851781
26632,18.760544598845048
26633,21.023480437940005
26634,24.485613443592236
26635,27.170447635973403
26636,30.375046831337094
26641,31.077357225964004
26642,43.30002181164782
26643,46.40212656464814
26644,46.64325795513664
26645,49.32364786865083
26704,19.88502821020773
26705,18.321651048205855
26706,19.950063327208284
26707,32.60118462742173
26708,38.354928198352766
26739,53.24946275082063
26740,59.62814889625772
26741,60.12204121545632
26742,61.74681475093873
26779,12.320860039408
26780,19.829888900106276
26781,24.793825740698736
26782,32.31760594126909
26783,34.239757038406495
26784,37.908521939154646
26785,41.59175887266668
26786,41.38274131815917
26787,44.578594504332344
26788,45.195345092359815
26789,45.614385700073754
26790,50.378764856946646
26819,35.5729090932118
26820,45.58212813435182
26821,58.50052813763787
26822,62.059808575090415
26839,38.37286519768214
26840,40.65694843230334
26841,40.46105988301513
26842,39.27309240251981
26851,23.968400828099885
26852,26.62576035916824
26853,28.23579042301114
26854,28.858947296851078
26855,31.59334269632227
26856,35.954315785047136
26857,35.45229721046406
26858,37.28666445673543
26859,46.94011021548328
26860,52.17689400695974
26861,55.91117203795038
26862,57.97745715902177
26863,30.21926897481219
26864,31.502534174624543
26865,35.216392044782246
26866,33.12075358560793
26909,5.04119019740495
26910,8.227582633083987
26911,12.547408822513502
26912,13.6497658181995
26913,14.819129907193053
26914,16.02919647267519
26915,16.464079529923417
26916,22.401901920494172
26917,24.827621117129315
26918,27.123329911572387
26919,28.528370283320157
26920,34.226866005883046
27006,34.37119877860515
27007,32.867176870632235
27008,35.58894517785122
27009,39.235601406243426
27028,9.023601929329887
27029,17.43894834730211
27030,25.118719746208406
27031,28.293465763946493
27047,32.752893222487074
27048,32.831556406804424
27049,30.072869886607876
27050,34.42362706035375
27051,34.82813706658416
27052,35.32225977532266
27053,44.06111322561464
27054,49.752517269461656
27125,48.38810486725034
27126,55.67005878625506
27127,65.31228751975257
27128,65.69843492871942
27129,17.834442516028886
27130,16.620947276498192
27131,25.862860118527337
27132,27.556019495418223
27133,31.00208263517966
27134,33.19510841616396
27135,31.53822586182262
27136,35.99903523262432
27137,39.127839745202905
27138,41.867294202048576
27139,45.454269779776155
27140,47.435641322763736
27177,34.242823088925974
27178,36.65432468473388
27179,42.13686285637335
27180,48.00316236655966
27181,48.05842927801919
27182,47.31511488506789
27183,49.62030098680245
27184,51.39691347670865
27185,53.76810560427216
27186,51.349292449061565
27187,55.874716284934834
27188,58.63505042582644
27189,23.12873647540891
27190,33.165537903446655
27191,33.48970076605969
27192,33.866841071285364
27193,33.89001193517095
27253,22.985812138611333
27254,22.446919407906822
27255,21.745498210318125
27256,24.32453892061303
27257,25.807754850593206
27258,28.87129980797694
27259,32.13917764316239
27260,32.69941034816408
27261,19.437175276579026
27262,25.940616921710742
27263,34.55996944905674
27264,38.32520972311562
27285,44.35240044993813
27286,51.79808927699164
27287,50.89526027424859
27288,50.424228488872885
27289,51.82347852379453
27290,51.52508608607295
27291,49.36116921077487
27292,51.38964484130509
27293,52.853614092685085
27294,57.83976859708169
27295,60.850700792634434
27296,63.23827085918762
27349,26.967838783607966
27350,25.31843499468821
27351,25.939908435033846
27352,27.708467332022018
27353,35.8525631298393
27378,28.42674603073946
27379,29.736184134115906
27380,37.15917544701138
27381,46.61020698923029
27382,51.47655947879519
27383,54.71145445384338
27384,56.33525152110311
27385,58.00034612990675
27386,58.495240973043565
27387,60.960287115193346
27388,60.83733326377685
27393,47.98294555812107
27394,49.67568167127648
27395,50.47252327384298
27396,51.07970587203685
27397,51.143945573652694
27398,52.54791310676908
27399,52.30714477011716
27400,52.71371747519111
27401,55.113754066842446
27402,52.733825902172
27403,55.99323313122528
27404,54.078884965955396
27425,29.52341107420999
27426,30.570212930625594
27427,37.37696484886315
27428,38.86908990658474
27429,39.13251979971111
27430,43.79496908554632
27431,44.41220288137963
27432,43.95132917849868
27433,20.442231033278503
27434,32.66662431357314
27435,35.95992396837555
27436,37.84673441234508
27437,38.52435677363701
27438,37.99478389612422
27439,38.32030618399102
27440,40.91376958346418
27441,43.2735816173689
27442,33.21190231417368
27443,55.30443600450387
27444,57.8340587780519
27445,58.74183257022982
27446,60.77556399530479
27447,59.340294115702676
27448,58.87871185906112
27449,58.64877188237851
27450,60.86538484137071
27451,62.13233670061011
27452,62.8928182939656
27453,64.23971264405981
27454,7.546139388112162
27455,11.896117111694466
27456,13.434387115042405
27457,13.42162828350534
27458,13.602262017745439
27459,13.956253090874029
27470,31.608354608725815
27471,31.35828682432212
27472,29.72183715355852
27473,32.77722342163394
27474,37.25676496018088
27475,37.96951346606357
27482,27.759882345896422
27483,44.72865844656602
27484,54.70189068767388
27485,50.49542942600645
27486,58.38473199900117
27487,64.51860491356057
27488,69.11706430213326
27489,69.61092079396062
27490,70.61113647694869
27491,70.41112101277379
27492,71.5688302988513
27493,72.23958837142366
27500,31.574079960845353
27501,35.23538902815918
27502,53.49515063642082
27503,61.95898663397637
27504,61.22976387753562
27578,19.854944700290915
27579,25.437916408679378
27580,40.26694632050915
27581,45.7568971523388
27582,47.53087117804429
27583,47.798253981816266
27584,47.56149607340066
27589,58.484879246475906
27590,57.788759471586246
27591,65.91597271942067
27592,66.9216351688331
27593,70.14050104122778
27594,68.27928036999418
27595,68.7308139296166
27596,68.25396631189724
27597,69.6916642953525
27598,71.87669877498226
27599,72.20203787984978
27600,72.83433129831144
27719,16.27287854052252
27720,18.500433840982847
27721,28.42522801191451
27722,32.18112039334639
27723,33.390999583580225
27724,34.67423530405373
27725,35.609178187064416
27726,38.62379695440406
27727,42.60775976403883
27728,43.80334458825404
27729,45.84004250596049
27730,45.57069908836901
27795,36.83158385323104
27796,38.30908166572842
27797,52.2168890163583
27798,54.20511851310442
27799,57.56149617243903
27800,60.33561891387048
27801,63.06773423622699
27802,65.02108016462155
27803,65.44979154963576
27804,64.71364236432268
27805,67.25235313527378
27806,66.62226446729953
27807,22.193745749356708
27808,25.037154317600425
27809,29.59845115676351
27810,30.683636817262432
27811,32.099940930189845
27812,37.28168922627159
27813,39.80783923165624
27814,39.814188827358976
27815,47.426227206092044
27816,52.2842838226669
27817,55.98462853111749
27818,57.28375672443269
27848,13.501700904529176
27849,16.86675053057681
27850,19.284688706821573
27851,24.767874871621142
27852,33.12671581273927
27863,35.20152771758304
27864,42.194181984777906
27865,50.196887856368356
27866,57.20151836229947
27867,59.221029781795124
27868,59.826585491075775
27869,61.62380269510071
27870,62.26018749107452
27871,64.53078668021757
27872,67.05353385602838
27873,69.93377647149882
27874,70.09272527074995
27898,22.442003886002013
27899,32.659100440972175
27900,37.57718036436956
27901,40.95947412074299
27902,40.49975127492664
27903,39.29440842062984
27904,40.88777950529392
27905,44.13135303866136
27906,42.3457131340639
27907,47.14981323409656
27908,45.28565942433667
27909,46.39181135417594
27933,8.23277060908273
27934,6.037037645989015
27935,12.939686755444365
27936,15.236910070749841
27937,15.613587578763521
27938,20.790706538730046
27939,22.641247382109974
27940,24.329908065466395
27941,31.986245995473237
27942,36.995885007401995
27943,37.94079075139121
27944,37.60674246763849
27945,37.022711303338205
27946,51.313654792181154
27947,58.24125265545824
27948,61.63552136649668
27949,36.95461565306498
27950,45.86302873836802
27951,52.500310029934575
27952,55.519792132206184
27977,70.06501751029056
27978,66.39107991850973
27979,70.90179145175638
27980,71.70276653427254
27981,70.82728297290845
27982,73.61307579280154
27983,75.9481707729149
27984,73.59320381448082
27985,76.24935499605317
28002,44.60998857942588
28003,45.819886306646296
28004,46.54014804008613
28005,47.064815355730744
28006,46.53748013354646
28007,48.77282824416606
28008,47.87901577675394
28009,52.67268821349037
28010,51.55320646008808
28011,58.2528286734127
28012,66.21200619957611
28013,69.55773259027606
28037,40.28954791498314
28038,41.21404331317308
28039,42.85879276003971
28040,44.09656075733971
28041,52.17312148059459
28076,17.465736821157428
28077,24.29143631452668
28078,42.01180102987328
28079,48.29994797818473
28080,50.66425289282629
28081,50.66622170312732
28082,51.028661042174875
28083,52.58118516047635
28084,52.72727775563162
28085,52.45644772601433
28086,54.348335436166984
28087,58.28481017342107
28124,41.00190586297312
28125,38.992438609115624
28126,41.86443952495603
28127,42.438016523222956
28128,43.48634691490076
28129,46.30468763206512
28130,48.09812895609153
28131,50.93837118618775
28132,54.45426468238167
28133,54.73185983997392
28134,59.13284909209069
28135,61.830211207521685
28169,26.842045581192533
28170,32.88344193050063
28171,35.8036639461403
28172,37.69790381407941
28173,39.41521414657264
28174,14.817014766144453
28175,19.67236188420975
28176,34.05993822156715
28177,36.04078756525421
28178,39.620334407986995
28179,42.62879314838004
28180,45.2744862985719
28329,19.664307838188165
28330,24.79052401355755
28331,28.030816312857993
28332,31.350120315802716
28371,42.16598883459028
28372,52.74460051729408
28373,57.70330345050176
28374,59.82960578870739
28375,63.65172116014435
28376,66.95998223570723
28377,67.77093848188093
28378,71.41752426058746
28379,71.38614581616986
28380,72.42957635669192
28381,72.19637552359725
28382,73.3163470346473
28399,47.92681553594593
28400,49.006918158268206
28401,50.60337254242816
28402,52.36134467131366
28403,58.813605723005345
28404,58.223130914795895
28405,61.42759559336369
28488,45.06806073219136
28489,53.50379890398312
28490,57.46719602434514
28491,61.00311956913269
28594,17.54461617868754
28595,33.312445192848195
28596,34.554411032161724
28597,33.760353565084216
28598,37.20016534067034
28599,40.22969650988007
28600,43.76637842884975
28601,41.50809062886768
28602,42.719722320563406
28603,45.61872392406618
28604,47.567658198804956
28605,49.69528192928975
28618,32.05461955895071
28619,26.912847145497377
28620,29.516456303038133
28621,32.66903862746348
28622,30.211712159304902
28623,3.9695187605105984
28624,2.3689560355596004
28625,2.555672265758277
28626,5.726056973542244
28627,10.685276255159678
28628,12.35746164954422
28629,14.14080442724615
28630,15.719455268987694
28631,15.775720676388207
28632,15.869704593972244
28633,24.444167172794792
28682,18.96737286121632
28683,16.522761701828795
28684,16.979096912020054
28685,17.313501312332008
28686,16.94753231742291
28687,21.80143177662228
28688,24.560301946265817
28689,28.655822390904287
28690,29.442992508278923
28691,29.612817283290216
28692,33.10651674870711
28693,39.69871493650949
28711,5.368972439563128
28712,8.142775061097348
28713,9.760117568115485
28714,12.94138360097087
28737,18.783436642491747
28738,25.344363204155563
28739,27.857408274547264
28740,28.27487172568809
28741,4.441535719818878
28742,4.417139040070935
28743,7.104545036459021
28744,9.884040770012962
28745,38.65714659907186
28746,46.061039722089646
28747,48.61016904255763
28748,55.922723827420334
28749,54.29197458984129
28750,60.58465614986966
28751,57.39321324372687
28752,58.58608100834103
28753,60.351080914226756
28754,60.466844931747126
28755,61.54246364343437
28756,62.275324237005876
28761,20.12503778584334
28762,31.431472124616914
28763,37.60748168931149
28764,38.11011905886211
28765,37.312730368008616
28766,40.45567697847808
28767,43.10042877265276
28768,43.38254267954156
28769,48.34379364569366
28770,51.29054565240091
28771,55.35164007940383
28772,56.862200708054
28825,18.230252656344753
28826,19.01026523626731
28827,20.69160045837889
28828,26.97286148459128
28829,33.39452864651943
28834,23.90282295316597
28835,27.290432806606546
28836,31.56885746906923
28837,35.92319079409846
28838,42.21650492509971
28839,45.563168767350184
28840,48.93129072975002
28841,49.06638302892875
28842,51.04775327882571
28843,54.2199041413328
28844,22.907628275261356
28845,29.781646858164194
28846,36.63735039279263
28847,37.27587169510412
28848,45.953702971333016
28849,47.93030438301523
28850,50.33452690511297
28851,51.428224286204625
28852,51.93481217235264
28853,53.0746068592962
28854,57.44683195459492
28855,59.06262696246867
28901,31.201052714900392
28902,30.562640392220853
28903,30.079805702107613
28904,29.3495988095384
28905,30.64346573490949
28906,30.491172824030475
28907,31.258258175712903
28908,34.49758715432822
28909,36.44508599323241
28910,43.83151302384435
28911,46.400755001976876
28912,47.6597747224543
28913,22.061966700427693
28914,23.02757812332625
28915,26.593256637818705
28916,27.07167462366608
28917,27.39299434264146
28918,31.861050873828475
28919,32.334712405563764
28961,36.968565764071954
28962,39.920237831368034
28963,45.74932791917732
28964,48.80572060393596
28965,48.336845536291825
28966,46.949426276654336
28967,42.5902235041207
29047,23.34246775838285
29048,28.11658319879239
29049,28.685315734258683
29050,28.762569006714173
29051,29.87068399490681
29052,30.395401656855974
29053,29.653554661742785
29054,36.57332427956383
29055,39.45738757850033
29068,18.61364493906905
29069,19.63658158930395
29070,19.205527812311182
29071,19.35338043553811
29072,28.007441716669152
29073,31.233372627136195
29074,34.36736031771928
29075,35.43914101682613
29076,35.88633928804016
29077,37.5792404839635
29078,36.48535230455676
29079,38.526194856277904
29221,10.364406583297665
29222,13.970533819918085
29223,16.12174854838078
29224,14.844444106801657
29225,15.496982268587981
29226,16.148431584151638
29227,23.51011778749185
29228,26.58100221651292
29229,28.89218258911452
29230,30.689639238244208
29231,32.62471613912552
29232,36.75217523001432
29341,13.29150722873236
29342,13.451238590688783
29343,19.49311425835737
29344,21.75613538836577
29345,22.95517276674111
29346,23.280584021370768
29347,23.072423092896084
29348,25.060063089728015
29349,26.84414833915043
29350,28.873711886535176
29351,32.72390314141074
29352,35.33465099323434
29384,53.90436849554098
29385,54.89241975683958
29386,55.730883060827246
29387,57.713516670478114
29388,55.231375562773
29389,56.91572827968346
29390,58.31201779626236
29391,61.37843759224862
29392,62.40180959185304
29393,62.92254522383663
29394,63.596835232241716
29395,65.73697619048816
29417,48.53986658716183
29418,58.11313427668374
29419,61.11859683978512
29420,63.43591529908555
29463,34.377506350298276
29464,37.4644680385379
29465,37.74069244732443
29466,38.73578014097762
29467,40.36441477918928
29468,45.9977098502734
29469,53.63570433331904
29470,54.97638032655356
29471,54.9902594491263
29472,56.16695079543023
29473,56.06700953827085
29474,57.14780021057619
29475,27.45110625215498
29476,28.128250785648554
29477,30.231380146430926
29478,29.968668482474953
29479,32.43825049736803
29480,36.219854351481956
29518,46.293649683648596
29519,53.86113908142835
29520,59.953535333371626
29521,60.233833279752645
29522,63.251596604721556
29523,66.23020689877005
29524,69.55510515347068
29525,70.80038849909555
29526,73.85727428107296
29527,75.04968049525999
29528,76.54400214605782
29529,78.86299291744162
29557,33.4321527553362
29558,36.46040962016381
29559,40.933164404573645
29560,44.18109074094083
29561,45.74192689835892
29574,21.844727701230347
29575,34.83108032538753
29576,37.61084961014863
29577,42.88141244883064
29619,46.33971658552401
29620,47.687430191846026
29621,49.10177297958802
29622,50.06383005706203
29623,44.56438213243092
29624,48.685292566385414
29625,47.71359802635324
29626,46.39436351899038
29627,46.43572380940536
29628,55.62424670362028
29629,59.28246723688712
29630,60.216324522938
29635,20.17034624779037
29636,25.25363545947726
29637,26.410315249527567
29638,27.622765193353732
29639,28.207057515737272
29640,32.93728281550187
29641,34.7483620628853
29642,37.751813142826045
29643,39.01232147677879
29644,42.3447401491396
29645,46.14356820059821
29646,50.27804719525786
29687,54.28330380427131
29688,52.647362087584476
29689,56.342652507858794
29690,57.33231129030267
29691,62.13922690123608
29704,25.208845668464676
29705,25.325624036595425
29706,30.235794644327544
29707,32.1292543971893
29708,32.87551545809124
29709,35.52813327138937
29710,35.44699969377627
29711,38.19006038935152
29724,8.607629328678724
29725,9.724100012194125
29726,10.416665937593708
29727,12.228125238443063
29728,18.06867147056571
29729,23.525217554082904
29730,27.255467871590135
29731,28.157688888484135
29732,29.014949375756817
29733,31.802111172656833
29734,37.81001763799217
29735,40.52217014053941
29736,16.27287854052252
29737,20.57680864822439
29738,26.24172199173369
29739,28.63860237202764
29740,28.909384266366615
29741,29.93903524090751
29742,31.128882134337744
29743,31.78603342053992
29744,32.495155368500406
29745,34.68918592885736
29746,42.941583314365225
29747,46.1866107787475
29796,23.855366844983134
29797,33.98810441687486
29798,39.13247312965629
29799,46.29774873920884
29800,53.34781798792512
29801,53.27620357551169
29802,54.52043548593658
29803,58.43806485196373
29804,59.05124789652471
29805,59.017546752800364
29806,59.11674538895301
29807,59.914503302267285
29817,2.8104941944551016
29818,1.6393463449486632
29819,3.643771196050094
29820,6.147165442095193
29826,42.353289076141216
29827,43.677522932933
29828,46.06526131502759
29829,50.13313224462767
29868,3.6315458947904613
29869,1.646078808925696
29870,2.1223225580795497
29871,4.212248159966957
29913,26.668021230098258
29914,24.68931845394976
29915,24.406212654889277
29916,23.89027077503909
29917,30.78526088666358
29918,32.92578841981736
29919,38.0007993180939
29920,38.00097628521166
29921,41.49883633094907
29922,40.425186579935435
29923,43.047897448777675
29924,44.1136935144268
29998,29.289777285977742
29999,30.26870780809121
30000,32.3866657406935
30001,35.16643134739104
30028,8.770068150860512
30029,10.544705752522097
30030,16.48457919305951
30031,18.032441510490766
30056,3.0928568740768956
30057,4.108735957842994
30058,4.771217801213316
30059,9.177135212851407
30060,11.718643611213714
30061,11.338997001441326
30062,13.058599992708205
30063,21.627227947263485
30064,23.01369670998037
30065,23.99741747660776
30066,26.414848603110524
30145,30.11368033408567
30146,30.321798035306383
30147,35.90419806771234
30148,35.82992038560555
30149,36.61683097960466
30150,36.621351252113456
30151,39.52853347279034
30152,38.26385968623514
30153,48.75291098863466
30154,55.92679401628667
30240,26.598583193413635
30241,35.36575876311286
30242,39.72799539454131
30243,37.54421241499054
30244,37.623922428756316
30245,42.188616522318426
30246,40.383918712147775
30247,41.048730469132394
30248,41.75703038100501
30249,49.596226300335864
30250,53.217397694131
30251,56.460130656080686
30252,18.866126051046344
30253,25.456019498034976
30254,29.224234286250155
30255,32.052295903592956
30256,33.89753593480452
30292,12.453681966414624
30293,10.617910989134385
30294,18.468295824847658
30295,21.178677791858682
30415,20.547552955883805
30416,24.14604107115855
30417,28.15531891969883
30418,31.515457679526786
30435,9.172668692469056
30436,13.128369402379235
30437,15.041410766573906
30438,17.723396336501644
30439,22.43180827979226
30440,24.822449502901065
30441,26.17016739635142
30442,28.17601218194548
30443,31.253326043533633
30444,31.98969407646594
30445,35.878955823101165
30446,36.44763222427258
30452,51.15325913032562
30453,62.64519590508108
30454,63.54730780396881
30455,65.66307218127739
30456,67.71346717287217
30457,71.80858061252108
30458,73.30868534967325
30476,2.8542228620612997
30477,2.04996111171217
30478,4.382963443641602
30479,5.734612924106737
30480,11.535603077646487
30481,13.230728559767023
30482,13.412234176055797
30483,14.669963031791957
30484,17.600779051504617
30485,15.640679973829222
30486,16.15707751554662
30487,21.73791106162719
30500,28.42674603073946
30501,40.843415323574476
30502,47.94306469360658
30503,48.258501426006205
30504,50.1060304802454
30505,50.68723310531132
30506,51.5128212422047
30507,53.4279312141015
30508,55.04422255069109
30509,56.20087292625497
30510,56.45068850809042
30511,58.970138354973145
30517,22.67746031912804
30518,25.328416662147717
30519,28.636880039801575
30520,37.42977472336942
30590,18.189460211853046
30591,38.73585596134361
30592,40.380556082153895
30593,43.84127229018655
30594,29.541713170670448
30595,31.335405389480044
30596,38.34531704792683
30597,40.423022984398216
30608,33.65488668966541
30609,36.895517330726435
30610,39.21322686997081
30611,41.26760478420595
30612,43.114161509771755
30613,49.4106598794916
30614,56.91675182421384
30615,61.78675208321485
30616,59.77493375503243
30617,60.9564001883964
30618,61.58608657605423
30619,62.32770270554301
30655,20.547552955883805
30656,25.39755228845456
30657,26.348087647296506
30658,41.46044253893632
30769,10.070670334093881
30770,10.785483486616632
30771,12.742599796425408
30772,11.22230998590963
30773,16.483182343906684
30774,20.249201592132454
30775,24.41199251458103
30776,27.019562319384377
30777,29.4750621900594
30778,33.38548225793362
30779,34.288747259426266
30858,5.460025429885198
30859,4.535596364869019
30860,5.215064399650442
30861,5.3530801017879694
30862,7.16897998583379
30863,9.287637456440802
30864,12.90005809716474
30865,14.410700142048789
30866,14.903607690831914
30867,18.74848511172449
30868,23.949677392521618
30881,28.049539322646023
30882,31.72498829481805
30883,34.23178708543002
30884,36.81597784997072
30885,40.913882911213605
30886,45.72597267029989
30887,52.230483093667225
30888,57.3635720569556
30889,59.82251840666083
30890,59.88418945621366
30891,61.17729204225676
30892,64.163020174925
30893,23.89896279141526
30894,26.725311487347742
30895,30.305713807633854
30896,32.71772802467571
30897,39.489441202736984
30898,47.552043785787234
30899,51.32231717843132
30900,53.39472814621227
30901,55.85098964215281
30902,56.34780515744442
30903,56.72356244594043
30904,57.85196898905508
30993,33.24844351111923
30994,34.044498982178304
30995,34.66187147021364
30996,37.131138550460335
30997,34.028948151553024
30998,36.19439344508557
30999,39.71861753987283
31000,41.62367296106254
31001,42.7016247390304
31002,46.42031590396684
31003,49.35390578293623
31004,51.47363559758478
31005,24.027791726101896
31006,37.03890697327941
31007,36.6221987414726
31008,37.225195590776615
31009,10.38463677441704
31010,7.362254934910268
31011,8.39825112124551
31012,13.624653388055343
31013,18.348854671075692
31014,18.461324123929153
31015,20.908613237608595
31016,24.174772993191898
31042,30.71622246127598
31043,32.656097640203306
31044,41.080664453258485
31045,44.3463350264749
31046,44.13698193832079
31047,46.403417590692456
31048,49.06851727864567
31049,51.29110414284124
31050,51.989246422729664
31051,57.92870091413809
31068,13.060583518526002
31069,18.910428720420988
31070,31.612019595094857
31071,31.548769614033883
31072,34.07905438163716
31073,39.81343958052075
31098,12.667748356832892
31099,12.80322482628772
31100,17.991095278042426
31101,19.24233569803219
31102,20.664214523298153
31103,25.02343360093787
31104,28.604402403630033
31113,34.64165313431908
31114,40.39890622691015
31115,45.30882061406032
31116,48.520144034848556
31117,18.334262429440162
31118,16.26548349703026
31119,18.17709280007214
31120,23.577540378422658
31181,8.121644395880757
31182,7.566818357826194
31183,12.830603232033452
31184,14.720371300071577
31185,15.536580513469405
31186,18.7006560423029
31215,16.045838027784974
31216,30.215646429100474
31217,34.460084482982715
31218,38.01122869822565
31219,41.76470328879683
31220,42.04412878982731
31419,22.757801272234673
31420,25.149661176108754
31421,26.416508909959482
31422,34.79604076443296
31443,32.598549452599215
31444,42.6038391161651
31445,44.97411850489983
31446,47.32672898933516
31447,47.342867481328675
31448,51.106742427658936
31449,51.65723396933719
31450,59.318309300858154
31451,63.92476635714579
31452,66.60550696425535
31453,66.8604102599482
31454,67.52096980288458
31483,50.87811050009253
31484,53.24000200953003
31485,55.1425220040024
31486,56.41716665879735
31487,58.38210217095358
31488,13.251881330579014
31489,21.902772137138008
31490,25.888536468690532
31491,27.659440785077148
31492,29.183975133305204
31493,35.28224967449249
31494,43.95754434124065
31495,49.80501185021405
31496,53.0352262624788
31497,52.44454984291762
31498,53.482101042544805
31499,53.9440741909252
31536,30.677504335691328
31537,38.67775247844554
31538,39.824821550435395
31539,48.11843303556361
31540,54.477396164895055
31541,59.67401157736308
31542,59.12939664882459
31543,63.5527239026671
31544,64.0031223168105
31545,64.00248479930202
31546,64.47514504213477
31547,65.97337348034354
31548,16.170918253309896
31549,23.08144219122993
31550,40.30300196599031
31551,45.93293359188641
31552,47.99370781014348
31565,32.88962497997523
31566,27.80257593240527
31567,37.88368708267971
31568,38.578391570282584
31569,39.91846678657721
31570,47.934841457694255
31599,18.180816166495
31600,20.21900933237286
31601,27.167156681454813
31602,31.438546502329352
31603,34.7835763287156
31604,35.55970703897968
31605,37.34091420694506
31606,37.771665354127556
31607,38.26917608540607
31608,38.96394525583672
31609,39.52135280659338
31610,39.65797424515051
31627,20.414149874931642
31628,27.00902722646701
31629,29.312421548575553
31630,30.734184927297594
31631,35.79746370706354
31632,45.4850313103469
31633,54.029566246341254
31716,18.245454947494213
31717,25.418618066888488
31718,29.534638244303355
31719,23.13987390122136
31720,32.59068803745396
31733,6.249619722317931
31734,5.3877384606797465
31735,10.338317157294167
31736,18.92317285340122
31786,11.608591814733813
31787,10.22882447229893
31788,11.232326899429792
31789,16.274481228534892
31832,54.758097883570045
31833,58.93316168657573
31834,66.40317745319896
31835,68.15738527883784
31836,66.67602749710062
31837,67.66089580114576
31838,69.89248755709175
31839,73.52714240618378
31840,76.23577907804028
31841,74.98882200282793
31888,27.854194746593492
31889,36.71871701286239
31890,45.91425867596905
31891,49.85755721503436
31892,46.844949563452694
31893,48.884127505073835
31894,48.6622363027969
31895,53.6085726413793
31993,33.42539235787603
31994,35.90946779600409
31995,43.55282864306294
31996,53.99430999438726
32014,21.746156495132702
32015,19.75411840733503
32016,19.644251757505874
32017,23.983463813406825
32018,25.673726182067245
32019,30.082426369062187
32020,28.61341580275335
32021,35.761128457899936
32022,34.69908872604707
32057,28.496248938225982
32058,26.706568921783433
32059,27.439946692270304
32060,27.73328556951314
32061,29.861231234775644
32062,29.378034754876985
32063,31.553664337278367
32064,32.7140359926808
32065,34.30857613786883
32066,45.56136085179364
32067,50.53263868105765
32068,50.520022541639186
32119,3.9428739139029045
32120,1.729362212067033
32121,3.80640162220175
32122,7.002426477455509
32123,10.572377437748031
32124,14.73523084906695
32125,19.653183058795204
32126,19.30830548825555
32127,24.53104838132921
32213,38.357359317957176
32214,38.2289252637053
32215,38.71392045184961
32216,39.30000974790135
32217,39.44190852242769
32218,43.03526158876778
32231,12.56804041100126
32232,31.97429212907794
32233,37.61055624624774
32234,40.06996247032972
32235,43.31620466077494
32236,21.556415005794616
32237,24.711616307066393
32238,25.139211746534492
32239,32.05116536194898
32240,32.79890212989301
32241,42.2396620017672
32242,40.48808717103063
32243,37.779653308901715
32244,40.98137072406004
32245,43.946256198218414
32246,44.63269165464417
32247,47.05010120888187
32353,15.072903186297314
32354,13.673055141292437
32355,14.63199603797536
32356,15.279418883849473
32383,4.7570466825630975
32384,2.863758237013538
32385,2.9891146396530694
32386,3.183487758061987
32449,10.474570678589247
32450,9.802210980497595
32451,10.137465511729593
32452,10.333179222299686
32453,9.124676456243458
32454,11.880301678706445
32455,19.346425894897312
32456,21.49455926160786
32457,21.593378465269588
32470,26.185558173102994
32471,34.55109605490466
32472,36.69007579328552
32473,36.58361782624192
32474,40.609945020974465
32475,41.404771049453885
32476,48.6042250664452
32477,57.28421399503672
32478,60.29761862322428
32479,56.824742744870115
32480,62.72605227642336
32527,38.87034227114138
32528,40.5831932723375
32529,40.98611564655953
32530,40.43818485113307
32608,8.920059045082779
32609,7.780897342006802
32610,11.901885729714703
32611,14.698320889766606
32627,10.09566049794954
32628,12.529550220739486
32629,26.31922386311388
32630,28.65625535976381
32713,22.006884320117315
32714,33.91279167068631
32715,37.3688903071309
32716,38.26618704531766
32717,40.38567248290226
32718,41.724905753673895
32719,40.28344043964551
32720,43.15142500412438
32721,43.89285843213582
32722,45.476608595405466
32723,47.054480010665856
32724,48.99084980140147
32725,23.34246775838285
32726,30.374463189999933
32727,33.273901862578235
32728,36.67110958360979
32729,37.04193786410589
32730,38.47423913991753
32731,41.48849372883858
32732,47.28021606673293
32733,55.0701449207114
32734,61.807371819350365
32735,63.204193851717136
32736,64.38523377695448
32741,13.096651986545519
32742,18.028569176299893
32743,19.6542504083511
32744,19.5327402145785
32745,27.795083859112165
32746,32.59599855153817
32855,28.222172580502097
32856,26.811806411829128
32857,26.857848857967447
32858,26.118374175996067
32859,28.328331470248532
32860,27.9286515150821
32871,3.391519371322295
32872,1.8957170043538054
32873,2.524141458529831
32874,4.216125129835315
32875,12.23906836655985
32876,14.486889843699876
32877,17.19474322693685
32878,18.035095555632246
32879,19.363307381915845
32880,22.93139610924802
32881,23.943759614992857
32882,26.668780240140144
32901,15.032177127690359
32902,15.489098291010334
32903,15.532412498871459
32904,15.636030986930576
32905,20.413774935368078
32906,26.467611395027294
32907,24.706633912745122
32908,30.34656823511482
32909,45.708482280074215
32929,41.229144268752776
32930,45.87381503018783
32931,50.079576543169864
32932,50.76897881829678
32933,49.668418548201366
32934,50.05742697374334
32935,52.38295496590276
32936,55.98991649965826
32937,56.02249239588632
32938,58.26152088424892
32977,2.989834941853246
32978,2.270464972050497
32979,2.89303609438011
32980,4.106366951452663
32981,4.154471803378019
33029,39.205929470234096
33030,38.372736492862
33031,43.41185662366892
33032,41.93550213773054
33033,44.08108374127304
33034,45.24647975805807
33035,46.90820723563336
33036,49.197430625816864
33037,48.404223676667335
33038,48.40828707905196
33039,50.592340631353544
33040,51.855832378759494
33107,39.87658882005376
33108,41.03890213899135
33109,45.37520031383879
33110,48.78957646285115
33111,51.50962786706615
33112,52.74243012005004
33113,53.734071687200306
33114,53.60212437579957
33115,52.87969958825045
33116,53.717423216455096
33117,55.717967340380085
33118,56.93724323930937
33119,29.240127372034213
33120,31.862397249061274
33121,30.381902230941407
33122,37.79970019603116
33123,41.353208201980934
33124,41.52478425160274
33125,46.779264760098165
33126,49.69890016762402
33127,51.03161401693098
33128,51.06207880370248
33129,51.20080379116426
33130,51.169087257792924
33135,29.337836382613382
33136,30.140668240537757
33137,32.359523952137735
33138,33.153604640539044
33139,32.6760856400004
33140,29.541493131506154
33141,36.7105670811961
33142,39.56435269901539
33143,44.608908795162975
33144,46.79344962893013
33157,32.30993028237243
33158,32.35909955301942
33159,31.40832026352722
33160,30.97435439256125
33161,35.173391108620784
33192,13.73499756539473
33193,13.710449270532093
33194,14.327561273825431
33195,17.65965346202302
33196,18.92643102666975
33197,19.132835151082745
33198,19.53427262061611
33199,30.65214047856459
33200,31.3679344222971
33201,31.466525940877986
33202,33.683280648535145
33203,35.88450586472773
33204,23.511704518975712
33205,26.644118435880817
33206,29.37657620950336
33207,30.26953304634274
33208,36.180717932302606
33209,39.58273980382155
33210,40.512951416582425
33211,42.17542975720308
33212,41.64756313182762
33213,43.493503083257444
33214,42.23408952352765
33215,42.845686635134285
33228,15.574926899505503
33229,16.134736756009936
33230,17.124158201513694
33231,17.886199683896876
33232,16.835565401082786
33233,17.037484850197234
33254,19.7746029929946
33255,19.734109884281168
33256,27.33458523897071
33257,29.882071303363293
33258,4.427092748580815
33259,2.4330664606159647
33260,2.606306279305901
33261,3.0639637833859323
33262,18.439768934144304
33263,19.204487563177
33264,17.770585508540716
33265,19.125981044465025
33266,19.41449183560965
33267,19.0133073025028
33268,19.991499128532205
33269,19.1021941083225
33270,24.155084327020752
33271,27.475183925405172
33272,28.93378824978419
33273,29.43887852016106
33274,15.032177127690359
33275,13.138498958719305
33276,22.468946910900502
33277,25.19786116970247
33278,26.447869362267294
33279,27.7856338968455
33280,28.929137479807807
33281,31.869360327046124
33336,38.10145382654178
33337,38.88033729115552
33338,38.922285818869604
33339,44.971573765433085
33483,8.25987033546307
33484,7.35020179719077
33485,8.765446366808325
33486,9.474210407913732
33487,10.16555885094133
33488,11.704588637468435
33489,20.96533312293008
33490,22.4358850945222
33491,31.561187105123594
33492,40.602251115081636
33493,43.85442503870065
33494,47.92514337835675
33495,51.77878909672804
33496,53.571885209951766
33497,55.77523173423032
33498,55.305870215058235
33499,56.47379141185203
33512,32.99620398319964
33513,33.07216421396578
33514,34.466835262327315
33515,34.06931556781113
33516,38.54381953013335
33517,41.60586374170202
33518,44.45734082083022
33519,44.94031021840659
33520,48.95758067940676
33521,51.7974233769643
33522,53.326806316542985
33523,55.037756657662705
33528,26.996903785586955
33529,30.1006930283036
33530,42.903952342875044
33531,50.31837470018535
33639,8.401446795346567
33640,9.540583908353923
33641,10.264214928150471
33642,14.915810398866947
33659,44.40529858134172
33660,45.075264290226926
33661,49.30877721593303
33662,55.861632919289065
33716,27.154269975316854
33717,35.556085008860805
33718,41.52114063995459
33719,42.765779187991136
33720,44.18399965453467
33721,43.26948666438723
33722,49.27163737596739
33723,53.07982794508768
33724,54.46174460744182
33725,58.279917669839165
33726,58.93683804665168
33727,61.076444551329054
33958,15.987613642521259
33959,16.021335647601145
33960,17.589345732959234
33961,19.620764773195486
33962,18.652488900341528
33984,10.156417889904153
33985,13.843455061952833
33986,15.982517578384567
33987,17.26535121455149
34035,3.3577801801486853
34036,1.7165528028610604
34037,1.6790297895272166
34038,1.764124099460205
34039,5.064095685486944
34040,8.268022359368139
34041,12.820890099476106
34042,13.620304338978478
34043,13.931279398944016
34044,13.876201011357393
34045,16.66259592756412
34046,25.579964847076187
34047,52.811029011737205
34048,55.15885576496527
34049,64.16074769844643
34050,67.78644644713603
34051,68.88431505539415
34052,67.02638270753523
34053,69.50177881834287
34054,70.05843340712178
34055,70.85200266740964
34056,73.02940838330203
34057,76.33690548570456
34058,79.21465276713367
34063,28.09586140694966
34064,29.476452989154897
34065,37.86717007992666
34066,44.2414088163809
34067,45.22640715040696
34084,13.694271506787775
34085,12.400985637320135
34086,14.272461839935454
34087,15.599579566727142
34088,18.639137299447793
34089,19.6469927160407
34090,23.77404097190337
34091,24.457711698756707
34092,32.432068730370226
34093,32.99353331036425
34094,38.26170117558192
34095,40.34131685508495
34108,28.7145303459174
34109,30.351678961590057
34110,32.48575534712965
34111,38.56597342897407
34112,45.72472484121676
34176,20.438492645567678
34177,19.96598501879476
34178,18.125243595033183
34179,27.88435258114423
34180,30.82419124684622
34181,34.53536456418025
34182,36.99375542265248
34183,38.34568705981471
34184,39.945257165089274
34282,19.539424576723746
34283,16.868649838721897
34284,18.04666354294304
34285,18.88586109620131
34334,4.988317472345612
34335,13.486144878225812
34336,19.353943181287683
34337,20.01155072805698
34427,43.3280996481914
34428,47.16964437020813
34429,49.92440479227041
34430,51.64562218808351
34431,52.415835534312215
34432,52.93141417561891
34433,54.55228846458686
34434,20.181476160429398
34435,32.309649372424296
34436,36.76071684776655
34437,39.42814130849244
34486,27.163107100967068
34487,31.51904929954777
34488,41.392823230643174
34489,44.45465394456237
34490,44.7297147216991
34491,44.49182224389513
34492,47.42781228662496
34493,47.8279406292145
34494,47.60562722834557
34495,48.08067048962704
34496,50.57486176292129
34497,52.21822007073457
34538,3.9676240854244544
34539,2.190826824870829
34540,2.630039762875871
34541,7.292126891203221
34594,36.91338074565793
34595,38.59731918309247
34596,42.05613070628388
34597,47.286504014236876
34598,12.384435359306819
34599,8.25256468523966
34600,10.012705247000122
34601,13.880866175705167
34602,14.913391061928701
34603,17.072366338414575
34604,20.54871482909559
34605,19.394254122206448
34606,23.569855967511934
34607,25.076490620628377
34608,29.384737201957638
34609,32.23499983903705
34610,26.580079276493084
34611,27.292535480056838
34612,29.846714252163434
34613,35.00919421652359
34614,37.59674030163214
34615,37.87784961418279
34616,39.34693288804814
34617,12.290680693700804
34618,14.408527027103819
34619,18.95975362329
34620,20.251072479856845
34621,25.102253327782275
34660,13.663045363966438
34661,12.653219012296871
34662,10.007162992572368
34663,11.66544579707911
34664,28.315000230407897
34665,30.645964622914722
34690,5.500751488492148
34691,7.006710295098976
34692,9.91228961751016
34693,10.742904845027635
34694,12.538081369802583
34695,13.201249836393577
34696,14.087251542052469
34697,19.065859285653623
34698,27.273399100157167
34699,28.812577374871008
34753,7.450579354244014
34754,5.851874514361458
34755,17.779455075617218
34756,24.381744967917406
34757,26.874859186535513
34758,27.365742788986026
34759,31.047547067718156
34760,34.90083638779776
34761,38.48975717482816
34762,41.523390774908826
34763,42.173346432040915
34764,44.61247296292687
34806,12.312154820136941
34807,14.295626560537457
34808,18.960643052075685
34809,23.80282173810937
34810,26.27432855304117
34864,9.860312241297773
34865,23.058217830321443
34866,27.069066456525526
34867,30.872214545673536
34874,23.078343646661303
34875,23.688136729413536
34876,25.85637889609332
34877,32.826227410152306
34906,29.986606250682424
34907,29.485204350757066
34908,32.105258556898804
34909,34.43863464905275
34910,35.19451942727744
34911,34.78338602969959
34912,36.75550741706269
34913,39.98188273494286
34938,39.09550228092119
34939,42.819470731825994
34940,43.71454606284224
34941,50.08289932042009
34942,50.21517178008722
34949,17.87260001677448
34950,16.35081085570678
34951,23.793108970600183
34952,24.468485496163204
34953,27.559789665536755
34998,42.93195078792912
34999,43.93426587955964
35000,47.19588871073062
35001,46.75325240645465
35002,47.49492791166221
35078,43.1211474793763
35079,42.24628489776416
35080,43.87981218272198
35081,47.57565459609913
35111,12.161405571010443
35112,10.497527180262988
35113,13.441526027536334
35114,23.27477956988531
35115,26.913923535065397
35116,27.36295950586367
35117,31.691614252836043
35118,34.19125356776979
35119,37.77801132379292
35120,40.66294666239061
35121,43.15782000229596
35122,46.60061715558035
35177,31.390695995324368
35178,36.68608990647534
35179,38.90270941523596
35180,39.64816813081195
35181,45.916031162763566
35207,26.70874728870521
35208,25.499657555675334
35209,31.475380851760708
35210,35.736768073103185
35211,37.240793986774065
35212,37.784263256428275
35213,40.020410788097614
35214,44.78442995198638
35215,42.62774948582792
35216,47.65384027891272
35217,49.46337327384686
35218,51.088370267735485
35277,38.318265549784684
35278,45.540066848210856
35279,48.314567511137525
35280,49.143199717075156
35281,51.548439103669146
35282,52.01327853389895
35283,55.82014584328348
35284,59.80259627906759
35285,61.98149002368735
35286,47.46407637764594
35287,49.4403675888359
35288,50.04542331240573
35289,50.82903111211414
35389,24.482579377475037
35390,26.056985447417258
35391,26.983572395393306
35392,28.147429713194082
35393,30.31963126944047
35394,28.103341989849614
35395,31.991198444652174
35396,32.08655410772386
35397,30.61714002197305
35398,33.58606105528485
35399,36.494441752578616
35400,36.09182697685934
35401,28.437928461036908
35402,29.439895900313736
35403,34.84601696161314
35404,36.33555231930979
35405,41.5707230955859
35406,45.97932850656804
35407,45.18977483905125
35408,50.202151872494
35409,55.382064460886525
35410,56.21422213326203
35411,55.76144658251635
35412,59.51004313723295
35438,16.206817090977765
35439,24.586115808967445
35440,42.125739698604626
35441,50.29602367663549
35442,51.18408610194066
35443,51.52384199336949
35444,51.970915666170605
35445,52.29323008679972
35446,52.329251271577995
35447,54.596730044097875
35448,54.29484467716985
35545,57.06732729199845
35546,57.18682724934998
35547,58.90844021825274
35548,57.66659335428201
35549,59.12878233924611
35550,61.149489298438574
35551,59.12578960868287
35552,59.87609531205061
35553,60.76921231335484
35554,60.48044431199738
35555,61.75086740420919
35556,65.29517486429968
35557,20.38215650302078
35558,40.57240072950398
35559,47.63042534713433
35560,48.69467171184839
35614,34.168092083648375
35615,50.62481727457109
35616,54.33225352287781
35617,55.067935649100455
35618,55.35032595473097
35619,56.05101927891589
35620,56.789821803242035
35621,19.5125547229892
35622,17.657466047140183
35623,23.537993647171575
35624,27.365908553490566
35625,26.9717278672179
35626,28.30301333332663
35627,28.675087000087505
35628,29.433480456991656
35629,32.90452400934331
35630,33.441539671976436
35631,34.735428401295856
35632,37.19005237653704
35676,55.23568770538694
35677,50.69067404817099
35678,59.17961063790675
35679,57.08127653093832
35680,57.643318194334356
35681,58.1247400986031
35682,62.25877484114276
35683,62.26586252767091
35684,62.09118834495247
35685,62.75799525795067
35686,61.643510340235885
35687,63.70036160621221
35706,24.150050097824916
35707,25.047157729073124
35708,28.963150220083207
35709,30.47660798298786
35710,13.14108750635736
35711,13.66262947024676
35712,23.510675083675263
35713,25.42081261264177
35714,29.392824853522725
35715,28.741963727568933
35716,31.759070202747452
35717,40.97024972454158
35718,18.92916096735303
35719,25.953646498817566
35720,29.81951837365346
35721,29.592326483912913
35727,17.386069934998925
35728,23.855332072719172
35729,27.14386391990817
35730,25.979766753036543
35731,30.27937934381882
35732,35.73481462419378
35733,37.766603820981885
35734,41.541873213600894
35735,42.2202320939419
35736,42.23146171831457
35737,44.511590128544526
35738,44.91860024114343
35745,17.697499214064788
35746,16.31774475069591
35747,15.941299964142523
35748,15.511925302587795
35749,15.52340312713406
35824,19.627931601204224
35825,19.684836936266095
35826,16.739159346966183
35827,17.128059083498187
35902,3.33647538686432
35903,6.569364134319079
35904,10.327761588622495
35905,18.467190245397177
35922,19.397525971626774
35923,19.69508346385752
35924,21.222249930629754
35925,26.452259616707053
35926,29.49548554256657
35927,32.074441979195356
35928,33.09916336131726
35929,32.38554520208214
35930,36.95719196449188
35931,36.54976752831854
35932,36.84808385463961
35933,37.288040090278045
35974,16.18957453062184
35975,17.099747040851476
35976,19.26283967846386
35977,19.665793325757754
35978,29.418753767038098
35979,33.86230767537722
35980,33.67909116444088
35981,32.11884827816575
35982,39.56008076658942
35983,41.76826699320443
35984,44.100612461332545
35985,43.9930744787619
35986,4.318620019230984
35987,13.31325589641952
35988,19.93337460008341
35989,24.13761024349074
35990,28.530578817562613
36068,16.2080004211877
36069,24.51553421120978
36070,30.049449563902055
36071,35.784623623698266
36120,34.18286147264124
36121,36.12120684865579
36122,45.50904576106772
36123,44.88763587720927
36124,52.51216570938334
36137,18.59150342597807
36138,25.112014694751036
36139,26.55607640979628
36140,28.306981022118947
36141,29.799378465309296
36142,31.46613858503886
36143,33.27538251150244
36144,33.70949695888904
36145,35.01572487121108
36146,36.8774377766465
36147,36.92903434292866
36148,42.08900576468502
36192,44.28668392456544
36193,43.20548005157559
36194,39.78716888306876
36195,42.47947813507256
36196,44.12791881097554
36197,52.73099498899842
36198,54.37344712193367
36199,56.38624063161325
36200,57.876330081585394
36201,59.00517708983126
36202,60.11360449495921
36220,27.300867426774097
36221,28.269842747993028
36222,27.906788079096323
36223,32.46664087608434
36224,35.2778226252406
36225,34.940342463170055
36226,42.805269779352344
36227,42.573981238792705
36228,45.086846015225454
36229,49.74168983351259
36230,50.727790441689116
36231,50.91334278329139
36245,45.61080399277714
36246,48.36809318515949
36247,47.47967085471276
36248,47.462855166298034
36249,47.43692142792143
36250,48.6071731820961
36251,49.20536744712019
36252,50.64931865978739
36253,51.64805832770633
36254,38.06072776793483
36255,39.10608757026641
36256,38.83466707299691
36257,39.525829805441646
36258,40.33497508505611
36259,40.43767649255162
36260,39.686484956139175
36261,40.07505616596509
36262,41.6217260281586
36263,43.932670987692575
36264,44.950439081388794
36289,2.9911238850151283
36290,1.4982875264177404
36291,1.60182333161482
36292,2.5746630177859906
36293,4.399059126682417
36294,5.8882887656375695
36295,11.771184349736263
36296,13.71478982265999
36297,14.299822094729343
36298,14.175669266482595
36318,23.301741699775896
36319,25.842713043145764
36320,27.4508492349076
36321,30.603490365899
36322,32.935253255139536
36323,32.772577017437726
36324,38.6039720066056
36325,43.69808362610093
36326,46.23954114286681
36327,47.841186013135385
36328,47.30084325181209
36329,51.25569775664317
36330,53.77268642490959
36331,57.01454966000366
36332,59.27868764352575
36333,61.522700656011786
36343,19.74479345657104
36344,20.47773546887403
36345,24.794712029920355
36346,26.529134494372407
36347,29.851932345028285
36348,28.226618424695165
36349,27.90861519318138
36350,35.36428835445696
36351,38.23555984237271
36352,39.12175045755105
36353,38.812329597169914
36354,39.4921820354681
36367,9.105486060209662
36368,23.83081155554377
36369,27.544932593808603
36370,27.506298115273612
36371,27.39510983592741
36372,28.864011230433547
36373,29.25884221023052
36374,35.358702435781176
36375,34.81869263798789
36441,20.010440972012418
36442,32.50427732856717
36443,40.65359923380136
36444,44.780246162152984
36445,47.96746147748679
36446,49.403031288573054
36447,49.72050777450009
36448,52.15522677632311
36449,58.68614672290721
36450,65.70681738886788
36451,69.68814438262125
36452,71.75633882294923
36453,13.366587865782995
36454,23.891476251005855
36455,28.66922873755162
36456,32.04746586326758
36457,33.147494718527696
36458,35.65226637234877
36459,38.94517755201641
36460,48.0402345920188
36461,49.39634146956001
36462,50.06748788695958
36463,53.22683796121569
36464,54.587751427136375
36523,3.5260767898028056
36524,3.8518816519702863
36525,6.464879238483027
36526,16.9642511155743
36601,22.942793867032933
36602,28.53766891297534
36603,29.994313086885313
36604,34.20230041103691
36605,38.95825973819341
36606,37.420936219965064
36607,38.322470486675044
36608,37.8064115273206
36609,38.36811169418311
36610,40.864456529386835
36611,40.73781498029515
36612,42.43871145774683
36618,38.53055854657
36619,38.66097339957329
36620,40.755389018659805
36621,41.68337442146734
36637,36.58421374796271
36638,36.89836163552216
36639,47.02187398657596
36640,51.15168122547341
36641,52.94774872723608
36642,60.36751706572738
36643,62.298039487576155
36644,64.1880589344909
36645,64.50620210595612
36646,64.93808941220314
36647,8.248304942645797
36648,7.589393912547374
36649,9.423320888366797
36650,12.04075681228493
36651,13.758631167865092
36652,15.661235819368978
36653,19.63327258326544
36658,48.97793790591235
36659,44.181096151886265
36660,43.71922887441803
36661,44.600412728038776
36662,47.54273760200809
36680,35.031748457635175
36681,35.91752275167556
36682,38.23881731918911
36683,42.798082010953344
36714,19.52662400019437
36715,17.845163182073804
36716,23.3890701091822
36717,26.817622283484905
36734,42.98269788008617
36735,47.80168181617883
36736,54.16757547350629
36737,57.438509062717664
36738,61.53966926790894
36739,63.44336727936741
36740,63.40576307050926
36741,67.99882588284123
36742,68.44874439695207
36743,68.95944821514456
36744,69.65078060052214
36808,28.25895358929592
36809,34.113785463847634
36810,35.17745903268931
36811,35.012720694091755
36852,20.067799970808185
36853,24.608201637767973
36854,27.842882120831504
36855,29.299121822864617
36856,32.775174827168556
36878,11.816800038540174
36879,7.651042481466204
36880,8.845236990696199
36881,15.360528705469477
36882,18.51065223028517
36883,22.710226543170545
36884,26.914910104133426
36885,26.955042987163516
36886,27.761349516431007
36887,28.872950845049353
36888,29.570261424392474
36889,30.902802276413805
36890,33.637303511332505
36891,53.26148817134562
36892,55.27726703518383
36893,56.332099223891305
36894,58.07672692449634
36951,30.987321431926453
36952,30.342361715030957
36953,30.996094014055803
36954,35.55854654082227
36955,36.35262033512831
36956,52.552732096753346
36957,51.92054896596584
36958,53.95381117836321
36959,53.605818963259885
36960,54.86211796792971
36961,55.891510221729256
36962,56.13983450608539
36975,25.726592737104152
36976,41.79057938153327
36977,44.89407862664657
36978,47.88846158387851
37010,4.612106198814899
37011,5.299140219505636
37012,7.288795938000105
37013,6.174281263734332
37014,9.164633125545105
37015,14.367719108936377
37016,16.699186631283887
37017,16.115060250919694
37018,27.947935151760003
37019,30.13068200260251
37020,30.705131122307726
37021,31.90174605903038
37022,48.97999924700581
37023,51.53612249334249
37024,54.02453113735766
37025,54.57121828753
37026,54.650391912271196
37027,55.33258113932275
37028,55.25428260156057
37029,56.383936360464624
37030,57.81325490346058
37031,57.99408054088233
37032,56.019797041290595
37033,58.57521934551549
37034,28.593230994482017
37035,26.942372925973363
37036,28.635432524997874
37037,26.24120025673113
37038,27.031235638986935
37039,28.226520386825733
37040,30.407765579050416
37041,26.760336802551308
37042,24.137157428687896
37043,23.118094546558012
37044,23.413985558717048
37045,29.58508556942223
37046,31.063620362919433
37047,32.984369410897955
37048,33.52254003447746
37049,34.5702119731024
37050,39.85131093489405
37051,39.422418859493234
37052,42.431588837440415
37053,35.49343949852871
37054,36.258265751558895
37055,42.201979412131465
37056,44.48776149526967
37057,58.487523597556134
37058,60.43071537917739
37059,63.25760476262675
37060,64.02273698141305
37061,66.77279344167154
37074,27.399516738308883
37075,39.08657715429833
37076,39.53205333694186
37077,39.06569063210385
37078,42.80441682076986
37079,43.77396398292812
37080,43.41268732252506
37153,19.685559947356186
37154,23.741282906622402
37155,25.01814732499004
37156,30.210136707557904
37157,35.11264992543462
37158,34.449983786792295
37159,36.67573290497364
37160,37.49905006533588
37161,37.3760631329774
37249,19.59367956374213
37250,25.44333049835524
37251,27.129106553653294
37252,28.992104600225915
37253,29.699674541249365
37254,37.702282554941014
37255,39.04094398297679
37256,39.897260632105
37257,47.01984767653174
37258,50.1064709968816
37259,54.17765623650344
37260,53.57704408757662
37261,7.883799269969925
37262,12.699812500668468
37263,15.8095371668154
37264,16.0843098249156
37265,15.445287951663202
37266,16.270979085147047
37267,22.62553124112691
37268,23.92397982688668
37269,26.590415707867017
37270,29.323118106034322
37271,33.5332495849163
37272,34.61739210584657
37308,31.39568465651781
37309,38.646781056793465
37310,43.810254993055864
37311,47.426130371365026
37398,36.52280962011266
37399,42.29415265539988
37400,46.931165826315706
37401,47.052668170202885
37430,17.965653804949092
37431,22.453042450892685
37432,25.169703630313226
37433,27.947041178252118
37434,28.594159454566046
37435,36.3948846318172
37436,35.34751468629299
37437,37.78724687817021
37438,40.59920533916876
37439,45.04805469819167
37440,48.41818537689065
37489,27.9801012859614
37490,49.37096327261007
37491,55.76950321975857
37492,56.9781606704876
37493,56.919155422522884
37494,56.81724490651721
37495,57.6228668529084
37555,18.605564062508808
37556,18.415785036550904
37557,17.174760870344727
37558,20.47741659569076
37559,21.543986605767582
37560,23.294701283722816
37561,37.9240033495654
37562,39.99175177666435
37563,39.996194547840346
37564,48.4758804828642
37577,30.03806061631134
37578,29.188695711304696
37579,32.63823057586006
37580,33.85952527384563
37581,37.537079583561216
37653,12.835540798276432
37654,23.175826043138215
37655,27.039695693515853
37656,28.22856797150772
37657,30.870635067473906
37658,31.666631084565356
37659,41.992140332250955
37660,47.84808836656731
37699,40.93314665826346
37700,46.30874557696567
37701,48.74454666527584
37702,48.737622068419185
37703,53.35047937388712
37704,55.98356370655378
37705,56.66718170799418
37706,56.63218506610763
37707,58.38423500845706
37708,58.6893248945869
37709,58.48472935626509
37710,58.61832136981181
37756,43.25530524688305
37757,47.40043766729854
37758,51.563589563573245
37759,55.11971237525769
37760,57.46051292612936
37761,60.2665958719551
37762,58.585902100611975
37767,22.850478294579883
37768,26.588174137914567
37769,36.11181297760464
37770,45.89142639504113
37771,43.634954233897375
37772,44.58208637804736
37773,52.51241738634221
37774,57.07534811254262
37775,59.27331317114618
37776,61.72196533400966
37777,62.67871541896492
37778,65.90234511650321
37816,13.67431448671351
37817,16.184669711318186
37818,23.214314365038422
37819,27.539072470222486
37862,20.547552955883805
37863,22.411236123319796
37864,19.705255235044046
37865,19.58662341360321
37960,28.42674603073946
37961,29.73191846618538
37962,27.28542216681172
37963,31.524188023342393
37964,33.23873689238806
37965,33.07492995116234
37966,34.46700197439995
37967,36.5319017984754
37968,44.53809348236563
37969,54.731811948100564
37970,56.367195105156824
37971,56.24529520018779
37994,30.850002613805255
37995,32.7083074354027
37996,36.571365971271305
37997,49.34949757512621
37998,54.412423331832606
38021,29.589214371759176
38022,34.78501445310697
38023,36.36373401645247
38024,37.52605933419284
38025,38.67636372004981
38026,39.145057921532626
38027,39.420728258799386
38028,41.359476917019066
38029,42.73516244930566
38030,47.92110432323169
38109,32.675097426171675
38110,31.492606180355835
38111,33.43651351914621
38112,34.24068992581659
38170,26.556379532005835
38171,27.971176775872692
38172,27.816622901845438
38173,30.70351718711092
38174,35.979225006061924
38175,38.44389250166489
38176,41.63312040453845
38177,44.5630377436248
38178,45.92596884201898
38179,48.354604720683035
38180,47.154601674536494
38181,49.605668337958825
38197,29.177049580777908
38198,30.341130402846137
38199,31.958721878388296
38200,38.28744238685336
38201,42.62701975981347
38202,42.060129164021696
38203,30.303122817515195
38204,50.65927862989219
38205,60.04924764060976
38206,60.22748364395356
38207,63.63023066466555
38208,63.14261551236513
38209,65.0650791716911
38210,65.46768732610802
38211,66.86307574902365
38212,66.96051098656757
38213,67.3130718010968
38214,66.5676537851912
38215,43.28468862214658
38216,47.01919294105875
38217,51.304147333592475
38218,54.48136472377466
38239,7.968733012158519
38240,11.24242426155274
38241,29.962886468486815
38242,35.251710819924426
38243,35.60192713319181
38244,37.37376951681505
38295,4.47039436621818
38296,27.2000930845008
38297,31.288589722913336
38298,32.31412892773676
38299,33.38272560864529
38300,36.398748861167284
38301,42.95734556764013
38302,42.6706355867494
38303,47.86454771325184
38304,47.67522455976663
38305,47.95492714928565
38306,48.74585060810366
38307,48.01478969653477
38308,55.47108897320106
38309,59.83820652421959
38310,63.10836874506382
38311,61.90411564835343
38312,18.87153262120107
38313,21.289555993674202
38314,21.15413748837646
38315,21.378871193528074
38316,23.361639848881556
38317,23.718721236055682
38318,26.241239367110502
38319,27.621972569622006
38320,27.833101226076135
38321,29.666611959963724
38322,31.371407159664383
38323,32.4317988221438
38324,27.501223981862182
38325,28.07567171184025
38326,34.949645256214204
38327,38.11303801103684
38328,40.08651717187745
38329,45.73692473734522
38330,44.74793140308976
38435,33.08945234689808
38436,31.579239415101384
38437,32.78234120837431
38438,32.77172460532189
38439,32.60047259954854
38440,33.667149845747325
38441,35.771800053553534
38442,36.006787003221476
38443,36.767390695103906
38444,38.641745207205226
38445,42.01201826372171
38446,41.66620580041283
38447,35.72667828209984
38448,36.38671149900028
38449,36.27502122639732
38450,37.02199085781562
38451,38.23522525725583
38615,17.628061177380165
38616,33.892134740973525
38617,40.09213360016736
38618,41.53383881495774
38619,39.790248998806774
38620,40.12840572169071
38621,41.29720997008114
38622,44.103297388616014
38623,44.32961882717975
38624,47.66001049283143
38625,51.50110487078661
38626,54.817640669338985
38627,19.10134054703968
38628,23.89770380006982
38629,26.997124440790277
38630,29.145609276042432
38631,18.905921981692444
38632,16.180917145742796
38633,27.08275324025035
38634,32.448704919072576
38786,35.208106537213126
38787,49.47402366767966
38788,54.72728433228603
38789,63.53635825550667
38790,69.72086508005022
38853,26.8944722376644
38854,38.77866873490004
38855,43.194930011005255
38856,46.0070295729962
38857,49.336388857329254
38858,49.4150459687691
38859,53.21314060419898
38860,53.921743443605536
38861,56.18709942429126
38862,55.34484338181152
38863,56.3209457217687
38864,58.353190992062345
38869,30.795411307142476
38870,33.36629705717169
38871,42.85829391244405
38872,46.465262040212984
38916,33.045417350431116
38917,32.38233914343127
38918,33.802800995458476
38919,34.10379834140057
38920,34.958453594195745
38921,37.49594326388137
38922,38.79018101724584
38923,39.34397351610124
38924,38.06584580936044
38925,40.17350854052724
38926,40.15090820998817
38927,39.05270682952358
38936,43.3280996481914
38937,47.874701141839566
38938,48.45454818099787
38939,51.905804689642494
38969,23.81372241146209
38970,23.825829768408806
38971,22.523961976011265
38972,24.622396115834782
38973,26.011311219859614
38974,28.284769250017952
38975,31.65086672274913
38976,31.508423177900482
38977,33.002023964531624
38990,8.967801537408285
38991,9.18814214144743
38992,12.818507102157415
38993,15.172803370818036
38994,21.458961670906643
39004,38.1795341481503
39005,38.61359683277302
39006,39.57076826525832
39007,40.401672768309844
39008,43.654778964036886
39009,45.687525381812456
39010,53.63140549216188
39011,58.06876964685582
39012,60.17154239523612
39013,59.95960754728933
39014,58.529662864830996
39015,60.447425327219754
39040,17.844335517008517
39041,20.16919023287688
39042,31.040089153401553
39043,36.0465365634976
39089,28.39516556115166
39090,34.85258314855561
39091,46.65089209462393
39092,51.678350318690825
39222,12.062934832909177
39223,19.359252911341695
39224,25.229267228195486
39225,28.11068399372781
39226,34.469142905146235
39227,44.673980385429
39228,49.82334741951257
39229,49.73255579117367
39230,51.6171837524736
39231,50.486502329406676
39232,51.180669604037185
39233,53.87148334723181
39252,21.65809560460818
39253,39.03430052649584
39254,45.52458282663826
39255,41.977718287538806
39256,45.72363783088521
39257,50.12988982976876
39281,10.775954359280105
39282,18.918901742082827
39283,19.90972963286366
39284,21.505327344477855
39285,23.41075291937947
39313,18.72178460955939
39314,18.174154895462667
39315,17.026689499917126
39316,25.133723763064197
39338,31.592974458044107
39339,32.96645589750909
39340,30.062848913907988
39341,30.271788210593957
39342,30.784356069931498
39343,35.586365725277275
39344,36.76487302191468
39345,39.87540113534587
39346,39.90650619483816
39347,46.54667757891894
39348,48.60366515166655
39349,54.064491616696166
39408,18.153061210584312
39409,24.30361994163094
39410,25.951143062497867
39411,25.317117481508152
39412,31.583531250748397
39413,32.94793350954086
39414,37.50896183140189
39415,43.256356928473586
39416,44.77933908109676
39417,47.87266438745596
39418,48.439541167427684
39423,19.96220900639032
39424,22.096196550897663
39425,26.86601427578713
39426,29.94527234086529
39427,29.33866549077393
39428,33.29147534816446
39429,36.11603496972341
39430,36.058888543472044
39431,36.508395917488734
39436,28.394664017490552
39437,27.112037475780514
39438,27.396754921117523
39439,37.323894603468304
39440,40.60814211419032
39441,41.80093415102954
39442,43.47261945955315
39443,47.5349091883186
39444,48.59518460656903
39445,50.97853069236679
39474,8.505175712500282
39475,12.455667087075579
39476,22.733143507659094
39477,29.658035786011677
39478,13.694271506787775
39479,16.28445926168289
39480,18.7805707394375
39481,24.04451971173091
39482,25.887931568724266
39483,28.0387402834935
39484,34.35134274472851
39485,38.30647884060019
39486,42.7161537540202
39487,47.008087341800525
39488,47.459857237635084
39489,50.217677271803375
39522,46.187470082026
39523,48.88362804183578
39524,51.057033253198945
39525,52.403220515466394
39537,15.072903186297314
39538,13.824451164932745
39539,27.22896688936053
39540,28.61424677178495
39541,37.01822865854174
39542,38.667608119412265
39543,39.962191016487886
39544,45.98287997094257
39557,25.715292131826658
39558,27.109155786224576
39559,28.097457877716906
39560,30.805133137470566
39561,32.752029057033475
39562,33.01209311662788
39563,34.95637058574327
39564,37.98334289347643
39565,40.72262768759656
39598,25.184492246839362
39599,26.909647168684195
39600,26.68749797931102
39601,37.17995946037418
39634,16.04472118975042
39635,15.067786857074196
39636,14.80868296472734
39637,14.60965600429991
39638,17.037336876580657
39639,19.06561280305812
39640,18.875509422925422
39641,35.09700912634266
39642,40.37613437551459
39643,35.26038310926743
39644,45.61515592189427
39645,45.12518875190984
39708,47.24394262830559
39709,49.72667656281091
39710,53.135631315558506
39711,57.62944355955264
39724,36.5375047414899
39725,35.618777595174684
39726,38.79965861796228
39727,41.40291398341869
39728,42.15222296243338
39729,42.746441664057386
39730,48.79959763994014
39731,53.20581751496759
39732,54.468454149475726
39773,41.57264556354454
39774,42.21599361703106
39775,40.77075309716319
39776,39.83311632056054
39777,44.255836744767656
39778,43.3074728814778
39779,26.70874728870521
39780,24.125452888869496
39781,22.739490774719865
39782,23.02351923451418
39783,24.435737892795412
39784,26.73254888448118
39785,30.93951285961884
39786,33.1826305050343
39787,33.90445284494849
39788,37.230812182460305
39789,43.02707856997056
39790,48.456874532991
39803,24.109324039217963
39804,34.0842988236751
39805,51.28224001978042
39806,56.74612922360955
39807,57.249542577285304
39808,61.72767857852204
39809,63.01377505778124
39810,64.194812572336
39811,64.94559862611698
39812,66.87199271083622
39813,69.05977487383208
39814,70.82511285627224
39815,72.10709623022791
39816,72.34489956400245
39817,72.93274007434273
39818,82.94451205136069
39819,86.21087289080015
39860,34.5314890390275
39861,40.28324224667434
39862,42.31408132497737
39863,42.5454399331738
39864,42.21353603689495
39865,44.94330951803979
39894,31.06764963394823
39895,31.209314000235857
39896,31.570188958284145
39897,31.112528850203535
39936,14.88604175705792
39937,13.851630610192334
39938,17.17289069434573
39939,17.685740625244872
39940,18.275104455462646
39941,18.907268650319335
39942,18.274397227186576
39943,20.264090740546223
39944,23.875711986168323
39945,24.276826000857145
39946,26.070846424458168
39947,31.580416277957596
39960,4.318863469192369
39961,25.049979285439484
39962,29.992330205026413
39963,33.22983279879477
39964,37.0360377448971
40034,31.13570254077204
40035,39.19621069793658
40036,44.647352111922565
40037,46.88826972288627
40038,48.5045481332174
40095,30.25981570471811
40096,38.62581605920972
40097,41.10691073317319
40098,43.790823470990304
40099,43.47751161954335
40100,42.28676800906917
40101,43.5330288050025
40131,11.551790141373356
40132,10.04411326589014
40133,12.078118045723095
40134,13.428329456174335
40135,14.09504395602803
40136,15.241847727985183
40137,16.176427570545393
40138,25.523936506654895
40206,9.041377333023355
40207,9.238908113603276
40208,11.276117479666192
40209,10.210578784819207
40210,11.052749259808095
40228,11.515813211893194
40229,12.806676253442546
40230,14.611500557875333
40231,15.850737596075128
40232,16.465211615651203
40233,24.14693390022897
40234,25.645503139194847
40235,27.62691947521666
40236,30.900666515400292
40237,32.0360679964619
40238,33.594585977065904
40239,35.40828150325462
40252,26.39528995575259
40253,24.54186872648648
40254,26.06545296468388
40255,36.699012485308934
40256,44.99498418961509
40257,49.64853513186312
40327,18.92916096735303
40328,30.669493337603214
40329,35.920054600331866
40330,40.10949129642964
40331,47.0316200839673
40332,49.62126587314695
40333,48.67800260307683
40334,49.53204071028588
40335,50.27606186880557
40336,54.818765580493334
40337,56.10480316889583
40338,64.27380600808226
40394,28.38998367327115
40395,33.1179430069009
40396,36.161808891675385
40397,38.18806955105583
40414,45.95797884463537
40415,49.20541097608205
40416,54.52949570279698
40417,56.665707711814015
40418,52.692034138978016
40419,57.802912386429426
40420,14.885301269787806
40421,14.54852302543241
40422,18.5206102410908
40423,19.509691793947336
40466,23.936318814850978
40467,26.923420692829602
40468,27.6406387252887
40469,27.774681402699006
40470,36.68671715712224
40471,39.793621201994505
40472,39.44700014809945
40473,42.14663410558239
40474,45.53600152303064
40475,45.774411416428165
40476,46.26972583845745
40481,41.18604203309566
40482,39.63549004445433
40483,42.73371563209257
40484,43.78426966262523
40485,44.20811111727591
40486,47.21755136948493
40487,49.590994036642535
40488,49.68944566577105
40489,57.51106427287245
40490,64.07855907968936
40491,65.54910247887891
40492,64.57124716827386
40493,23.317994516637903
40494,33.09840176568192
40495,33.838374348569204
40496,45.34963963872513
40497,48.24785088494791
40556,45.99838406351666
40557,48.294264872461845
40558,46.53491829709954
40559,47.319263608218385
40560,49.086663232923435
40561,50.93257637431232
40562,50.93367882294002
40563,53.52255766274178
40564,52.948585799770676
40565,55.251861201652495
40566,58.65127180037031
40567,57.97486131521336
40613,22.729961798079284
40614,31.748478641935897
40615,37.65460488777548
40616,39.40369873554215
40629,8.920059045082779
40630,10.187761111433833
40631,16.07143469998721
40632,19.87281723706282
40633,22.456334006548637
40634,23.164180672497988
40635,25.62501919871601
40636,28.702681370732993
40637,30.335828265855156
40638,32.04637583392227
40639,34.98840562210189
40740,12.979333897219682
40741,10.889605553308092
40742,14.887567162339602
40743,18.23639047457974
40744,17.421268806176077
40745,18.25077356412596
40746,23.39258687633399
40747,26.158115805621502
40748,28.499977699047268
40749,29.71159554078581
40766,49.75551757708107
40767,51.39735430607912
40768,51.28618460736784
40769,58.617338112675824
40770,43.82290918342427
40771,45.99040608845962
40772,51.09705914459033
40773,50.432936325648456
40774,54.691211285776106
40775,54.96963963901021
40776,61.2266800920776
40777,59.4943205774067
40778,59.45029404924327
40779,60.009889212935754
40780,62.41179981273029
40781,64.63678739677668
40837,16.27287854052252
40838,20.66576622931889
40839,26.307994446510673
40840,27.91117700992469
40841,30.363358065723695
40863,13.089497992511264
40864,10.898376671462845
40865,10.663282122100473
40866,14.084432176424587
40891,20.219654842592238
40892,18.248955747022833
40893,18.73024758828232
40894,18.553067990737603
40903,31.460144209803147
40904,35.34960596443587
40905,36.01470745192291
40906,39.4651180432087
40925,3.2810534168703707
40926,7.723702517654939
40927,10.01168870427076
40928,10.317594893652265
40963,22.94363771298974
40964,30.318759431799275
40965,31.242805764536037
40966,34.61385514162971
40967,33.114093435293654
40968,35.69984773698346
40969,37.30982318251575
40970,38.23059440799637
40971,45.51432815105779
40972,46.994569700833615
40973,47.29359505633397
40974,52.95591075126872
41003,20.252869703042023
41004,28.50294498338038
41005,33.15778900614203
41006,33.425367881658424
41079,42.214334407495976
41080,46.388466450567456
41081,49.985298161913725
41082,49.65525932714901
41083,50.10154614333083
41084,52.87559217198275
41101,26.668021230098258
41102,28.928183003921795
41103,30.33167818864246
41104,32.972448767691255
41105,35.32061261879948
41106,33.37240728975334
41107,40.10791568330836
41108,41.34311543022409
41109,43.26493810676857
41110,46.51863870641272
41111,51.091992237981174
41112,51.29518770962921
41129,36.87230991183799
41130,35.15987891402163
41131,39.56060778184543
41132,46.54568723118796
41133,45.036464404257536
41134,47.01360290814166
41135,49.78161480798937
41136,50.22288032001864
41137,52.13592194744251
41138,53.427271023667444
41139,34.50825005336691
41140,36.02575444187295
41141,37.761851056591354
41142,38.58201408398712
41143,39.286865239861584
41144,39.001796401878856
41145,40.71298434907326
41146,49.0163395128977
41147,52.76597322360914
41207,16.085276624013012
41208,15.953511316067479
41209,15.558657190209372
41210,18.87814613849717
41211,23.63028855873619
41212,24.273750673324482
41236,19.900721656003423
41237,18.051470520810923
41238,20.141261664710573
41239,21.07508259059031
41268,29.700933444420993
41269,32.579905706638634
41270,35.500890964225434
41271,32.09397422973866
41272,45.60179813717856
41339,31.66702190622402
41340,38.72770905382519
41341,43.44535148067944
41342,41.77727283904232
41377,27.399516738308883
41378,25.57989227087656
41379,31.48550153532065
41380,36.154113986034936
41381,45.28072962762271
41382,43.064737312337904
41383,44.60019438779244
41384,49.64944709859623
41385,52.11929262633965
41386,55.45114521620122
41387,60.69675755106821
41388,64.26349762599074
41401,18.66227131767483
41402,24.055319140929797
41403,33.55052548597936
41404,39.440504229593294
41405,39.57640521912504
41406,39.16504723304707
41407,41.995977398525234
41446,55.793016217687956
41447,56.48497121596275
41448,57.92419778566437
41449,58.971750847418726
41450,57.47390490009506
41451,57.77205839715109
41452,58.18614615147162
41453,61.032189040804944
41454,59.880713978624456
41455,60.937442275776746
41456,60.143347167739186
41457,63.40413287617272
41484,29.798681912401562
41485,30.16951286248077
41486,46.71952712278614
41487,51.867721576426106
41488,56.14350465654334
41493,19.656778352366377
41494,20.762608278255676
41495,18.523807060455223
41496,19.375802742590366
41497,24.229376959050473
41498,27.615549210921646
41499,29.37159379384169
41500,30.125640291047677
41501,34.90999497841165
41506,28.400747250125903
41507,34.88384616244898
41508,43.31616610135265
41509,45.55461513817684
41510,3.0633910700241227
41511,6.372817833523275
41512,9.886454422399545
41513,10.81944312589134
41514,15.032474340146264
41515,16.485015174401198
41516,16.382288123709653
41517,18.277623259309735
41518,23.428881316633714
41519,26.268318549896282
41520,26.940911176793914
41521,27.064111319033348
41530,3.3577801801486853
41531,4.821490221744453
41532,6.026752572540727
41533,5.369039282665258
41534,7.857154234823919
41535,21.989321546318088
41536,23.459520906226196
41537,23.05088465324033
41538,26.27597029403569
41539,26.67684938371225
41540,28.67637474898788
41541,29.085688543083254
41559,34.07898849493965
41560,33.10041858682649
41561,34.38223260486391
41562,35.219428492763285
41563,34.28144481583668
41564,44.954512890459206
41565,48.226787346408635
41566,47.742030741807355
41567,54.05051212585979
41568,57.94872382555398
41569,57.95816030212708
41570,59.2013091003162
41579,39.89029625971919
41580,42.12647741323937
41581,43.276585112773674
41582,48.15603867494591
41595,18.25023504537714
41596,28.771590817868496
41597,35.205100813361646
41598,35.86389156524794
41599,36.52724496258166
41600,38.90355935409609
41601,41.527688740398986
41602,39.97846827203912
41603,45.47468434190041
41604,52.843948189353064
41605,56.69389354121816
41606,56.379198451511016
41652,48.434774545860606
41653,53.30815574722089
41654,58.6451273856076
41655,56.0409131792004
41807,15.673322412022234
41808,18.538460836000624
41809,24.855204664131833
41810,25.738525468824427
41811,27.579809103403207
41812,27.405441552514745
41813,29.232284958111364
41814,33.31733815281061
41815,35.137491228787646
41816,36.089351441028285
41817,37.754743183227646
41818,38.64568458881221
41856,2.9911238850151283
41857,1.5626812087901487
41858,2.2214911478764967
41859,6.580787489434103
41860,9.269940433296528
41861,3.5122780548929615
41862,1.6090191660208806
41863,3.900702546637415
41864,8.292604533385536
41865,12.434084244463337
41866,13.883088401169756
41867,14.010608411390587
41868,14.956838471840998
41869,15.20328181741902
41870,15.074822521141726
41871,18.603664116527842
41872,29.062542143244016
41901,21.961165893554952
41902,19.819740599759086
41903,19.370624410757078
41904,20.464422189614154
41905,21.02472248538898
41906,29.607816611771156
41907,31.868995149681925
41908,35.213229410378126
41909,38.31159532806894
41910,40.424870738375205
41911,40.48314922131668
41912,43.7878720073899
41929,37.65931915736045
41930,44.3564668351181
41931,44.016549117902294
41932,51.48275753548696
41933,36.287320530580836
41934,35.63802234578023
41935,38.05753383026368
41936,37.86270865133516
41937,38.0190035442729
41938,37.75987648886064
41939,39.09449730421818
41940,39.49943325085292
41941,41.616358398987224
41942,43.105775644341286
41943,45.4688276403337
41944,45.088815344414634
41972,29.856153761032516
41973,28.09015140511053
41974,29.428632098266
41975,31.056102552359555
41976,32.88571979334318
41977,33.342053332125815
41978,35.934006773355044
42010,43.49780150000307
42011,45.658678449542805
42012,49.057245936828075
42013,52.7186089807998
42014,51.97655216840697
42015,55.33290673209988
42016,59.38867349907734
42017,64.0240684517834
42018,67.68412532121567
42019,13.048771933904309
42020,14.44939054688006
42021,15.93093339251039
42022,16.26679092155795
42023,41.62575057124567
42024,41.07593627063354
42025,43.418137193450036
42026,45.95884661375281
42027,50.53378969757548
42028,50.6383314023087
42029,51.02527027075331
42036,8.967801537408285
42037,11.746020103790348
42038,12.852964454068925
42039,14.158382946390969
42040,15.032466903703288
42121,12.20716837747237
42122,22.27808355123143
42123,25.218429218601187
42124,28.736038925609954
42125,29.82280985785455
42126,31.077255954064604
42127,33.402393899633886
42128,35.37780020298556
42129,43.27024522681401
42130,49.015839382796266
42131,48.39528785656442
42132,49.322284680116184
42133,19.685559947356186
42134,20.182855936518195
42135,24.690201286545246
42136,26.942313001885022
42137,32.103116183487224
42138,34.32795566678481
42139,37.410420107851714
42140,38.393991874760374
42141,39.27269001019956
42142,40.3806626495995
42143,42.730140203477866
42144,42.744094700384984
42181,10.094058058482684
42182,9.693112183461139
42183,10.563297134608312
42184,10.970085236791409
42404,35.84197568022462
42405,41.450488555386265
42406,43.85155417273869
42407,41.63290900328951
42408,42.1514182734428
42409,41.44256649711881
42410,43.95468957410848
42411,42.631513079207956
42412,47.28193339629863
42413,49.95357517974341
42438,18.470417520480026
42439,21.48664478804135
42440,23.69842533166064
42441,23.385725026324096
42442,25.902575269287247
42443,31.20556012706179
42444,31.606089134485455
42445,31.189847946995886
42446,33.766699089153825
42447,36.16284792505622
42448,38.441742285037066
42615,34.57815871763776
42616,33.86417208237053
42617,33.282771766958696
42618,37.647345071449735
42619,45.619531841946504
42620,42.532344857804844
42621,43.23138848664975
42622,44.97772049821996
42623,48.58850820605095
42624,50.62524003427107
42625,50.38424080253945
42626,55.16779264763826
42639,22.450385729712615
42640,22.733535267605347
42641,24.60072542729788
42642,28.364510350575685
42643,29.891522210142337
42711,10.223483372179588
42712,9.086433421842928
42713,12.423637377462358
42714,14.14025283271121
42715,16.205707818267
42716,19.30720908202732
42717,19.282083548705916
42718,20.446813427474133
42719,20.780428596985505
42720,24.887579338035824
42721,28.89837585921709
42722,36.382560682317134
42749,19.83316425915477
42750,32.00117819519538
42751,33.44048989431673
42752,42.66641793773465
42778,26.956026401646515
42779,29.281741138168332
42780,31.332117695752128
42781,31.093015154274877
42782,29.921979608459562
42870,10.261473837797338
42871,8.17541440038751
42872,8.551487392463352
42873,13.270254287788745
42874,14.979848394794692
42875,15.281686286993663
42876,18.24399765645813
42877,24.83077490043129
42878,30.26203523404853
42879,30.817625737593477
42880,34.86322985742109
42881,34.885414102774384
42977,5.117646664699639
42978,5.918929458820503
42979,11.68292565763292
42980,14.375835216015611
42981,15.468955109783556
42982,15.744982682595385
42983,25.796234164131583
42984,19.685314453559563
42985,26.94150893874336
42986,30.943778182262925
42987,33.30964927868891
42988,32.87080049053581
42994,46.93442541486619
42995,50.4524529442196
42996,51.51652160361455
42997,53.910684584224974
42998,58.88003871239849
42999,61.044814796079194
43000,63.45133531037862
43001,63.16926939696501
43002,62.06913346389411
43003,63.40515531574924
43004,64.44941455925154
43005,65.42296498186536
43018,13.5500901505974
43019,17.49414416802318
43020,27.417948319724946
43021,31.9847563802789
43038,18.998599004037654
43039,22.21290908790285
43040,23.915143921293456
43041,24.933992153076144
43042,26.134556183036715
43043,29.43648364419709
43044,32.0929760063399
43045,36.35383902166069
43046,39.65632782344427
43047,41.86852723593737
43048,45.121709140770605
43049,46.45370231339371
43050,35.20781678357458
43051,44.450356172269856
43052,40.8026342594629
43053,40.57339528908639
43058,17.344418533216853
43059,21.757846471994917
43060,23.66701890075034
43061,25.174764724519783
43062,27.055196879767557
43063,33.539733967499956
43064,37.51955510287261
43065,39.07725980454954
43066,40.65833364886472
43067,41.4374939955566
43068,44.466186844823945
43069,48.42292624599458
43120,17.803161980089858
43121,25.07407762174642
43122,26.001854337907446
43123,27.467639336751283
43124,27.981803296083648
43125,29.866518845037206
43126,34.68363799823143
43127,37.3551293584979
43128,41.01466219000552
43129,42.1251880742918
43130,41.51271270753413
43131,42.79888458208158
43132,12.472235070267468
43133,18.342307724909997
43134,26.455085838504143
43135,29.71673563841583
43145,33.37293058893959
43146,32.51247415193454
43147,34.92691071660239
43148,43.609215822618104
43149,48.12028561010918
43150,50.20109244816535
43173,26.689533221038268
43174,29.264922324196142
43175,31.148931739812134
43176,32.13543861716788
43203,35.229030924502204
43204,43.05680058650835
43205,49.118174252866275
43206,49.88474780553573
43223,22.159568157765094
43224,22.93777141047443
43225,28.635691884854076
43226,32.29477938458738
43227,34.01681998900627
43228,35.79097838798454
43229,36.48940758974983
43230,39.63466116467738
43231,40.4962234219899
43232,41.60438974823159
43233,42.62878824402309
43234,43.061648012113245
43279,23.710086502090977
43280,27.697031880854833
43281,29.7129453729868
43282,29.337040473957362
43283,33.54390714430971
43335,20.798176334272647
43336,29.78304383603072
43337,31.69569657801934
43338,32.50281318568932
43339,36.68744067843261
43340,36.269533381220924
43341,43.505426934873036
43342,49.08243594575922
43343,50.93911097829757
43344,52.85718254448976
43397,39.63065564305282
43398,38.38428166623664
43399,37.6660942679467
43400,39.38443422890319
43401,39.84914276649066
43402,41.22630755179339
43403,46.38767723150091
43404,47.77589945450824
43405,47.089735451844085
43406,47.76274361839634
43419,33.27136769163156
43420,38.39028405195825
43421,38.99877764633467
43422,41.42330123905909
43423,40.32474098114216
43424,42.715899045895505
43425,47.19287961172764
43426,49.80045244025563
43427,50.26649135645133
43428,51.88904473516662
43429,51.73793105383805
43430,55.065661825833836
43457,17.612119737260834
43458,19.730034446310658
43459,22.712269387991643
43460,25.416049662618704
43461,27.622588323805548
43462,28.428031824725412
43463,30.511574340218477
43464,31.796146469560536
43465,38.93980740859835
43466,42.87815420023548
43467,41.60323434291224
43468,44.681655559837836
43506,56.417903819751444
43507,56.93051305828012
43508,59.17747069673433
43509,61.65859968301598
43510,61.720544427319815
43511,62.07905765791069
43512,60.704545471856605
43513,64.49592389888379
43514,64.06295175137646
43515,64.69165210363626
43516,66.10976980321153
43521,5.216291000114644
43522,4.86285930706424
43523,8.288106005841014
43524,8.970591843632238
43532,27.47287110650358
43533,25.85636479596423
43534,28.793060822305613
43535,30.555260267602936
43536,30.06834206833443
43537,31.753350558052656
43538,32.944495039033285
43539,34.251675374930244
43540,35.57971759760658
43541,35.09879451229794
43542,36.89947546246501
43543,37.73964875377442
43616,34.81571346974961
43617,34.36128592985576
43618,35.45774540674171
43619,35.067258593780146
43620,34.83286833494607
43621,35.86827505507022
43622,36.88414569486307
43623,38.796904315504946
43624,42.39758649505746
43625,45.12785552594991
43626,48.460351070949926
43627,51.00009966648502
43776,19.153548296616155
43777,18.609029451158122
43778,19.558031743315397
43779,24.84617109299626
43857,29.73666642800649
43858,31.902472331142647
43859,32.638711498556354
43860,33.506509328332186
43879,5.052443608484236
43880,3.5594063043404276
43881,2.3972868472541675
43882,5.338841165166085
43883,7.796366336829871
43884,12.917748426511288
43885,13.75630004409563
43886,14.418933308847961
43958,46.94988329432009
43959,49.124097299867955
43960,48.91232053392493
43961,49.50857931346663
43962,50.08700756523493
43963,50.17508463852472
43964,50.16680172390593
43965,54.144472968611595
43966,57.936043558961245
43967,61.39426593234261
43968,61.96962147667219
43969,62.61296905292247
43970,14.11356396898033
43971,23.676193977363603
43972,25.39351182000297
43973,27.48646076385585
43974,33.96052769206997
43987,16.27287854052252
43988,27.46049493875708
43989,30.591700250932178
43990,38.427655661138346
43991,38.95792492278373
43992,40.807099709491446
43993,41.3649043377614
43994,43.031078346669155
43995,45.618280826356944
43996,48.29150239546065
43997,51.632407214255615
43998,53.28317918417715
43999,54.266976684532374
44000,55.227236683997845
44001,55.97416919440538
44002,56.279606388888496
44074,31.242049537968043
44075,29.72720114648274
44076,30.713617427539827
44077,32.76933962288537
44078,32.903987627580875
44079,30.507901795641406
44080,33.89141102225332
44081,32.010726474187386
44082,38.560013651948566
44083,46.787759307392996
44096,42.617513907561445
44097,46.07920440815599
44098,40.64619940824133
44099,51.80714185849227
44125,26.454790094470383
44126,24.20068469582455
44127,29.31259565659547
44128,33.87274700223502
44129,36.711605866152844
44130,35.87332804022438
44131,36.30266399047493
44132,39.07655672473633
44133,39.983485765467165
44134,43.65948002766317
44135,51.519725822238435
44136,52.72645787457174
44188,12.343517871123042
44189,10.605101579928409
44190,14.28521646919479
44191,15.83538067463419
44192,18.35256367778199
44193,19.50946236374394
44194,29.520665623087652
44195,33.13378350615902
44196,32.830940523884856
44197,36.22969008279643
44198,35.36152057719589
44199,37.60271233485394
44200,9.370536912451026
44201,9.496125517243
44202,15.987682091754525
44203,17.416379294399654
44262,13.288352820616666
44263,12.771749898145725
44264,14.4941713036028
44265,16.13519572162051
44266,17.106208808503506
44267,22.884503631129306
44268,25.59268802848746
44269,25.858421433193445
44270,26.747376913943402
44271,28.235721245104106
44272,28.260799449886463
44273,28.620168713937524
44274,9.018122413943184
44275,14.848694868848966
44276,17.156921907730595
44277,17.712338484578762
44278,17.9287365599149
44279,18.62127893424536
44280,31.96774680119861
44281,35.465191922323015
44282,36.45133717481062
44283,37.80653832156951
44284,38.815544637590726
44285,40.962137615221465
44286,43.060722324928484
44287,46.5420697141913
44288,50.74270857349711
44289,53.679870175085554
44306,31.510838942938395
44307,38.38542001839949
44308,43.023969921278606
44309,47.76485189335359
44310,48.47773688098783
44311,48.06333020857755
44312,52.57595028206213
44313,51.6661607369842
44314,52.5737214888144
44315,55.33296476860955
44316,4.441535719818878
44317,2.3452752022082963
44318,2.2398313738432734
44319,2.750521589660748
44332,19.068017882919793
44333,27.419818167227714
44334,29.669528063095598
44335,31.44728638654255
44336,30.327100173698778
44337,33.0580419078528
44338,36.159900884118386
44339,39.57478895682672
44340,43.654513389034804
44424,43.00497558847441
44425,46.59016682968596
44426,50.83277098265268
44427,52.510031759597915
44428,56.08202818754725
44429,59.59125236248428
44443,38.72150765659125
44444,45.78614339783537
44445,41.62779386523069
44446,47.15094183198082
44458,3.176765352605684
44459,6.333568339795836
44460,12.199982915318365
44461,13.494896489700208
44474,57.757705860664586
44475,58.684219848115276
44476,58.35432801796791
44477,58.20663429521165
44478,57.94732390357112
44479,57.44534571939146
44504,58.463378058621004
44505,60.53900464083575
44506,59.56868745027641
44507,58.96554893456379
44508,61.510223272110466
44509,62.21940373006323
44510,66.47846282163508
44511,64.26714220571664
44516,32.44464035748568
44517,35.612466776740945
44518,45.57453389263111
44519,46.61171100670781
44582,4.081814858074058
44583,6.9925411165987885
44584,14.324570211400204
44585,19.061047044861006
44586,20.98196490548202
44640,43.74825765118526
44641,47.70008480127747
44642,50.89377144685125
44643,53.99072823028388
44644,55.02024750300274
44645,55.16850978180019
44646,58.09080290166258
44647,58.43094999738782
44648,59.817300036386364
44649,61.075015778688005
44650,65.62859576581225
44651,68.26293117028564
44669,30.08843210314975
44670,37.54690119085762
44671,39.903530581967146
44672,39.40955093269001
44692,40.41611684227415
44693,44.66696155892076
44694,50.075287094882064
44695,49.852473340099046
44696,51.88192118200781
44697,54.94763065763099
44698,58.483023402032416
44699,58.956718743584
44700,59.60830513358165
44728,13.73499756539473
44729,14.466182315394004
44730,28.664768008856928
44731,35.64614673350241
44732,35.74599513862697
44733,35.64322782559224
44734,37.01217967096713
44837,22.281258174714996
44838,22.626540159355546
44839,31.22329777136934
44840,34.9535435285598
44841,32.97856036793663
44842,32.504429303025475
44843,34.1392667814338
44844,34.920660998050444
44845,37.65515675269665
44846,41.29858420815817
44847,46.852090349842605
44848,49.82349445983732
44849,51.30109738444407
44850,52.62371158203349
44851,57.01229604278782
44852,57.92634266195998
44853,27.721683397535013
44854,27.566440850924884
44855,32.02376714279129
44856,34.783169318919576
44857,35.2009386637688
44858,40.61010958032637
44859,42.58958427135405
44860,47.22568649405515
44861,47.20444636109771
44862,50.53448696736243
44863,49.3851982384758
44864,52.00884639730072
44885,30.559085778584773
44886,30.813872789017292
44887,29.16190500862949
44888,29.26911307737961
44897,54.834479211420685
44898,52.921095940411476
44899,53.39541319141093
44900,55.15297739234592
44901,58.35270862343087
44902,62.156575891403
45041,22.868280172674506
45042,24.288611690479943
45043,26.66044536936339
45044,27.65752973929921
45045,33.2554725902671
45046,37.66510583457314
45047,36.76998130442902
45048,39.06142170952282
45049,40.977569050620914
45070,13.673127180736566
45071,12.773443314962451
45072,11.957010859317858
45073,13.385105608501172
45074,13.696049991438956
45075,29.10253219048339
45076,31.124497303969683
45077,30.521815928952762
45078,32.984044290841574
45079,45.11667888996582
45080,49.41547461131678
45081,54.264824821703456
45082,58.99656720128461
45083,57.88988092260687
45084,59.13324142014152
45085,59.32585479012103
45086,61.60863513070525
45087,61.099126463889085
45093,51.13736899522822
45094,54.05226164973562
45095,57.84003673521433
45096,57.766990095215796
45097,55.619847307130364
45098,56.599057816424114
45099,60.30295951990057
45100,64.02317924824861
45101,65.3117176509626
45102,66.64698493929205
45103,66.90287020522194
45104,68.80708972182987
45105,32.60378452234209
45106,26.884934853518217
45107,45.493921642791626
45108,51.53787087678267
45140,19.226992497485817
45141,25.998452058667997
45142,29.520931378680153
45143,29.913898664754615
45144,31.32539325886697
45145,32.703329167089585
45146,36.78386782906783
45147,37.533560244699444
45148,35.93118568936604
45149,36.585760341465615
45150,37.712733592832656
45151,37.175108801722565
45176,17.200357964685942
45177,25.926631257657007
45178,29.17838756050668
45179,29.26487116080976
45180,39.558994582025974
45181,38.643706113210584
45182,40.74727481957435
45183,44.49593519390822
45184,48.272873234734746
45185,46.49346965793526
45186,47.44452553207107
45187,47.54553666194696
45253,15.539778691853384
45254,17.485959420540315
45255,25.543341396220907
45256,28.051792978454387
45283,38.188243191795586
45284,41.50884979852993
45285,44.60333777917652
45286,47.34381879478998
45287,49.36006535659513
45288,50.06176888062492
45289,52.04516188639395
45290,52.72477164395442
45291,54.24041788831222
45292,56.77240372309212
45293,59.38573267735667
45294,61.415657352106685
45354,8.463428159258404
45355,11.97233698965161
45356,14.497297612761212
45357,15.196294030446385
45399,14.84659757114958
45400,24.476796726464638
45401,26.54676044911556
45402,30.75844036784132
45432,14.891253916572282
45433,21.81438392315222
45434,25.224441803292578
45435,25.442664337999958
45476,28.7145303459174
45477,30.813216015809985
45478,31.50857951545201
45479,39.028502800877284
45480,4.576535088753453
45481,2.3298271512746775
45482,2.8130914445981463
45483,4.769134798631741
45484,8.949506056673451
45500,16.137398212095626
45501,23.511696166708454
45502,27.15690025552319
45503,27.206732070129185
45504,31.53139508471244
45505,30.97546299928563
45506,32.673729474385745
45507,31.683141182665782
45508,35.20668028396917
45509,37.61856491755031
45510,36.387473165174185
45511,37.087514216976935
45512,39.19784867975506
45513,46.10831770271942
45514,44.97844684295533
45515,48.363758164666386
45556,18.724928782330682
45557,32.44712326209468
45558,36.060718783637185
45559,36.95646615067848
45560,29.792415628524708
45561,32.5601565438078
45562,34.396654460317336
45563,39.168764152826405
45564,35.24085723374602
45565,35.53965045797988
45566,36.45912649012175
45567,37.24617438566587
45568,41.04235428012316
45592,19.205810026387166
45593,25.96276852236728
45594,26.698040861545216
45595,27.32639928067386
45662,29.190317059558552
45663,34.354091284501834
45664,38.91617365341343
45665,39.25877807342685
45666,39.765002034114865
45667,47.67808337391731
45668,50.790668270992946
45669,49.19573373753989
45670,51.27173273887367
45671,54.56729153700343
45672,53.448035925466094
45673,55.236146249036
45690,20.442147341937165
45691,21.91536902116282
45692,26.742134749423155
45693,35.84169994176205
45694,36.6030167307785
45695,44.425356165101306
45696,48.44672983967116
45697,49.394579561744
45698,19.795724042647763
45699,19.38104494682549
45700,20.06965938401243
45701,24.562907978910914
45702,26.74988091365562
45703,28.210372512199136
45704,34.685764065076725
45705,40.85965647785873
45706,42.35880595664843
45707,43.31816179629253
45736,12.774272180310803
45737,19.664864191456132
45738,21.651645296794726
45739,21.806852727426325
45740,22.28826844389688
45741,30.894247487287327
45742,32.321348349802825
45743,34.41583975537836
45744,36.71379315285128
45745,36.43867179951952
45746,35.19353487085706
45747,36.92611582971685
45820,3.3577801801486853
45821,3.788416640723697
45822,5.753612513410666
45823,6.163658472064987
45824,11.624159484219355
45825,13.411475608910006
45826,15.205743827455569
45827,17.63432891544951
45828,18.641793274731285
45829,28.926264975053936
45830,30.56901073559684
45831,29.378313170227226
45832,31.810407225287715
45833,33.82650492450405
45834,51.311358227210825
45835,53.91471359465144
45836,57.568843072679826
45837,60.688297834067455
45838,65.3670997261385
45839,65.8776285745461
45840,66.31782183557937
45841,68.05149918916094
45842,68.07836406246943
45843,67.12570007627427
45873,31.28068228634126
45874,41.23209697764656
45875,48.30355218796186
45876,52.410274185416746
45877,49.90932165400277
45878,55.51912085942905
45879,58.65231013186068
45880,61.50832408651312
45881,63.35953393721135
45882,62.94171405194062
45883,63.185610651207206
45884,64.20385313792177
45920,43.23123811162555
45921,45.16879602912441
45922,45.6902918315834
45923,55.87172994998574
45924,63.58686743099835
45925,65.51480763445294
45926,66.64407266215356
45927,68.11738812529539
45928,67.83491440585375
45929,69.91959087137451
45930,71.07937904611335
45931,71.86197838762078
45944,23.896092903590088
45945,41.12769217878982
45946,46.52872352767124
45947,44.68235016609465
45948,46.06449820024819
45978,28.681452151679476
45979,49.03206365754814
45980,52.546876557644126
45981,54.60231134524418
45982,53.561274330496886
45983,55.51716100425218
45984,56.09653334351754
45985,58.34776424706104
45986,59.68809995380635
45987,60.07976437327886
45988,61.02217444805138
45989,62.23697025488396
46068,28.44009678784812
46069,34.96400637910541
46070,40.69970373960122
46071,43.793166770466065
46072,47.69495989122255
46073,50.458176661900744
46074,52.46857275946107
46075,51.76339498125349
46088,39.31967443266891
46089,40.013815617155686
46090,41.98939355111311
46091,43.991493795130275
46092,43.680149128109484
46093,46.61337954754155
46094,48.68382617302999
46150,37.363132547648895
46151,37.72144065575583
46152,38.35817096646791
46153,35.83902952431589
46154,36.371762119234496
46155,36.87335015698255
46156,45.088116541101904
46157,42.54336015373813
46158,42.00386065945042
46181,31.31251457766827
46182,43.45061591023034
46183,48.114365270005486
46184,48.76272461716587
46216,54.13913182387505
46217,54.189471725229055
46218,52.89108138455127
46219,52.33022541029874
46220,53.46079900607412
46249,48.28022081425415
46250,50.07017442629002
46251,49.88303440336556
46252,49.955613263953076
46253,50.92808257113284
46254,51.491171048082386
46255,50.02900280496424
46256,57.72876448244248
46257,58.17467944144087
46258,60.944554880731474
46259,62.30061632902949
46260,63.49612633499724
46272,10.035099601963577
46273,9.742276644721445
46274,10.508470451802458
46275,17.314478426956256
46276,25.316565621462317
46277,28.13695214631523
46278,26.970526580087398
46279,29.898238317036235
46280,33.87295418060175
46281,31.92047864811016
46282,32.46580948388212
46283,33.725973547392954
46288,16.07271865675594
46289,15.029693136239052
46290,23.882713667201852
46291,28.233970254298907
46312,9.735570441396748
46313,12.572403130317932
46314,14.463310038998785
46315,19.257756974257962
46316,56.52978500365727
46317,56.25542331250317
46318,60.33375677985446
46319,55.835949086017564
46320,58.09864582583113
46321,58.71733343040724
46322,58.61448382091056
46323,60.107155167608575
46324,60.551295878587084
46325,61.1072937634444
46326,61.240717188377495
46327,63.99655868849005
46340,32.916980994604955
46341,38.35915271539508
46342,42.55157751418335
46343,43.45193314919417
46425,5.062611284581572
46426,11.042568034766365
46427,16.645951783129913
46428,23.47975940237527
46429,31.249287020655782
46437,32.22577353613105
46438,36.68683063398863
46439,44.32293956429263
46440,42.3501829359543
46470,21.836152645750765
46471,22.504800303497955
46472,24.875181399038123
46473,27.94335025147494
46474,27.67914190466004
46475,29.291431176763613
46476,34.298197759407024
46477,40.67485620564563
46478,41.68681893269931
46479,40.66901792977671
46480,44.611444100811816
46481,47.2161735232901
46530,32.78127056641031
46531,33.33622913648787
46532,39.34981713086611
46533,39.09417988135603
46602,37.97092189237291
46603,39.493194308936005
46604,40.96603237820639
46605,41.458363651465476
46635,29.469350208076847
46636,33.408905432481866
46637,35.3690686835441
46638,35.469895650810145
46672,23.36424048363536
46673,27.950348479237874
46674,29.989341785383836
46675,32.48664243997422
46676,31.606129344345185
46677,35.06104639614569
46678,49.52123181940875
46679,52.299301499429944
46680,13.026003575829948
46681,15.50354050568983
46682,24.535717521835437
46683,33.3338573909945
46684,33.32855984700081
46685,38.380971389361534
46686,40.528737746064486
46687,43.17831731163144
46688,43.89280294203044
46736,50.2998369804507
46737,53.06494560085678
46738,51.53271172848341
46739,54.42562614937115
46780,20.710681630648367
46781,22.545476570266334
46782,20.131550650055846
46783,25.208650082210546
46784,28.596796264766354
46811,20.41577390695479
46812,37.42620681389924
46813,47.68755441649499
46814,50.77844438913809
46815,54.82500202014966
46816,57.757833378160406
46817,60.46132351649215
46818,61.97526511371453
46819,62.72769576687925
46820,63.55910862805826
46821,62.78486848512313
46822,65.94652267065014
46839,17.433789553808175
46840,16.99441224969856
46841,24.596812779998498
46842,27.83607524549643
46843,27.93550065442686
46844,28.776510242507662
46845,31.338447311305412
46846,34.293528147516795
46847,36.23697442675692
46848,42.38313791724953
46849,47.90878200852524
46850,50.2675071913005
46977,9.359530121708449
46978,7.032523557430931
46979,6.875317042302989
46980,8.677780926648373
46981,10.402655045874448
47007,14.784768400470865
47008,17.425754004897517
47009,20.110701213056128
47010,22.53744721549388
47011,27.669547538670432
47012,13.234882169735172
47013,11.71854771888373
47014,13.801148753833884
47015,25.500368736817826
47038,17.491576439703067
47039,23.773582803897042
47040,28.38705904749928
47041,32.436480548351994
47042,36.26041986276807
47043,40.10387091234486
47044,40.54297038336654
47045,44.934438521017285
47046,52.8509302227346
47047,52.25341944866133
47048,49.89504122855823
47049,53.83375851446474
47141,32.872537646238456
47142,45.07416549434275
47143,50.79107712029771
47144,54.46887208156516
47145,58.12332568075211
47146,62.56676340246171
47147,60.956233698102515
47148,62.05790062694611
47149,62.708644288287125
47150,63.424036723110504
47151,66.41745047703822
47152,67.14843767354424
47211,3.7612246441778745
47212,1.6644877250821777
47213,1.7120590216813223
47214,2.163669512617726
47215,4.207436461122545
47216,5.398320624095878
47217,8.33625204561541
47218,9.523368661840435
47219,15.34313092966582
47220,17.931336382697808
47221,19.074355857733412
47222,19.439157812478157
47223,55.29573302420207
47224,58.77882343264564
47225,56.548171513905906
47226,58.36885849176762
47227,13.121396850487361
47228,21.44751907948593
47229,25.675405263120627
47230,29.644654237643667
47231,39.60325822662593
47276,4.566690400605063
47277,2.563322966716816
47278,5.603973630681398
47279,14.722088066391235
47280,3.6247211252178118
47281,1.703364964023136
47282,1.5979211356581133
47283,1.6009033887765032
47284,2.7826282606842043
47285,6.2648514707700915
47286,6.52562442769105
47287,13.046322578531163
47288,14.602560090126602
47289,15.096008705343282
47290,22.245556231718922
47291,28.316581935447882
47292,29.616254485949575
47293,26.918360242829202
47294,28.240931320933463
47295,38.837817392665954
47296,8.700056416677574
47297,11.21456654702487
47298,12.240164944346649
47299,22.48379358076281
47300,24.291073635303857
47301,28.053841336113905
47326,61.061948842145334
47327,61.6213823123021
47328,66.05937450127462
47329,61.202158735326414
47330,62.14205464855272
47331,65.99088115648232
47332,63.64579866421098
47333,64.60381026899051
47334,66.6536114335997
47335,67.23412585017432
47336,66.7381809330632
47337,68.55406914980365
47377,19.447405347730346
47378,18.716466423702556
47379,19.513801686618557
47380,19.532728564148616
47381,18.999210650433298
47382,18.918893801656758
47383,23.852628994738627
47384,30.463048361745184
47385,31.28400425040301
47386,32.56964431825419
47387,34.65599893529261
47388,33.72418651301582
47438,39.31913893892964
47439,42.25836174566066
47440,41.81499068846852
47441,41.6446422083225
47442,33.20382991649333
47443,33.60953494353385
47444,32.29734605769052
47445,34.262327992954006
47446,37.02916986521796
47452,47.21565801990463
47453,54.46597568888025
47454,63.329364259461826
47455,62.81846798507936
47456,63.309202807005796
47457,65.10145421124848
47458,65.06625082081837
47459,15.902373262568094
47460,15.920998922252176
47461,15.80069722819417
47462,18.839822490443797
47463,23.576720314081268
47464,37.12721889352366
47465,41.77142173501776
47466,43.234870587046665
47467,42.89481010677294
47468,45.26114932264822
47469,44.162158689834236
47470,45.888206204510944
47490,8.801802913061291
47491,15.210114377424668
47492,24.095534575450994
47493,29.54764785405246
47494,33.436149355321376
47511,37.137462195002854
47512,41.02065134586658
47513,45.802209167974425
47514,52.226285950789325
47530,20.195915792025417
47531,34.78281898283392
47532,33.49334494513234
47533,37.05241292462238
47534,36.09146747917717
47535,39.45725995188531
47536,41.7109512960883
47537,44.95501980302999
47538,50.0425244277527
47539,51.52700960104676
47540,52.75098594406889
47541,54.08463826252041
47551,14.830526311130454
47552,13.666029358858781
47553,11.697638035528684
47554,12.13520492607513
47555,12.482400853347173
47556,15.351184597679053
47586,43.32720854829262
47587,45.12345653682545
47588,50.70668014521977
47589,58.67343391729505
47590,58.83766961074858
47591,60.54803971041094
47592,58.52218951291
47593,60.529565939042804
47594,62.552269450605316
47595,62.791433196952994
47596,63.400289477617925
47597,65.359712340617
47598,28.526567797064452
47599,30.74530305954495
47600,33.48224755260924
47601,33.27585850975522
47628,15.805190063313766
47629,14.76578597368135
47630,14.86656611567823
47631,18.274070284118636
47638,26.668021230098258
47639,24.734279668274183
47640,23.21617552167027
47641,22.579039805315062
47642,23.50479635583531
47643,22.950814166459878
47644,25.341062200093894
47645,25.725806743628105
47646,26.709749873948997
47647,28.12549044727069
47648,31.828123195398714
47649,32.38404780821187
47697,12.605583514099001
47698,18.761912232011756
47699,18.642812192372375
47700,18.22560936317607
47701,19.51565452903567
47702,20.214688314972744
47703,27.315722416888885
47704,30.852757346777548
47719,13.461031983712545
47720,14.22433673603762
47721,14.60295319207944
47722,17.39501661768042
47723,20.55119797437117
47724,23.902154922249252
47725,25.81641316944036
47726,29.821240211593416
47727,12.822628307677
47728,11.572500137015968
47729,14.345216110233233
47730,18.256333009677473
47731,22.748514119062737
47732,25.754918602837424
47733,27.08315909696544
47734,27.30092252887017
47735,28.80355085047943
47736,30.086003511867773
47737,31.572369261157437
47738,27.258217894885664
47739,40.651363493477525
47740,42.62968465467483
47741,47.4549462614239
47742,49.25768366193268
47743,51.466998829431105
47744,53.48908005267204
47745,60.572166948003904
47746,64.37422161532155
47747,67.9931036491071
47748,68.25758946651074
47749,67.69091058420156
47800,38.95233104291898
47801,39.102306257222864
47802,40.14421619925183
47803,40.646402399024886
47804,40.208103769787286
47879,23.1226533089822
47880,34.90508454783634
47881,40.7543182056055
47882,39.53653070927971
47895,13.694271506787775
47896,15.330681332427874
47897,14.218827313485761
47898,16.529435597915054
47899,18.212372853745126
47900,18.558871455059954
47901,25.121943173815374
47902,25.515499934682378
47903,31.54705966966878
47904,33.73805942157146
47905,35.18593164823926
47906,36.68896422545828
48043,10.510948762654081
48044,21.348846996506367
48045,23.243439598964688
48046,25.159876506498247
48047,32.384084269718144
48048,39.474730860022625
48049,38.164589428975546
48050,43.35760276419167
48051,44.676408919583686
48052,43.27681015602564
48053,45.1297169939931
48054,44.672819504762984
48055,56.36226215904357
48056,56.15181505920304
48057,56.07116829469316
48058,56.17561386476265
48059,58.298844551308086
48060,38.06072776793483
48061,39.062169885147796
48062,39.15767629107161
48063,37.767922541266756
48064,39.853398843376716
48065,40.73627442576515
48066,41.604974821610824
48067,43.81282233951114
48068,46.3848286208516
48069,49.26986105485037
48070,23.214722395743213
48071,24.71922439129079
48072,23.69839068761956
48073,24.844270197492836
48074,25.002123132414614
48075,31.751168449549628
48076,33.01806153271503
48077,35.13942090639174
48078,41.72857615324864
48079,46.479734798945486
48085,35.419944484769694
48086,42.45857023198007
48087,47.31648491346137
48088,47.43785320753988
48089,53.668010766452085
48090,59.060766269446745
48091,18.592833280990206
48092,26.107165782158624
48093,29.320871283512126
48094,34.556267638782764
48095,37.96202693579794
48096,43.38004147577344
48097,42.25998634669493
48098,45.50327082214614
48099,44.60736037459265
48100,48.13041932339416
48101,48.866197938652014
48102,51.613504760254145
48128,7.7713561996450755
48129,5.342382982312022
48130,6.316570192999374
48131,13.008028079793315
48132,17.81718017752125
48133,18.972698240129645
48134,18.296741487447765
48135,23.965227617033847
48136,27.09638095116541
48137,29.62741570663747
48138,29.840784300243755
48139,31.36788057194108
48212,19.804434473890563
48213,29.133868031369154
48214,35.68723116069646
48215,35.89342173550412
48216,45.01556391946121
48217,45.19778937702244
48218,47.990534177215366
48219,50.15241817990636
48220,51.90667190135332
48221,53.94979604914503
48222,55.64909722764954
48228,10.44141028792549
48229,10.46825788300173
48230,13.686788112699599
48231,14.657290523001908
48244,37.09577911422891
48245,38.66563657046253
48246,40.12646920572619
48247,41.740942491994915
48248,42.696356220464835
48249,42.948414327820515
48250,46.873260078788526
48251,48.59957861554839
48252,50.35920107868087
48253,49.52774853895665
48254,51.06684727481194
48255,63.247478599695015
48256,68.527616393801
48257,69.4377210164925
48258,70.51090689209609
48259,70.57031869065611
48272,18.783436642491747
48273,20.147020290644253
48274,26.29050440100566
48275,29.8423110849706
48276,30.977866298582807
48277,30.990809854225965
48278,33.15921454122242
48394,55.20856177155622
48395,57.3027634243269
48396,57.36958075432278
48397,59.59131938335239
48398,61.11014652597769
48399,62.63659277272817
48400,63.08217925464735
48401,63.05533573171295
48402,63.299694629605035
48403,63.52827681354187
48404,63.582164238296095
48405,63.92320710564556
48406,46.872979659889076
48407,49.41234860780718
48408,50.68193140322737
48409,47.87576843270802
48410,49.330023963805296
48411,49.914759892256
48412,51.201179819046295
48413,51.86515530182358
48414,53.9534101233733
48415,50.8645903347988
48416,58.44912249812757
48417,59.16092977399564
48418,58.97907552770809
48419,58.12428350486632
48420,58.5099939094052
48421,59.293913679609766
48422,61.69991249664566
48423,59.26128326416333
48424,62.41652476161802
48425,62.62482533777905
48426,62.949214026881
48427,63.97234685492406
48428,12.285889524971084
48429,14.336838940895454
48430,16.383207761522478
48431,19.310601941163146
48432,21.55871795088817
48433,29.674893354083178
48434,31.40062697807984
48435,33.847070640983254
48436,34.81100489851562
48437,38.271129969055465
48438,38.10352842176162
48439,41.232163237801345
48475,5.4484600370679255
48476,5.289429167752753
48477,5.780091141781613
48478,10.465542407756812
48479,15.803446809277954
48480,18.029772606984338
48481,19.343136502561624
48482,27.05345638434116
48483,31.20584105795428
48484,29.559677012422952
48512,21.7949157039636
48513,20.878813751105987
48514,19.628612888435683
48515,18.04801031373972
48516,19.56143900778898
48517,20.07638349445816
48518,25.297512826289893
48519,28.26529020986365
48520,31.94691237368257
48521,32.29284263367023
48522,34.739954230037185
48523,41.03813135878505
48528,20.40125894494983
48529,18.55200780975733
48530,24.820913655880172
48531,27.470308816846828
48532,30.23167567543866
48533,33.10658339015579
48534,32.30387156766294
48535,33.46610936439731
48536,33.75945359739432
48537,42.85135992586444
48538,46.128414488763624
48539,49.70127503276183
48610,22.332686693527855
48611,24.55334087548031
48612,32.37592139189295
48613,32.736346386324506
48614,33.925836457996205
48615,38.42111237173919
48653,16.1073049617136
48654,18.451078086583923
48655,19.877745067630592
48656,22.417675259994255
48662,16.01699012036967
48663,16.092385409617105
48664,15.780179529801561
48665,15.895719765753174
48666,20.549678607451806
48667,25.061900135855936
48668,40.669366310345346
48669,44.682010058595395
48704,19.627931601204224
48705,28.31601053729599
48706,32.5607791304375
48707,31.855668350656845
48736,18.19439992490161
48737,17.330264910895053
48738,17.202862818268006
48739,26.007056508538653
48740,27.473914591114127
48741,30.664186940512312
48742,31.447075125921845
48743,35.72017076172572
48744,37.35342569124958
48745,44.42166022767882
48746,43.62032941241234
48747,43.51954571322315
48748,45.52776031128693
48749,44.84623069395664
48750,44.80287710542835
48751,46.66356272984658
48752,47.30578076430475
48753,48.6758898296313
48754,48.95994795176856
48755,52.28288863232493
48756,54.06748053671633
48768,59.74567432272494
48769,55.63954183664929
48770,58.800224052879116
48771,58.49564578878715
48772,58.61208346312166
48773,60.691825052103404
48774,61.918744749226526
48775,62.70316893651566
48776,62.54081015410096
48777,62.25990269120908
48778,62.655734894396
48779,62.58513730359135
48828,30.823846006806956
48829,30.013962470877452
48830,30.741328401170456
48831,28.937541334889026
48832,11.627074779754375
48833,22.39035154929661
48834,26.023527579053933
48835,24.6686321239499
48836,34.91717129537331
48861,31.0506249206908
48862,31.01679549060976
48863,31.336119458551174
48864,31.838000364103383
48865,35.302112141027706
48871,35.766300029791246
48872,39.259323462247494
48873,43.25526938717077
48874,44.12212355517347
48875,49.465167180241835
48897,17.803161980089858
48898,16.353739349702526
48899,15.86953177333106
48900,15.768887892540894
48901,21.204039842685557
48902,22.994551391162585
48903,25.317621016600505
48904,26.023102710809223
48905,32.902819735610706
48906,35.31284441717053
48907,37.55864934452531
48908,39.80992302362228
48918,13.089497992511264
48919,11.928327402944735
48920,16.89920300426179
48921,23.430642135111086
49051,25.44246054895865
49052,29.248492262777997
49053,31.67051222491397
49054,41.505115674260786
49055,30.529518422074077
49056,42.12054110707553
49057,45.13692684203417
49058,46.9720931424045
49059,47.4441880691129
49060,46.898810090931704
49061,48.678231224287806
49062,54.60725434167229
49063,60.35770622323523
49064,62.317575028100336
49065,65.06087361479733
49072,12.878459488171133
49073,9.718823798934682
49074,15.036137948175082
49075,17.799361579118926
49102,27.77395879111152
49103,27.784164680181316
49104,41.50535487976256
49105,42.11143190280518
49106,46.93616592970954
49107,51.68346268782863
49108,55.27959024343295
49109,57.49246662013621
49110,54.879466593765116
49111,56.711401386750744
49112,59.30059304936656
49113,61.071184160614216
49126,23.27051555695456
49127,24.334530123846786
49128,28.226054948298366
49129,29.901870677393557
49130,35.80244235745386
49131,38.444308454260444
49132,42.09390894865904
49133,45.06200046695859
49134,46.09457624117886
49135,49.750493543793546
49136,51.4779789983257
49190,29.89896420493215
49191,31.559440211338362
49192,32.79326136723712
49193,44.308891677340775
49194,51.860892636492316
49195,53.34508142570395
49196,55.28518605094398
49197,55.103082720173916
49198,57.573061175875665
49199,59.7150874744204
49200,61.21678811144911
49201,61.757986696901334
49212,31.91736756987107
49213,36.918148642730614
49214,37.54845546878773
49215,39.193927718975786
49216,43.70368934300384
49217,49.50342620266412
49218,51.69546896071284
49219,51.79067266761358
49220,54.71097870867777
49221,55.83871447229237
49230,23.00854511313895
49231,22.427552764204922
49232,26.01639726987941
49233,30.90442456567673
49234,36.34805058993431
49270,57.969767132986206
49271,60.61072481440984
49272,60.229053013089825
49273,58.80329652963568
49291,18.616278104855247
49292,18.59182114965099
49293,35.70125302100487
49294,40.32785751828707
49342,18.15804780842064
49343,25.470342476119377
49344,29.510839689191663
49345,30.37542784033087
49346,30.73630842985438
49398,10.231685466388083
49399,9.240121514634673
49400,16.26103173864761
49401,20.48266975573381
49402,22.22862067159804
49403,21.840500010676966
49404,23.865640101282
49405,27.29027442088897
49406,29.99711051670424
49407,31.932860824683235
49408,33.82099235983792
49417,20.360691526644413
49418,25.42473173371415
49419,27.126983400925916
49420,29.071938826029417
49421,29.897458159078692
49422,31.53576949247097
49423,34.2796667837825
49424,37.416130140401606
49425,41.153252042132934
49426,42.643361660544016
49427,43.18924581319272
49428,47.38421981880372
49429,61.98208471806858
49430,62.850371512701535
49431,69.03847448531575
49432,72.23953236498362
49433,8.63961663967857
49434,14.113436148648649
49435,23.859687871462334
49436,27.627975330477106
49457,27.247834946258497
49458,28.944751891783994
49459,32.045965074128716
49460,35.0171661224605
49485,48.02217075579792
49486,47.99553482165604
49487,49.87353762455917
49488,49.68181337878864
49489,48.270874516463245
49490,51.28806132414763
49491,52.16971429791563
49492,54.38992338922857
49493,56.57426169012033
49494,57.69975822274077
49495,57.913687814943295
49496,65.88240585690706
49497,41.32480327998628
49498,42.846123928371235
49499,44.69243622255805
49500,46.45933591688291
49501,49.70257681636399
49502,50.42820880396779
49503,54.9014786059997
49504,56.384001454887255
49505,57.880804426344284
49506,62.25582499851885
49507,62.451225165913854
49508,64.84638737752515
49585,19.795724042647763
49586,22.134066743088514
49587,22.7591750637001
49588,22.594155339066592
49589,25.629087687931474
49590,27.821712367761638
49591,31.202956936889557
49592,39.39785555051964
49593,37.94235590586402
49594,38.99350003794191
49595,39.38879172148909
49596,54.28199535084864
49647,9.479898974856306
49648,8.80098488918858
49649,11.88761611008325
49650,15.93602987653287
49651,19.832070481617365
49712,43.41915263851347
49713,44.72157455229273
49714,44.29690696943408
49715,45.71485607997564
49716,48.41443728559842
49717,50.953451725037354
49718,52.21277145498907
49719,49.83716307531968
49720,55.921849296789446
49721,59.702573471604545
49722,63.49200587109891
49723,64.24350720095033
49770,43.661033198842546
49771,45.93369105232593
49772,45.41516796954106
49773,51.432709759052585
49774,52.881187706918986
49775,53.118614943286474
49815,15.143991655883957
49816,23.63648303198081
49817,26.275930929674026
49818,26.13537786405351
49897,19.877802065718164
49898,24.78639059844383
49899,30.009068368866092
49900,28.28851273026354
49901,38.71599877516736
49902,43.674322716566714
49903,43.48630572634088
49904,44.80835484239133
50004,8.119345508871628
50005,5.734141049874313
50006,7.02388158229643
50007,10.669142329898687
50032,22.768945981463816
50033,26.4961456120988
50034,30.130420649603725
50035,36.3001015615899
50036,20.47297772098411
50037,24.04472472537586
50038,26.125386252873245
50039,31.225597234082148
50040,35.99997402789278
50041,38.12599651780563
50042,39.625295128151556
50043,42.504273788745884
50044,44.41515772221011
50045,47.653379108115985
50046,48.29716919284459
50047,49.480759574703086
50096,51.20818191038726
50097,53.56310867513005
50098,53.67355908232637
50099,59.26701939857813
50100,66.61204621807217
50223,38.50464424661116
50224,46.26811327902294
50225,51.340041296285506
50226,52.42701280659326
50227,54.348311605067515
50288,22.67537749187019
50289,22.3827083238165
50290,22.073321621657165
50291,23.785465851247412
50292,25.0052489277136
50302,9.187225725408247
50303,7.8390060176874865
50304,10.13462892584922
50305,16.42332653339808
50306,25.316632376271727
50307,24.465710177709283
50308,28.894579664676733
50309,33.52159564667289
50310,32.95778927889689
50311,34.87719229107236
50312,34.01031177131817
50359,31.43493292320015
50360,31.100052642158982
50361,35.4884614872233
50362,37.0900035299488
50363,19.539835622494902
50364,21.500941209689266
50365,26.12536746778625
50366,28.212327507229855
50407,19.090661409443317
50408,25.951801984893432
50409,27.660520953605783
50410,27.22557912378778
50411,33.11921410618671
50412,34.18183853534457
50413,35.26172459349868
50414,35.23011740745915
50415,39.837164631741004
50416,40.95150086762757
50417,42.10160632141706
50418,44.700945371950404
50457,38.74842181520066
50458,46.23666945569293
50459,48.641801143816444
50460,55.370387953142696
50507,14.71435442022857
50508,15.48100413169784
50509,24.094345781173523
50510,27.27173817149191
50511,42.48542927792894
50512,42.89683593780742
50513,48.313075979612734
50514,46.95653525028442
50515,45.550952829193434
50516,49.83830057100027
50517,49.16615461840871
50518,51.441009642704984
50519,51.97346513251899
50520,52.86609918946281
50521,60.429235990289605
50522,65.89221444501898
50558,25.895400950111192
50559,33.531949623892785
50560,36.353205225393474
50561,37.435795000824335
50635,47.93601172975284
50636,51.775439672079095
50637,63.37203209376642
50638,69.0452479158821
50639,68.5899212018965
50640,67.23802352210829
50641,69.1566697466927
50642,69.00762893683276
50643,69.80286748062231
50644,70.64819647740003
50645,68.22129803510909
50646,71.12692682959779
50656,14.695696478203876
50657,23.97560923989949
50658,27.86014811010021
50659,27.59707949798878
50660,21.367364828211688
50661,25.04175744881768
50662,31.442765655401768
50663,32.354961200741926
50664,32.88719505016949
50665,32.69150061135069
50666,35.31786372964998
50667,39.81378017867675
50668,38.91009662508029
50669,44.72776136873416
50670,47.164827699787175
50671,54.506205971910184
50686,23.10527366782664
50687,26.77937360920285
50688,29.419642227946728
50689,31.35374665502928
50735,8.659246329466235
50736,9.775717012981636
50737,15.0941676314781
50738,15.264622747978091
50739,17.96844588138923
50740,18.413277898997272
50741,17.68346664293531
50742,23.993587217200243
50743,28.457005730811986
50744,27.577479112903706
50745,29.772241648969427
50746,30.700241717401465
50752,33.88469488115474
50753,42.54605231467426
50754,45.75723216039183
50755,46.6626403539088
50756,47.14412832274152
50757,49.218295356126816
50758,49.47400113361385
50759,49.17204011721503
50760,48.765319119122566
50761,51.052044094929336
50762,55.39261241544839
50763,59.12436956997621
50768,3.7634945375564586
50769,8.387045178605439
50770,12.169593235952636
50771,16.026701772982726
50772,17.033767512612815
50773,17.763276631571703
50774,18.242609754148315
50775,29.875319377166008
50776,33.92094455339265
50777,33.462898371672864
50778,34.00811557658274
50779,34.57552571092403
50792,37.48300976144877
50793,48.12014424477706
50794,50.810796421131165
50795,51.92419663316556
50796,52.61888633671737
50818,30.199759385688015
50819,33.734841238643384
50820,34.10590699653171
50821,36.44028465690854
50822,38.8443725848323
50823,44.296925380650045
50824,49.27317858297225
50825,51.21654428089666
50826,49.47649882675046
50827,50.31548864798008
50828,51.01852449227248
50829,50.65438507010773
50848,37.89418659040287
50849,42.26421953760403
50850,46.433845958090934
50851,47.61597683199081
50852,50.77789669470591
50853,60.246087779069896
50854,64.51499323644022
50855,66.33879358129566
50856,65.91468781994755
50857,67.14547676148008
50858,67.75015369965169
50859,68.11441667607065
50860,30.94516429474753
50861,36.46344827409212
50862,38.26330236513825
50863,38.349556761399334
50864,40.01921113294494
50865,43.35709750876984
50866,49.78106385776309
50867,51.58436812691924
50868,52.976600702278084
50869,53.71520566703389
50870,56.451740996212244
50871,59.12986571311758
50890,18.817545554543486
50891,21.07036318276255
50892,25.880639327908877
50893,28.335960470076905
50894,35.70786447969908
50895,36.27110456617133
50896,41.18189077213829
50897,42.76659266772848
50898,44.0670139146912
50899,47.96967754015568
50900,52.03421510126692
50901,51.03176422407644
51021,39.3555305818738
51022,44.41044320081649
51023,48.853625190397814
51024,46.8346519854834
51025,46.50556543401418
51026,49.07334351475619
51027,53.801005436687646
51028,53.66228233255357
51029,54.94180112484657
51030,58.49949096803048
51031,59.85266967621626
51032,62.81208207378927
51088,37.42893351998701
51089,44.92898796318043
51090,55.69672517322361
51091,59.6971161957103
51111,17.905253215366855
51112,24.138222535040626
51113,26.717078997503418
51114,41.334578995407526
51122,38.20406546044843
51123,41.31918057106224
51124,43.536615450857745
51125,46.43069337351913
51192,10.34116759763708
51193,12.505486163019429
51194,13.954177834940925
51195,33.49831431968906
51204,45.489678602474505
51205,47.55932854980249
51206,49.51290858493425
51207,56.72122008044638
51208,53.908624837656575
51209,52.33945060744952
51210,58.44678021839045
51211,61.582141169889915
51212,63.469454135465966
51213,62.785272430393654
51214,64.99361477133095
51215,64.95370938423763
51221,11.640297165853836
51222,16.822215596517847
51223,20.509919872821303
51224,21.569690264908594
51225,21.951039980442644
51226,22.06089513099039
51227,23.66058171428667
51228,27.3853289037191
51229,27.887854997228054
51230,28.528051623260573
51231,29.70437335248257
51232,31.734155873746587
51334,12.539439023174497
51335,10.745139100113917
51336,12.97008749543423
51337,15.174889897916401
51338,16.032705974347127
51339,20.13134756356993
51340,23.97571034969323
51341,29.833143881407274
51342,33.66125740534395
51343,34.209774009023974
51344,35.28869762899755
51345,38.26448499765973
51400,17.862993459033216
51401,16.80309551985528
51402,16.44521419056667
51403,22.155401299964076
51404,24.37232394103107
51405,26.09589102897724
51406,25.55895686541329
51479,19.938403374529734
51480,19.103320061627556
51481,19.06330582310466
51482,17.293827994733775
51541,15.808873084468052
51542,23.30593442597437
51543,26.27274102502041
51544,26.14789373183824
51545,26.002157370702395
51546,27.96699954873125
51547,29.135340108614244
51548,30.367737750946823
51549,31.57081793354018
51550,31.803495719254542
51551,34.91247226622716
51552,38.12691041495712
51577,27.399516738308883
51578,39.31444219442465
51579,47.486953708442734
51580,50.058155879753656
51581,54.535238856620495
51582,56.82770562647692
51583,60.039499085387895
51584,57.68298407433581
51585,60.559722067343905
51586,60.02817736717219
51587,58.2612156204369
51616,43.212508591852085
51617,45.57844897439007
51618,46.337394474111186
51619,49.488573903901674
51620,51.926062523328305
51621,54.8649244903116
51622,58.7265393551017
51623,61.016266673656034
51624,63.320294778894386
51625,63.50491698194184
51626,63.75826181994469
51627,65.90162821516202
51674,28.342655280739017
51675,30.582296581111024
51676,39.4791508235065
51677,40.53940116373207
51678,41.03022042836984
51679,41.35071226633101
51680,52.77069390731182
51681,64.57357373489255
51682,63.95430130841923
51683,66.17500011487061
51684,68.15445000939359
51685,67.09788017680086
51702,34.28941037158895
51703,35.817075633118826
51704,35.404499991674804
51705,44.067308031109455
51706,43.15850478751484
51707,49.798033110675675
51708,51.98144819347622
51709,58.181618200318034
51710,67.72211923591722
51711,69.3235434809524
51712,70.84241775022846
51713,70.53401117147801
51718,18.87153262120107
51719,21.383285515708184
51720,23.836827416458526
51721,30.052041291415147
51722,32.13790468309419
51723,34.03230821322953
51724,35.75180418332929
51725,38.00271397194791
51726,40.707507197669216
51727,44.669388154407024
51728,46.1529614525215
51729,45.077923125203206
51730,31.18627038986791
51731,39.7732040575126
51732,41.95570004596036
51733,47.22236816459867
51734,50.46514284997108
51735,53.59904114361741
51736,56.00738850995945
51737,66.08923769571952
51738,74.44565933567041
51739,75.92901290165864
51740,76.44992416455453
51741,76.80549533806592
51747,23.057689316929395
51748,23.214010433354545
51749,25.602893257585407
51750,30.711022037760458
51751,35.623916093396595
51752,35.737142514904406
51792,20.960637000778053
51793,25.406766171860493
51794,27.59764558645936
51795,33.373098797194714
51796,35.97576515139477
51797,37.14176720321323
51798,45.61647325484442
51799,48.023111891892356
51800,48.93702769606415
51801,49.19536996687162
51802,53.65759794722828
51803,55.88649053499017
51812,10.314177798366982
51813,12.554818503042592
51814,14.836515320354785
51815,15.279892249493836
51833,28.02791598534635
51834,28.786015502734276
51835,29.18126257711437
51836,31.063476004175723
51837,35.74201304716265
51838,38.41358583142113
51839,45.0084720148813
51840,27.21786746858385
51841,34.65834074276055
51842,40.488703276206614
51843,39.880604103690246
51844,40.5439379736063
51845,42.57806226406805
51846,43.04119605031539
51847,44.73754018337361
51848,45.33822598768623
51849,45.78867824781755
51850,45.664129006328
51851,50.0860036911197
51864,34.60519246430591
51865,36.6726322561291
51866,34.24003801842294
51867,41.66624979314602
51868,40.010486855642654
51869,37.77174598189538
51870,41.988171863286176
51871,41.036781863971406
51872,39.49626106905253
51873,41.47555126439548
51874,42.62734248001202
51875,44.11167347187267
51891,16.851084227102444
51892,15.913942314254381
51893,19.212066955283735
51894,21.393805796657546
51921,12.999353322167558
51922,23.812857850152646
51923,27.77417136276173
51924,26.616574940744027
51925,28.96555825583215
51926,29.586453788935504
51927,32.374319345065864
51928,33.74943334100089
51929,34.757677782451495
51930,35.145007291842504
51931,39.70146484585896
51932,41.387668581984016
51937,39.660328878777094
51938,41.939506016864385
51939,45.34909932254997
51940,46.705103979104656
51941,47.525036102125334
51942,46.65085787526765
52202,28.774343001627898
52203,31.820016058434366
52204,31.16247410946482
52205,45.759453161342854
52206,16.05914725754858
52207,16.064234182828358
52208,21.284113859216806
52209,26.467454142712757
52333,35.154098749068005
52334,35.32750904822274
52335,37.04615008035369
52336,38.05876303266968
52359,31.619105381931647
52360,36.646959377243896
52361,35.40441353848583
52362,37.1244639583666
52363,61.688069429854906
52364,61.123663773623804
52365,64.17629233769748
52366,65.38746879352959
52367,64.40715131986859
52368,66.53598553577116
52369,66.04986258951642
52370,67.86703454848016
52377,9.09109423349976
52378,8.17139208906701
52379,8.455431648049897
52380,10.324461622560678
52381,13.072230627207311
52382,15.03577796801755
52383,15.669757842857495
52384,23.251455745988867
52385,25.804074340928317
52386,28.348992401451927
52387,30.03940355868175
52388,32.109890261113506
52413,61.31349631590639
52414,62.4301930837626
52415,61.806191469203675
52416,60.64262257273038
52417,63.54400415800485
52418,63.3124737058295
52419,65.84738460162626
52420,67.12412107686029
52421,67.54873021936233
52422,22.641732052019165
52423,22.763363766296234
52424,21.10309652692408
52425,21.978456685643856
52499,22.51541122278239
52500,25.440456314457673
52501,29.27854166159237
52502,34.507009898595584
52515,26.985858289249393
52516,40.94184976313882
52517,49.19689721890691
52518,51.021973515355384
52524,12.256034549464461
52525,17.70662398711018
52526,20.070635980577237
52527,24.143442073497848
52587,31.619105381931647
52588,30.629919572398055
52589,31.86146085361245
52590,32.50005120313052
52591,32.04077118156994
52592,37.54659206065511
52593,39.76962785261186
52594,40.755392997463346
52595,45.231624372756755
52614,29.37913222744659
52615,30.43774582679079
52616,32.58350873292639
52617,34.09835715110399
52657,5.402107153077143
52658,5.974437453632398
52659,11.919950287909442
52660,13.844647754643377
52661,43.42169130699055
52662,46.58103738509959
52663,51.56010622513028
52664,60.81819663955739
52719,41.77605968761818
52720,43.4459735587074
52721,43.41136529788384
52722,44.01929752560791
52723,45.02333671821585
52724,45.60878290247206
52725,49.57292535676935
52726,50.363198671293745
52727,53.01208511492213
52728,55.2414306360755
52729,56.395024752107155
52730,57.28735136365701
52753,14.71435442022857
52754,13.606388341539256
52755,13.07123890001179
52756,14.99445375211104
52757,14.86589477560758
52758,15.784089966845967
52759,19.019159974512633
52760,21.587150348589986
52761,21.840136396046816
52762,23.095770841370616
52763,28.2705535735103
52764,31.206548795934726
52802,46.749075001593646
52803,48.486114769349534
52804,48.73108423466436
52805,55.98273447496207
52806,64.6902837991183
52807,65.93005345908901
52808,69.75943020649267
52809,68.40920537622682
52810,68.9518702667276
52811,70.13685934307404
52812,71.13889856024485
52813,72.84276347137697
52861,12.165485296698431
52862,22.467178747201167
52863,25.339292230702107
52864,28.595602087437985
52865,43.271856518543984
52866,48.08438722273887
52867,48.941934832530045
52868,48.094174367950494
52869,50.56793436052572
52870,48.932383253330606
52871,51.85525811847438
52872,50.93407926404221
52913,18.111378129810376
52914,16.808372102438565
52915,16.550886418004097
52916,15.368747990168606
52917,16.28273171500367
52918,18.891121554365252
52919,21.400468278755522
52920,21.131490228696624
52921,29.75871740756447
52922,34.145282913944605
52923,7.5174576090969145
52924,21.22835615733457
52925,23.93926409261719
52926,24.604188337078064
52927,25.60490461806067
52928,32.09138573685754
52929,35.628954672025216
52930,35.106640160033336
52931,39.65154139403583
52932,41.44845267186122
52933,43.40965342440202
52934,46.46689288050416
52955,17.844335517008517
52956,38.13162865534402
52957,39.07125961067636
52958,42.019944928339896
52959,47.65311620724521
52960,47.150745225860966
52961,45.91496598980917
52962,47.03774857025557
52963,46.34970687385782
52964,48.815332162158114
52965,49.33721660600492
52966,51.47420215372801
52998,34.95590216485535
52999,35.90305888421509
53000,36.70060010445393
53001,42.68874254126774
53002,29.874241614986115
53003,29.797919755411634
53004,37.016053485723724
53005,39.62397274139989
53006,43.021901691851326
53007,43.36487936072329
53008,44.322922429100025
53009,46.476978565925165
53010,47.087491386035865
53011,47.28547605517587
53012,50.3929587197037
53013,58.82073759892815
53014,22.444712571532435
53015,23.689963462332948
53016,24.890995479490595
53017,26.87137590408731
53018,28.65491882927646
53019,27.99315303422089
53020,40.39555454586107
53021,44.742648143134375
53022,47.70577652150279
53023,49.128276953788905
53024,48.01848384134745
53025,49.43921798680667
53141,30.644271947340144
53142,30.33398521072583
53143,38.08130070241191
53144,39.69576748965942
53145,40.74606161304923
53150,9.598839236890699
53151,9.091601803659964
53152,12.432241471370228
53153,13.1252215370874
53154,13.09075156024595
53155,13.03012896105636
53156,14.641345419896279
53157,23.069581235424902
53158,34.378842878571426
53159,37.03925532895333
53160,38.024213173278476
53161,39.94093810700511
53162,26.096969953045605
53163,25.660177266158986
53164,28.917879505104818
53165,34.95798374862008
53166,27.171188763192422
53167,27.773831784299336
53168,28.29236816456014
53169,30.765986503268255
53170,30.42561944650009
53171,22.51890788985856
53172,29.758244730408382
53173,32.169145963893286
53174,32.556827754890236
53175,33.19891243878734
53176,32.912014269478945
53177,31.247241936924265
53178,32.69436182559028
53179,40.64136062095118
53180,42.290415455969175
53181,47.422698074751274
53182,57.25608235351014
53183,58.26731791982573
53184,57.145471197147955
53185,57.67001909107431
53186,59.7751365925948
53187,58.49730593629496
53193,29.307647053013135
53194,34.566510019378406
53195,35.333920472473324
53196,37.903804752295244
53197,38.077170276912604
53198,47.03573646129531
53199,53.032320954693375
53200,53.55032570356393
53244,30.759022045042446
53245,39.69267453329738
53246,39.21093887246844
53247,40.986261835647625
53248,45.942551647487356
53281,26.331540580611776
53282,24.763534257008935
53283,25.020858134426526
53284,24.802226830168927
53285,27.7508148592277
53291,36.15313889288112
53292,41.277954581650405
53293,46.206633288000255
53294,47.21576139208558
53295,49.11522084093636
53296,50.84298275258342
53297,55.75649022579911
53298,58.27934757913152
53299,61.69566026943295
53300,62.30439629046081
53301,61.51107493575803
53302,62.54920817306697
53318,37.71983458596324
53319,39.23986396513491
53320,46.54088076779736
53321,48.74903083824505
53322,53.79933444357243
53323,56.86717649782385
53324,57.60268830663634
53430,26.4196365593211
53431,30.97998347504181
53432,35.069283046271565
53433,36.60528897754979
53434,36.73534169543554
53435,37.27982208433244
53436,43.752521281594326
53437,45.02145296103464
53438,49.30062122208374
53439,48.90346310689369
53440,50.84279531782107
53441,51.3279419878068
53442,22.78104025789526
53443,28.600957744936917
53444,39.28825407161958
53445,36.59694244519477
53446,42.74670027437076
53447,48.868674606264186
53448,52.400697519800424
53449,54.16015134773004
53450,54.743990170319904
53451,58.645100434837204
53452,55.76733532979582
53453,56.07182507048711
53483,10.182294283185065
53484,25.598162798522797
53485,27.837459876487443
53486,30.566402702310103
53487,34.80380189297202
53488,38.066593250200825
53489,38.890331607397734
53490,46.301887449832314
53491,50.12529899265622
53492,51.49358813019977
53493,52.46844796700482
53494,54.227946675082734
53527,42.91687960976508
53528,44.66477161377019
53529,43.82868055785502
53530,44.68569722211762
53531,49.18914505571467
53544,27.322280546848813
53545,32.10329880306594
53546,35.159632678878744
53547,40.06655050280108
53589,48.72001233350988
53590,56.30736536111892
53591,57.775772653356945
53592,58.86607868094959
53593,60.09834869024507
53594,60.55775190354479
53595,60.308591213487524
53596,62.7684507926187
53597,65.49262132786968
53598,68.93300833594982
53599,68.62808311229624
53600,70.93378557238668
53651,38.64259906262312
53652,48.81804479442967
53653,53.630609579697364
53654,56.583043061221375
53655,55.63492615777467
53656,57.273846929076
53657,57.04810247670161
53658,60.25948591756221
53659,60.67044383961467
53660,62.719342919509224
53661,61.58006760005601
53662,64.35538915270328
53663,61.2516148420287
53664,62.479861877865794
53665,64.52323260379607
53666,65.22365237934616
53667,31.036053101760064
53668,32.172446004427265
53669,31.50056359474269
53670,33.25025468502137
53671,34.13643118915591
53672,37.0167434408946
53673,39.07730985722395
53674,39.217266674747776
53675,42.58615484229271
53676,52.1107383098431
53677,50.41324182822714
53678,54.893759599968234
53703,28.34950983927939
53704,31.21813663678691
53705,36.30131797802751
53706,43.77525773489188
53707,52.481408342899336
53720,4.2856817309550115
53721,4.758186013012186
53722,5.702073456017132
53723,12.346658224485738
53724,14.029890584033344
53725,14.827364410728668
53726,22.644525431799842
53727,24.73228773203137
53728,24.962858191690906
53729,28.068673680339067
53730,30.482815813517774
53731,34.31123447155771
53732,17.57829635905064
53733,23.32294326011016
53734,25.168216288499867
53735,27.66134016712619
53736,35.37243843960807
53737,36.67833001870033
53738,36.42846483638414
53739,39.072370189964765
53740,38.686343928833786
53741,39.471275134367254
53742,40.42449569676958
53743,40.90930124347216
53794,15.841796584339766
53795,16.929740683291925
53796,17.878069016248823
53797,27.19963782006354
53798,29.737145929133657
53936,35.848367765622605
53937,38.01646227628915
53938,44.86248254172688
53939,48.05680255067165
53940,54.63680867720726
53941,58.81303245880991
53942,60.78005143723761
53943,60.50804372227622
53944,61.185556414157936
53945,61.25253634944457
53946,61.5588404187175
53947,66.63084891217913
53954,3.176765352605684
53955,1.6398876667025457
53956,1.784278407468883
53957,4.62542839339949
53958,6.379553771228731
53971,28.11157975608942
53972,29.388491423646645
53973,31.441586740918133
53974,31.244716494963058
53975,31.980878201708524
54001,24.016647016872753
54002,24.313929708467086
54003,27.379354520091784
54004,38.47075242890505
54017,21.409968929119962
54018,25.864861683921223
54019,31.95677669822178
54020,33.7538635412073
54021,37.94849190702985
54022,37.42860685454848
54023,39.99703526659666
54024,42.228245565040915
54025,40.123789076355614
54089,38.06072776793483
54090,38.43235990558753
54091,39.5542234549443
54092,41.5148449655517
54093,44.86126942922171
54094,50.6048531207003
54095,55.36011948822514
54108,55.10949374811965
54109,56.556268461680745
54110,56.27901238005615
54111,56.898342051371564
54120,12.691299921490273
54121,9.982487507949758
54122,10.640228093660426
54123,12.498306028399877
54124,13.771805381610795
54125,17.671512929770675
54131,5.82134170238833
54132,6.0296246415621635
54133,6.629478760121894
54134,10.820140264043898
54135,12.136389947232857
54136,13.771795806544212
54137,14.650974280098156
54138,26.39383406420083
54139,27.88470316573602
54140,29.262840306238445
54162,22.7226463773812
54163,32.02263034823801
54164,38.17758627596761
54165,39.17686815584135
54178,3.4204997823762366
54179,2.286776385856075
54180,4.313731408598006
54181,7.039904747515875
54182,12.107684898130188
54183,14.419759439174433
54184,15.174090519355715
54185,14.836154676743035
54186,15.175224847444799
54187,21.43896128460619
54188,24.902627405526403
54189,26.61617076933089
54202,59.425235681330264
54203,68.20968393311777
54204,65.20248534220156
54205,66.34542962974288
54206,65.76254364276697
54207,67.40002591764477
54208,67.67119361118364
54209,68.95803343475824
54210,71.03490195762798
54246,8.191082432565384
54247,7.891094499776127
54248,9.470784260737936
54249,7.819466016276952
54250,12.986101383757692
54296,43.17448664938594
54297,45.269977499138676
54298,48.25889834055413
54299,51.42419525772219
54300,52.26024334625663
54301,54.70713353903232
54302,55.262045044145836
54303,55.47161415139709
54304,55.702394584780095
54305,59.34232162420269
54306,60.69485565499418
54307,62.452201236901765
54323,19.781574745308674
54324,18.160092078322485
54325,18.73863921095248
54326,18.751000320977962
54327,19.627931601204224
54328,18.583095326987063
54329,25.004420979459976
54330,26.827496890449684
54388,22.265235327749956
54389,30.68946485732222
54390,37.740596431238515
54391,44.01396543993543
54392,41.65214636044599
54475,5.087156805147393
54476,6.803318392887246
54477,9.906546903229264
54478,11.597506308052258
54479,13.050999229735806
54480,15.993095735239933
54481,17.373982541707573
54482,18.36034194161044
54483,18.267477963492865
54484,18.44119080964164
54485,20.171423148389856
54486,21.253482587971682
54493,32.69317458770099
54494,33.575888313526086
54495,32.5436603842735
54496,32.11045469314332
54549,14.603172418982322
54550,13.503389747199945
54551,16.41685507122787
54552,23.22679402412612
54553,25.67472674343785
54554,29.624581926319248
54555,33.06341879865985
54556,38.88163887079301
54557,40.61856521843349
54558,41.084941871561696
54559,41.398518296340946
54564,4.532749224508767
54565,4.838309659881853
54566,8.381685490141102
54567,11.03532741487322
54659,12.320278885462457
54660,16.49562947888139
54661,22.505811843938492
54662,24.319638616698477
54674,19.20309689036092
54675,24.539026332941294
54676,27.26523064130891
54677,29.100881220226515
54714,20.29955170139653
54715,20.747201158117868
54716,21.62037254306267
54717,26.61258488000076
54718,32.46497094929163
54728,29.938110502035098
54729,36.5161772795864
54730,36.68165238451015
54731,37.92201578401672
54732,40.409680551285476
54785,21.937446283432692
54786,30.68927473738186
54787,38.11968661166809
54788,35.13048633323219
54789,36.99033333547124
54790,39.905030218187164
54791,16.209384123841208
54792,14.485720800239157
54793,16.44176514115317
54794,19.031598414511567
54795,23.764058217623074
54796,26.40168541287697
54797,28.66122742976561
54798,33.859813779173685
54799,34.89384303603407
54800,39.91840576437443
54801,40.96501096095914
54802,41.66918065789505
54851,26.595872863491085
54852,25.850362281774
54853,30.467125818901117
54854,32.93674374174941
54935,30.84351851434049
54936,39.851889918046254
54937,49.9529760269779
54938,51.25887565467537
54953,55.94089387934323
54954,69.45619992089375
54955,67.34986463079991
54956,67.2184319664578
54957,64.52109359112288
54958,67.79799452136231
54959,65.88344465699464
54960,65.73923968585198
54961,67.3066212597286
54962,68.79104501461971
54963,68.5667044532591
54964,66.79509365146563
55017,38.83653108441886
55018,44.26421952151396
55019,40.48162448924189
55020,42.017801092810075
55021,40.80898538208155
55022,45.36581403697867
55023,46.710144557074976
55024,47.77867338004672
55025,49.948529088222465
55026,47.21627116889686
55027,48.47281216860241
55028,50.84179909795729
55041,31.339041330588756
55042,28.044073903544653
55043,30.428261148029975
55044,38.61611754133599
55045,44.86992742252958
55046,45.1181387494619
55047,46.50750574724953
55048,50.53293497448679
55049,47.22184357729357
55050,50.446864268886564
55051,51.13891190778677
55052,52.27851353279409
55060,43.50094953094036
55061,45.98280153563911
55062,47.03734120165001
55063,52.61989974121934
55095,35.68212877135516
55096,38.996720972329925
55097,41.20841761902715
55098,50.835701005535704
55127,31.605209012507398
55128,31.57145451971595
55129,30.720285417075214
55130,30.556058236399828
55131,32.68127690774423
55132,33.26693696804591
55133,33.70287912738606
55134,36.81509279148852
55135,43.591150059406765
55136,46.352616505714
55137,51.27417097648469
55138,52.16367795927133
55179,20.558643196299286
55180,30.27524050677308
55181,33.82431127488323
55182,35.89926153767024
55183,39.057203700380775
55184,40.03954218894792
55185,45.8395175290254
55186,49.068271556075715
55187,47.80886069999089
55188,49.11285696298603
55189,49.65892688106912
55190,50.62867940502898
55191,51.199183598314846
55192,51.98724872734783
55193,52.31858825008438
55194,54.082266524385176
55220,12.772046381595116
55221,16.448909547420243
55222,18.523059958247476
55223,24.433498659069727
55224,27.611567359987383
55225,31.801274905432848
55226,32.53394384662522
55227,34.09548153611532
55228,36.14646158742703
55229,41.12527560790973
55230,42.04506282050451
55231,42.313475854463306
55261,9.071379718798843
55262,11.154947181787916
55263,12.724096392096786
55264,13.248412942469663
55265,13.661082796738825
55266,16.172088631066636
55279,41.05031341435379
55280,44.729799992726456
55281,48.42578174023702
55282,51.109779934931694
55283,53.10087430905663
55284,56.101763832957694
55285,58.96223709964449
55286,62.14986781367376
55287,62.6474017663784
55288,64.12365664605377
55289,63.37114182101924
55290,63.42784078189475
55349,54.15213704134068
55350,53.586348912236126
55351,57.53647143795552
55352,58.92652040208388
55353,58.27008906090841
55354,60.271522492807435
55355,62.298243889718435
55356,63.20119829564453
55357,64.55324508223165
55358,67.11647943884066
55359,68.94219364106182
55360,67.78259529957116
55517,10.474570678589247
55518,20.020152832999226
55519,21.501747286522836
55520,21.431390211200164
55521,21.59379646311423
55522,21.22874186545123
55523,21.259977816493322
55524,21.52473616454252
55525,25.105738947903365
55548,27.33764635365072
55549,26.13495108597936
55550,25.130870755034124
55551,25.74103106356586
