Index,target
66,9.575220276784655
67,10.994175483566814
68,12.983678679780242
69,13.402011936275601
70,13.574578743872744
71,16.287299622070833
72,39.081395562912974
73,44.352232431057786
74,40.33263718268125
75,48.8168468772738
76,48.63493740587172
77,49.17963257087331
141,49.24892659469903
142,48.480139760118114
143,49.643231986124285
144,50.81630216202104
217,48.772207556861844
218,57.007733622175564
219,58.725738387890104
220,61.232585164130214
221,62.639575785300906
222,64.44077452497388
223,21.451003700784632
224,25.585812819314636
225,33.08744121011048
226,34.48263918421893
227,37.4550786663821
228,37.18099638155464
229,40.231200335236984
230,42.16234944448643
231,40.63205106646672
232,17.292957368584975
233,16.09524600876802
234,19.865921197335823
235,24.31507395771579
236,31.66975767668948
237,34.227271915489865
238,37.249025951361
239,40.72370669543258
240,44.083684187448355
241,40.86280219844907
242,29.610494399372513
243,26.700094683555513
244,31.577689036203534
423,35.201080175390594
424,39.718778157601015
425,41.55589815484483
426,44.470961478934484
427,46.59246434578883
428,44.80746667334644
429,46.78886643912191
430,47.0610108761958
431,53.714292316017705
432,23.740062814591752
433,23.675838604091783
434,22.720461948408722
447,24.60983321396986
448,26.31333037692602
449,26.93071834240164
450,28.598315034587603
519,28.395101409646827
520,32.97415384938401
521,30.60169327473118
522,40.308508063874676
554,39.125540453067366
555,41.05461405810867
556,46.681750590395254
557,36.65776905537995
558,36.291644946099396
559,35.79289764360468
560,36.790778686590365
561,32.15362940204087
562,32.04758835480265
563,37.095315294853975
585,36.496437134446865
586,44.59408412065195
587,49.466637093256985
588,53.06046831744442
589,43.53699855736414
590,52.72189092994662
591,59.43587612012294
592,61.53217863453849
593,18.710727654571624
594,26.84176206000306
595,30.487951690243275
596,30.787257377878998
606,30.837868155744818
607,32.970118744807515
608,37.422252436524616
609,40.31040643304828
610,43.68125093571211
611,4.882176563385131
612,3.3670321205952423
613,2.6209759470207636
614,5.511714873219048
615,8.349730268365859
616,12.636119959585637
617,13.013174852970124
618,13.464284237691063
619,11.313210394638576
620,12.75823429648372
621,14.774241354075823
622,16.032795761722195
623,16.51589784490496
624,23.98866086629553
625,26.01690116445212
626,29.00152954930081
638,32.62194695037603
639,32.29111946738691
640,32.224127093457454
641,34.13845610910423
713,22.011928469472803
714,21.266017743371382
715,22.181363449493777
716,24.732892113656053
717,22.721420791391246
718,25.76876301498365
719,29.062786812935993
720,30.990990108770987
721,27.083829392257957
722,39.629536463207124
723,46.2605176963214
724,48.97443241634537
731,52.63237582400752
732,55.30243688795061
733,57.80633211308492
734,55.22295794095304
735,57.83019514588039
736,58.190562374288504
737,56.96552499605471
738,28.50486587319291
739,30.646187152965418
740,35.268782204585854
741,37.444546817980275
742,40.66726528186138
759,47.70014081348527
760,46.79892435347758
761,51.55008971554395
762,55.33278999506502
763,57.428871800836546
770,57.73585606434389
771,60.201678769178535
772,13.218370605575585
773,14.321362277066346
774,14.340229335573692
775,17.531528598866178
776,21.10616872664756
777,24.13103874471955
778,26.39234075722407
779,30.337799253281492
780,35.4213688489457
781,33.47949689465204
782,36.49779171563048
783,39.85915627703235
784,20.5689630960826
785,26.48965777747254
786,29.962936652611013
787,30.94901865081149
788,35.08199664965845
789,45.91926877772173
790,52.846166449847324
791,22.814792825730496
792,23.650731418483836
822,24.632524143752736
823,31.25642769189262
824,36.15362165907482
825,37.28612266084315
826,28.57414825785514
839,29.688864763413616
840,37.68242382663041
841,47.592509362371736
842,51.01044782898932
843,53.48281318650868
844,55.9814145084684
845,57.90017168620455
846,58.73264606572729
847,61.12930409983137
848,61.57418881739107
849,31.757098076680766
850,30.349113377974806
911,29.35862278182975
912,29.33519835994566
913,29.780652442978067
914,29.76993008097578
915,31.867798901860866
916,35.50261399019627
917,38.6802851913457
918,41.88108147819383
919,47.56155606335458
920,47.867337098219686
921,32.516187565274876
922,33.24459270202319
944,42.259998390370306
945,40.970453290034236
946,32.298495255588875
947,33.18047719937685
948,37.01472638103389
949,38.12721370866962
959,20.315032091717434
960,25.543849906790488
961,28.767995629425446
962,38.121113053366166
963,47.32490904188575
964,49.776441656263856
965,51.97962672679857
966,53.39056982669468
967,51.19156836172826
968,54.289114022722075
969,55.789908498155484
970,58.80928971764486
1097,26.844520244095428
1098,29.93729499687466
1099,30.00896781258277
1100,30.772250048438256
1101,30.149390958787944
1102,30.084437207183477
1103,30.820666653122224
1133,36.050500252268414
1134,38.5874962857719
1135,42.547383379635676
1136,44.21302400078192
1137,44.6002997905287
1138,45.080618431358474
1139,45.378480436523205
1140,45.670460789707455
1141,51.13966561468632
1142,58.74362664341864
1143,22.515793976326215
1156,29.832148896110155
1157,31.643614624832647
1158,32.95010811268405
1159,32.61141108571899
1271,38.05276424446259
1272,43.98986802891822
1273,39.45966934046579
1274,48.39817923173028
1275,45.6818582702001
1276,48.957218112209105
1277,51.21463453017111
1278,49.78082940050955
1279,51.656683739446336
1280,54.221233569857176
1281,58.97064908727947
1282,60.231789373765835
1294,27.41417362454231
1295,27.5235748246232
1296,35.741526352070395
1297,38.976457172312905
1298,40.82578306830961
1299,44.19951796648362
1300,41.60251717488915
1301,58.84989752670336
1302,58.99020729266178
1303,59.189599634628344
1304,61.19805265408618
1305,61.38207479322011
1318,61.12819607944522
1319,63.494095616485524
1320,61.33726924703784
1321,61.79405240420176
1322,61.71082529720259
1323,64.24524298739753
1324,65.27801069545698
1325,51.78939981514623
1326,52.291601572643984
1327,54.15139125679054
1328,53.398646581196026
1329,58.53847028791087
1443,58.52424063761965
1444,62.71622142763115
1445,63.77328421995141
1446,67.94780170863805
1447,67.61314224369549
1448,67.9403726647635
1449,68.30322435522645
1450,3.5849920668152997
1451,2.156049727135978
1452,2.816773484024608
1453,4.209180572598444
1491,12.417274230702752
1492,14.910426200789443
1493,17.533475946009606
1494,18.45029509847061
1495,19.06970311809125
1496,22.949289861107836
1497,24.79633770019807
1498,26.063560818304552
1499,37.29867243429878
1500,36.97324699365275
1501,38.69486377763768
1502,45.91521219674012
1540,50.025396451828506
1541,44.408671131410195
1542,58.041276918689825
1543,62.51058020218092
1544,64.62102025750988
1545,17.292957368584975
1546,20.247084183676357
1547,20.58268905749606
1548,25.035465741720156
1549,27.419761302345552
1550,27.241966824259052
1551,29.138307860593923
1682,39.58518606202167
1683,36.84367589010818
1684,40.005578944000696
1685,36.88418167013807
1686,40.91817296718196
1687,46.09980091911294
1688,50.95404134911644
1689,38.86989185727445
1690,46.235228041528906
1691,50.72476994092906
1692,53.268451446886615
1693,54.606722522726834
1788,43.09919645881827
1789,45.71139820042229
1790,52.029087557309836
1791,49.8687329645963
1792,54.84443309991275
1793,53.9799748220243
1794,61.67544275428243
1795,57.920489663366
1796,57.838722494219006
1797,57.50796089784615
1798,61.92083494308142
1799,63.69193379776498
1823,9.998093808964299
1824,10.368609812347414
1825,10.559841074805163
1826,11.70226240535801
1827,19.334900603359383
1828,25.257968494360252
1829,26.89934600319933
1830,26.527477992213548
1831,33.43744805604388
1832,33.76266497637002
1833,34.11985273142748
1834,36.37469472716431
1835,39.38742400425657
1836,41.79525133424322
1837,43.06174409927663
1838,44.09981382936547
1839,10.278327825261446
1888,12.815501492412324
1889,13.362450114759344
1890,32.48462050961829
1891,52.784917530810525
1892,56.08121057464907
1893,63.27439636889665
1894,64.79962558301102
1895,33.69744547442835
1896,37.05565609303255
1897,41.12077297849057
1898,43.30608987407989
1899,46.69831983060843
1900,16.966730555204222
1901,17.47015007122069
1902,19.389916742777675
1903,20.147310830518446
1921,29.543461005308735
1922,34.27948369239216
1923,33.47632592165963
1924,35.12842158844695
1925,40.60993118899946
1926,43.82884993057586
1927,46.16892030180125
1928,47.208984668056296
1929,13.35209248516801
2057,11.227735089277282
2058,16.53915596225038
2059,18.84003866505074
2060,21.874344070015557
2061,22.995871048070917
2062,25.066739839700883
2063,29.854859599332944
2064,34.67631597932455
2065,27.110247113250864
2066,24.113139682470216
2067,22.80711199970191
2068,22.694457368164098
2139,28.86357183862491
2140,31.815701552165727
2141,36.2555776616412
2142,36.30021629136757
2218,37.30631441972453
2219,40.39840649345867
2220,40.88428909005741
2221,42.361945544513446
2222,17.12756463025001
2223,22.57205436604746
2224,23.51527158862217
2225,25.55366517155133
2226,28.11474740603888
2227,34.02482630879381
2255,38.39808934242692
2256,39.522169709396856
2257,41.24027817519542
2258,41.79990168855124
2259,44.31684357435918
2260,47.67910429552577
2261,50.917765898450206
2262,51.828409438663975
2263,54.63519948038243
2264,56.75658075700548
2265,15.822553120886145
2266,14.655568757754049
2271,29.27952007181189
2272,32.73004448103056
2273,28.609173201712952
2274,26.478777639502045
2287,27.332943872105762
2288,28.84266043789525
2289,29.321219312487646
2290,40.62642994181993
2336,44.58953195398576
2337,40.821964992215605
2338,46.83591577521784
2339,46.679473785548716
2340,47.29467143310721
2341,48.48582004062382
2342,48.27943285869012
2343,48.287799210474134
2344,47.03131774599667
2345,48.46963105094894
2346,52.07710830878545
2347,53.75591957246279
2413,54.832594048324886
2414,54.01479198127128
2415,55.44715312586796
2416,49.19911030539658
2417,50.27158969029943
2418,55.782966641369846
2419,54.07094297397597
2420,60.031155014481755
2437,63.51186567998395
2438,61.6433507317818
2439,61.34259561231569
2440,63.73008472355653
2479,64.75082570880916
2480,68.14086159272252
2481,71.72850934730974
2482,19.760855057620603
2483,21.78691012484693
2484,22.950846945329307
2485,22.781674484763226
2486,24.793145541697584
2487,30.018773025664313
2488,30.907152380018236
2489,39.908532956517156
2490,38.525950185680784
2491,37.08444091878673
2492,41.624394742749374
2493,53.43897327472034
2494,38.57079133500861
2535,41.28293551730218
2536,39.51360313531869
2537,39.62392769619392
2538,42.18569437282111
2539,42.30258433027022
2557,41.34272192442483
2558,45.90331849885384
2559,46.58423325724148
2560,45.62416845425964
2561,45.91453525583678
2562,46.44038858379404
2563,34.109371577124
2564,33.63266461652366
2565,34.38720959024046
2566,34.12198249611785
2567,36.18193802018333
2568,34.057491855987955
2573,33.75882444827185
2574,42.424254958832705
2575,48.353846853887944
2576,47.02047791121424
2577,50.06890194123635
2578,53.470847357198075
2579,17.756344455345406
2580,16.479559407457916
2581,15.922011372687622
2582,15.01479836804752
2583,32.087876677267026
2584,36.393387650115
2585,36.81317799099508
2586,34.520488709549056
2587,37.62681522319825
2588,37.86080248065017
2589,40.322286915853354
2590,46.680120229180446
2591,52.80118180897294
2592,50.30858088145139
2593,54.07102877985407
2594,58.36297827568363
2595,3.4415084883872407
2596,23.505036961477504
2597,26.815657309060654
2598,29.166715165911135
2599,34.71484127617424
2600,36.8478527715651
2601,38.888330210602234
2602,39.72911282362451
2603,46.48961964241541
2604,54.279687627364346
2605,47.7167911141063
2606,52.80569316960769
2607,30.648081340655075
2608,50.610195336560075
2609,52.23772494919647
2610,56.16690576700795
2632,53.28781580187198
2633,53.73427750627761
2634,59.08214167655839
2635,60.032008856650094
2636,62.329016450659765
2637,63.28790023628273
2638,64.87331476168907
2639,19.28953647882186
2640,20.049323196715413
2641,22.270828812774543
2642,26.836826617332306
2643,30.525015075808902
2644,31.466310249348982
2645,32.13230540472125
2646,33.879327003777995
2647,37.89193169759201
2672,40.15274828639029
2673,38.19063948473691
2674,39.18979046413855
2675,16.94676447205524
2676,15.608151283832836
2677,19.119024053409372
2678,21.7655192971333
2679,45.30597420354214
2680,49.43857794412331
2830,54.26057227399625
2831,55.59528183552037
2832,45.45893609003255
2833,48.06601756434107
2834,47.742345240151494
2903,51.48858700222294
2904,54.33505690418299
2905,54.801722255282606
2906,55.17728557857059
2955,54.15115007834123
2956,56.3793212267562
2957,58.87725417129346
2958,61.39595882958554
2959,64.45006390209042
2960,32.672781168508806
2961,32.59571322872104
2962,41.37744285955141
2963,44.77617629288812
2964,47.145695115055176
2965,47.314110541137104
2966,48.33583053518765
2967,49.93786656035385
2968,54.45542825428588
2969,56.37864599753251
2970,59.80360998611321
2971,60.57335888250499
2972,55.874422145900425
2973,61.993549390171474
2974,65.7109595817973
2975,64.5925505701432
3006,67.35549889333517
3007,66.74703477205544
3008,68.70966453230068
3009,68.95674440836419
3010,74.90576979628632
3011,87.11963746438474
3012,87.56251842193153
3013,89.51792119955175
3014,9.577777669984268
3031,15.041805977879045
3032,17.189945537956437
3033,17.12673210517086
3034,17.59030760316873
3035,18.662058183271075
3036,31.97977256651569
3037,36.32757972658408
3038,35.93356139374661
3167,38.31849305516209
3168,38.57038372459776
3169,41.64654901745741
3170,29.97182993778476
3175,35.174629407031624
3176,37.60741132691095
3177,43.6479525451962
3178,28.03789090750505
3179,30.378324880612425
3180,33.666927278028446
3181,34.88871587080746
3182,38.36672596019132
3183,44.36680475892335
3184,40.76173329006519
3185,42.002589852285375
3186,42.60848373073883
3192,46.73881502157908
3193,47.45298380724082
3194,46.83907596684097
3195,34.1630580134604
3196,39.15635714734244
3197,39.465163542151146
3198,39.967124749498865
3199,39.07321277415278
3200,38.15522201049591
3201,42.85596535918545
3202,51.022211694971325
3203,48.57873776231104
3204,49.93274422001099
3293,48.21405243159835
3294,48.19300734959203
3295,62.08802789400508
3296,61.9616676944882
3297,63.04283804640226
3298,65.88896057657804
3299,69.04563537926214
3300,70.58788603937303
3301,72.71536709734995
3302,74.02988039913619
3303,75.66050644027413
3304,75.4894285898877
3305,85.69374977487239
3306,88.41022054401832
3307,3.952972453603547
3308,3.7912922073529622
3309,6.391199990598961
3310,36.22285538948763
3311,18.556521285622377
3312,21.266029617810293
3313,24.031680904516104
3334,29.454024415290103
3335,34.5850750902208
3336,34.54654953750903
3337,36.48639526260618
3338,37.06749928875578
3339,39.81427503936717
3340,43.27385083649212
3341,44.56562298578936
3342,42.934856303798064
3343,30.13023477744984
3344,36.22218229224503
3345,38.220299999677906
3346,49.977327543055154
3347,53.34434422397086
3348,60.37360433424947
3361,62.85989937968358
3362,65.66283240163746
3363,65.9190408184882
3364,65.76214576277623
3393,67.15626637860291
3394,67.3046972844823
3395,17.675319317019948
3396,16.69626959410219
3425,16.494608514572203
3426,15.186515963822503
3427,16.000967278128034
3428,19.115166407309307
3429,20.88481697530472
3430,21.25878275252876
3431,29.053275622749517
3432,33.569433525958765
3472,33.38739228279384
3473,32.90048109747061
3474,33.152030347774414
3475,34.92345990504621
3476,35.867241229709606
3477,3.035085045032597
3478,1.6041455124609791
3479,1.562251985343576
3480,1.562251985343576
3481,5.037509197970166
3482,9.123880473498984
3483,12.262221027166332
3521,13.062743265340899
3522,13.202513573465836
3523,13.144727152019442
3524,16.355165893787937
3583,25.702162539211017
3584,42.88510852202861
3585,48.23904467759589
3586,48.38257794434516
3587,52.42906232685642
3588,41.85789189392216
3589,42.85922983934924
3590,44.714096537312436
3591,46.26926702935488
3592,17.8292329720667
3593,16.07055328287012
3594,15.876651736591308
3595,15.965557938413621
3596,21.766044683523482
3597,22.921326941071335
3598,24.77503028935947
3599,25.938139441674302
3600,33.27145365023917
3601,36.26851968591551
3602,39.559686199939364
3603,40.62542670070837
3604,12.924853570231612
3605,8.283559898781354
3606,10.343471374293548
3607,13.722063244169846
3608,14.78069999264633
3609,17.04891391729208
3610,20.15089879602169
3644,19.40754965764472
3645,23.59998679133637
3646,25.739655287923835
3647,29.57803632870515
3648,33.78653830480655
3649,24.23701309970522
3650,29.156814962140242
3651,30.45591770644425
3652,32.235382989309564
3653,3.51908321735183
3654,1.7494130248982542
3655,1.7494130248982542
3812,2.0865981781051275
3813,3.990839778438622
3814,5.666708330613998
3815,8.100894591086652
3816,9.743894442309207
3817,15.696599597536858
3818,18.269311908178043
3819,18.79477161247898
3820,19.773651368208306
3821,29.66249006034017
3822,28.471397875529284
3823,41.521813349439
3824,47.647933339207334
3825,50.942609752877495
3826,56.006787568292935
3827,57.05328355071662
3828,57.299619211763606
3829,27.179890366403583
3886,36.09217750818245
3887,38.89506162147118
3888,37.32572601898095
3889,38.04461277351937
4051,41.75082744007181
4052,40.5984083764581
4053,42.397253134856925
4054,42.50015710088542
4055,49.655081128958244
4056,54.04725764518254
4057,57.22882214616678
4058,5.009809278557885
4059,5.882040995716971
4060,11.3965247759908
4061,14.396944936107587
4062,15.029750184974736
4128,15.315585493636684
4129,25.5433174506456
4130,19.89924035996664
4131,30.690551801219492
4132,33.85434588398719
4133,33.100354384289844
4134,32.82230331307082
4135,20.598779091553883
4136,22.19086876792684
4137,19.690722601167213
4176,20.114330129798777
4177,22.011928469472803
4178,23.291644903047224
4179,28.779830366805
4201,33.97004594776124
4202,34.811879629235925
4203,35.50709276585678
4204,35.17336452608362
4205,38.7366800767699
4206,40.00378369905241
4207,41.43432170824039
4228,43.245399442588045
4229,42.764682155178086
4230,13.262627240509554
4231,14.35912295570534
4232,16.438486414575024
4239,15.69536897913213
4240,16.147438022271857
4241,29.093718101019018
4242,33.326085142091635
4249,33.5292180761912
4250,35.350274329545286
4251,33.73927842908848
4252,36.02728342574806
4253,33.593066250335326
4254,17.861522844762703
4255,23.801775779396934
4256,31.738112673595342
4257,34.548838896547196
4258,7.908222898983877
4259,12.655491140899947
4260,21.87631216912443
4270,24.83773788657506
4271,25.15757576688123
4272,25.247679031038327
4273,52.377273368317915
4274,52.78280235078752
4275,53.1978448168365
4276,53.960881055297044
4277,54.964604794979664
4278,60.62569588380027
4279,62.97177047807116
4280,64.77075053356826
4281,63.90339575802561
4282,65.47934314908993
4283,16.08468995050219
4284,14.677164810637404
4285,14.430055556838907
4323,14.286264324427194
4324,17.411637837435993
4325,19.0057453277133
4326,18.977575199244164
4327,34.41118827980775
4328,44.683721334462874
4329,38.45073068164163
4330,48.72342932629228
4331,46.94713416804362
4332,2.978840635732969
4333,5.924832384695469
4362,10.527685767793525
4363,18.212087940939984
4364,21.073131199641274
4365,20.212836171479537
4366,23.924045607338844
4367,25.819655802718433
4368,27.549690923528043
4369,26.36731137045932
4370,34.525260323474015
4371,42.06349952281652
4399,42.167791039347556
4400,39.50942383519689
4401,40.22317749630686
4402,44.390214965485264
4403,32.493315957883084
4425,32.907570246537034
4426,38.997364617531105
4427,39.64525206510629
4428,8.334895808126175
4429,10.710842497040181
4430,20.782496933101886
4431,25.292601539974783
4432,39.71930688075699
4433,39.50076958287079
4434,41.86279492546201
4435,41.871462873449445
4484,43.55034767760656
4485,46.01502874078412
4486,47.295252331660905
4487,48.417559810945505
4545,47.112403491806276
4546,45.87583258081573
4547,51.052117073395195
4548,50.2281225269367
4549,18.66228160898294
4550,25.538403259878443
4551,26.52647058463645
4552,28.33006103791092
4553,22.80192816353644
4554,31.38469033958717
4555,39.10893089364429
4561,44.333143095983935
4562,44.50392698239723
4563,49.091417002382926
4564,52.06727681199019
4698,52.06355155049989
4699,27.110247113250864
4700,27.454055314690514
4701,30.419195804204897
4702,30.10998764255087
4703,33.520351361216974
4704,35.85059538589839
4705,10.118003259976124
4706,13.769867295195194
4707,19.1359889681149
4708,22.322593699337904
4785,25.546070481145943
4786,28.54430293626738
4787,30.838151507956056
4788,31.827772200506125
4828,32.77578916406415
4829,34.32158265457681
4830,34.63671068124395
4831,35.04239363161911
4832,18.66228160898294
4837,25.194032081941092
4838,26.693678693672183
4839,26.67232342844224
4840,21.885248189341954
4891,24.84669089092316
4892,31.27409134211446
4893,35.69305802458558
4894,55.07347435814799
4956,65.98755844708454
4957,68.66950721233776
4958,73.35075587083506
4959,72.25730460039364
4997,73.65290134850616
4998,71.79051774999802
4999,73.89428503000453
5000,74.10950091057957
5001,27.90154845061384
5002,27.035829117821308
5003,31.9131223595542
5004,34.65794203936271
5005,35.338042327222176
5006,40.423032199477554
5007,43.04460230087661
5008,47.41277285626626
5045,45.80152831223278
5046,48.89856842281791
5047,50.48866280957984
5048,53.200598588037856
5085,11.616725101348194
5086,13.838111046831306
5087,16.108735331112598
5088,25.137865883575707
5089,27.614943001232803
5090,30.375131197308097
5091,31.30308063922115
5092,32.04008273885967
5093,35.502068401613336
5094,35.73905111274417
5095,38.59497290076826
5096,40.59293757934978
5097,40.16328862632582
5098,46.89048906581533
5099,47.00281600106708
5100,46.07395045646628
5101,53.28268784464678
5102,55.6302916678486
5103,56.928184124077035
5104,56.38705937149895
5257,57.92775331943974
5258,58.26608359623477
5259,58.15376266354762
5260,57.856732468248175
5261,20.47746799914154
5262,32.001530732521196
5263,36.85215858405016
5264,37.668717022131645
5265,8.764434810986689
5266,29.165415157568027
5267,32.382226546915014
5268,33.07660485801495
5372,36.70364229220255
5373,35.57012429654461
5374,27.017843022189176
5375,36.2097095528308
5376,41.303047683498676
5377,42.541315626529325
5378,42.63766981236601
5379,42.374597669851916
5380,51.243064428732225
5381,53.9315276631355
5382,54.80695859639507
5383,58.72160854237366
5419,59.38555135787725
5420,61.79104426876793
5421,31.575927912405547
5422,28.85406421167029
5423,29.583507464137604
5424,29.19168240025275
5425,29.057896210682877
5426,35.81829348282408
5427,39.84626889524582
5428,41.27548270672283
5429,22.399783004316745
5438,33.196104143327524
5439,37.42389284397467
5440,40.8342754268685
5441,41.84605979793373
5454,40.5820621636993
5455,41.03995132332304
5456,44.63126615408081
5457,43.34877143457131
5458,47.96480021723621
5459,45.461592892948936
5460,45.96128119126823
5461,8.512608130585933
5494,10.090453102766398
5495,19.4599050671288
5496,23.25598610212995
5497,19.49967657138743
5498,17.37342535748474
5499,29.218580742444225
5500,34.73597454243403
5501,36.78967310172449
5629,38.828065572220275
5630,41.78112908789734
5631,42.33605337121782
5632,45.30720248969104
5633,45.981748188248005
5634,46.907133575503714
5635,46.98757154950672
5636,21.753838045308964
5637,24.825233196465287
5638,31.343269947252185
5639,32.90012931801041
5640,32.701799309273575
5641,32.16430954832039
5642,34.7215212409621
5643,40.81808562345493
5644,40.22080476229675
5645,44.63284395535653
5646,50.67891537456371
5647,53.51013439537137
5648,12.92987357193053
5649,16.510247320813548
5650,21.96852424519153
5651,25.101740653866084
5652,33.706782781962595
5653,50.569851363117
5666,53.78105925922212
5667,55.893569573622216
5668,57.221809282527545
5669,9.536226675672145
5670,7.095985540893608
5671,10.068815317272193
5672,23.677642656327127
5673,34.299958103358364
5674,37.22834365442683
5675,44.34418545573433
5676,47.24036750843421
5677,47.80551568695246
5732,44.67919984045588
5733,45.74247310388182
5734,47.42067827386751
5735,54.536017326347555
5736,63.78239998363712
5737,64.22243924320206
5738,62.658134562278065
5739,64.73558055215784
5740,65.82187296186773
5741,8.925826306965186
5742,10.224596504612103
5743,16.28119887191919
5863,18.664558243803608
5864,3.5383345930080496
5865,12.228343042967511
5866,20.88620587023711
5867,22.49674412791115
5868,24.56437246235498
5869,25.579119058724366
5870,37.93495610503819
5871,40.25373509008873
5872,44.28093769182897
5873,42.89558814655964
5874,43.33616803992588
5907,45.80192303476093
5908,8.241581351990382
5909,7.954196754761831
5910,9.966457142958268
5911,8.677172077852438
5912,12.531903833629242
5913,17.775849649802655
5914,20.61285783266283
5915,26.41528996647813
5916,30.27511118936992
5917,33.8203359977871
5918,34.59180763730059
5940,37.45918314710773
5941,39.14408432603431
5942,38.95081325284447
5943,39.70243901468018
5944,39.99490354016689
5945,40.50265689156746
5946,12.770459371719312
5947,11.10451128084505
5948,13.455930329106067
5949,14.086488071695584
5950,14.168471958374127
5951,15.324534462962808
5952,17.394762821940038
5953,17.667110994363433
5954,21.856572974132447
5955,25.529229226216916
5980,27.862243805309316
5981,32.949009484768695
5982,43.70267252148766
5983,43.53517405248539
5984,40.51748215904514
5985,42.54009798691188
5986,45.59689365159155
5987,53.357160668044024
5988,55.16754349707616
5989,57.18615950426415
5990,58.14190446403807
5991,59.99027452203133
5992,61.6409376441207
5993,31.146037091708436
5994,29.763989398616264
5995,28.527598681268113
5996,30.626076750282785
6001,33.697053999943186
6002,24.211811652950228
6003,26.23057101706851
6004,28.49729331322659
6005,29.48055771183645
6006,32.60127609439682
6007,35.25817230343055
6008,36.16109654279348
6021,37.12907664592508
6022,47.34024171902012
6023,51.36086076567728
6024,54.93050412408076
6025,57.03753514311963
6026,32.85694117315994
6027,36.88334636461894
6028,38.79550408865863
6029,38.664807119496196
6030,44.158277507644115
6031,43.445306004841065
6032,51.14472109617027
6122,51.672159677946695
6123,53.95755283196681
6124,55.0162683028694
6125,54.28951856212209
6261,55.34678431817479
6262,55.28986593248376
6263,58.971239158018086
6264,65.08958526328401
6265,59.09784925314051
6266,12.8706768181004
6267,11.006798595944124
6268,18.5552006592767
6269,21.131928723858554
6270,40.11883978299859
6271,41.21724382441081
6272,42.49325222076168
6313,44.926201547221574
6314,18.349742242693814
6315,24.99049813649317
6316,27.079863433656726
6317,28.010519171445416
6318,30.521265413158275
6319,30.894918882823962
6320,31.971963412784714
6321,31.89432819058733
6322,34.217481072199064
6323,37.7857590318818
6324,38.144597215051824
6325,42.31820802780207
6326,10.460013523970234
6327,11.194158194503489
6328,13.548845558562455
6329,13.99672330378388
6330,46.3610104798543
6331,62.02520513444096
6332,69.57908453003034
6348,70.49347962835164
6349,13.599581208050232
6350,16.446409427616857
6351,18.809541577466295
6352,24.214188641303842
6353,26.279348986733577
6354,25.700011056426472
6355,33.184184940098646
6356,37.01607465949057
6357,41.843575652573165
6388,47.45838537615887
6389,47.86530550370906
6390,50.90013512779816
6391,3.6105894487356394
6392,7.859139889426862
6393,11.304845945258286
6394,10.293793289253863
6395,38.62563470518823
6396,48.511807098069255
6397,53.684289033934476
6398,54.03377054524352
6399,28.565897804388115
6462,33.10876476219103
6463,33.611210852046845
6464,46.806571128647015
6465,28.54342926428188
6486,27.49990650918623
6487,27.22867158417421
6488,38.54948086802913
6489,41.93641196235432
6490,42.413899248937454
6491,45.753193607191726
6492,46.985300402733564
6493,48.359248189471245
6494,51.33142911179112
6495,22.985943120036087
6496,22.57862541466517
6497,21.411211409563315
6538,24.649529805747036
6539,28.112095616958207
6540,37.425300117480596
6541,41.79281893220725
6558,43.117780415472865
6559,44.31989794963351
6560,45.048757777082365
6561,44.99098353936534
6562,46.21160027912974
6563,28.46175180473616
6564,27.787178094356218
6565,31.102869673825946
6566,34.95205365564813
6567,41.725216966498195
6568,3.634203594865973
6569,3.5965601592723058
6570,4.391730876007765
6571,8.466109666307569
6572,11.294145624139569
6573,11.532721729439743
6574,13.35371023148234
6575,20.93521215739463
6576,24.078952583760366
6577,24.11754877673664
6578,28.34727492553347
6579,19.305057282214495
6580,18.98936469913889
6581,19.744631630384514
6582,18.721061252415055
6603,19.28202053705128
6604,24.189399641198012
6605,27.858600791584127
6606,24.077484751921325
6607,29.7403420426502
6608,35.96419477876679
6609,42.679865352162615
6610,44.3933923642682
6611,45.519318517346946
6612,45.14425187177195
6613,48.81394979318421
6614,49.450714386343094
6643,55.94646861444209
6644,60.2520966185168
6645,63.5966478227323
6646,10.354636382507584
6647,9.176787432621017
6648,12.888569423172806
6649,14.140157482369561
6650,16.248058735831567
6651,18.71661993426159
6652,19.090381388861363
6653,20.823493665506106
6654,20.75869189279577
6663,24.47253268561556
6664,31.01530799775379
6665,36.0383470122555
6666,24.069873434322087
6667,31.61623050380513
6668,38.75277626292349
6669,40.75178219693318
6670,31.14055649630739
6671,42.608930969433324
6672,48.7807142082728
6673,50.00256435374729
6674,9.46081388752051
6675,7.881937727803184
6676,7.172500675569843
6677,8.51322885530631
6678,21.975750727903176
6753,20.17309904798138
6754,19.51447832659964
6755,21.38241846545823
6756,21.272525907554428
6757,30.56137245896079
6758,32.65021084317427
6759,37.04032586333528
6760,37.39182198982636
6768,38.65866204621848
6769,38.80537345675345
6770,42.6571262903883
6771,20.380512035423976
6772,19.98208959555416
6773,27.132812396585756
6774,30.184453714684842
6775,13.354946923862034
6776,14.962352657259819
6777,26.628058007718025
6778,32.29367634396593
6779,33.906086363373625
6788,35.81703188530901
6789,35.61299847551935
6790,38.39497482642001
6791,36.54937721667204
6792,39.159516966083274
6793,41.62208664222131
6794,40.20937571338209
6795,10.373911897410252
6796,11.037417368947184
6797,13.208395168551926
6798,18.19917402472052
6799,23.260482256265206
6842,12.523487139744212
6843,18.2817434091796
6844,18.643082973421503
6845,18.457540893338805
6846,18.914078523392735
6895,20.905107131011146
6896,27.28591492629416
6897,30.6920502630149
6898,23.32494486425986
6899,24.338539857512014
6900,28.394471802455424
6901,31.188813752618316
6902,36.59137274070196
6903,37.635738648087184
6904,41.50054559670844
6905,44.07663182261301
6906,45.48635383448049
6907,48.04268340452416
6908,50.66978222380539
6909,4.706878432213468
6910,4.203824872782768
6956,5.746474063393612
6957,7.956283768288215
6958,11.371331303368969
6959,13.826951566168482
6960,15.570554350565242
6961,17.038981610068713
6962,16.77703262673598
6963,23.411130181365202
6972,26.44033279896081
6973,27.266403303427456
6974,38.21188319577983
6975,45.2709880777025
6976,47.20525779200104
6977,50.6274813609367
6978,51.153191108673816
6979,53.33959446378106
6980,56.67094851193648
6981,58.889953931986454
6982,61.92250086860427
6983,32.153693272941574
7052,33.564705479793844
7053,33.80770600403576
7054,54.26711575414648
7055,58.70529708487458
7084,61.16092380673219
7085,61.2589221694079
7086,61.73571447214415
7087,4.367741200106568
7088,27.791924856912413
7089,31.810612433082447
7090,32.19438474174565
7091,33.44790602741188
7092,28.757867758740254
7093,31.360182918093386
7094,38.38188580764471
7095,41.31675069335678
7096,48.54260178576308
7097,25.927207789869435
7098,32.516951907370085
7099,37.33750097449717
7100,37.71108104931262
7101,5.319006225641139
7102,13.263757854915
7103,16.260466967256274
7104,16.785057129078048
7121,21.72550073498593
7122,24.614546750458466
7123,26.4492209358454
7124,27.172935117288226
7134,30.056139603231596
7135,34.837804145806935
7136,43.89942222376409
7137,46.992169840391014
7199,24.031391865625025
7200,23.550180275202486
7201,22.72846475305503
7202,33.409107651819255
7203,38.95424164944121
7204,39.16337616213079
7205,38.75125344521012
7206,38.235656145081
7207,37.787131227722625
7208,37.41106219669136
7209,37.822882884930785
7210,38.700636693777895
7279,51.4784418173255
7280,52.52896437887607
7281,53.22039911238853
7282,55.607272014460555
7287,61.16053717532968
7288,62.39582132468121
7289,47.74413811008175
7290,49.395990822185375
7291,50.39626016554093
7292,50.796285623148336
7293,41.36936277927012
7294,50.52365087152102
7295,51.90216719178122
7296,55.28843352200511
7297,56.97041442886745
7298,57.67850821175403
7371,58.880592742716715
7372,60.19348752059532
7373,61.459386909425604
7374,63.000087605501115
7375,62.493745693242225
7376,62.43912759103181
7377,25.492333603061684
7378,33.28985761570576
7379,42.16576116638852
7380,49.39075845138453
7381,52.30279229349781
7382,57.96359960441398
7510,28.30292634383378
7511,27.422312704787903
7512,29.032161304710915
7513,31.274923861938642
7514,32.854721160219135
7551,34.7291368418592
7552,34.32053912717193
7553,36.15844164473081
7554,35.58438054204064
7590,47.93891537716877
7591,56.9618994010609
7592,58.59071353892619
7593,18.420040954188813
7594,25.463468568819007
7595,26.860831814795894
7596,30.36666297932584
7597,31.377615660588265
7629,20.641254294952173
7630,24.976986154919906
7631,27.182384029624387
7632,29.010596909071577
7633,29.404427387035728
7634,33.638791994295836
7639,36.21884734337909
7640,42.074951502585556
7641,48.36240509775585
7642,47.825269080151735
7643,51.51399456263342
7644,50.84452743651939
7645,43.17971801456127
7646,45.73842441986876
7647,46.888293192871764
7648,52.207021200727795
7649,17.45773333661302
7650,16.460809852671012
7651,16.06044889190728
7652,15.879411813180049
7653,16.526856967185683
7654,24.458615964998366
7655,29.95612799781401
7656,29.751974078192866
7657,31.602424282253804
7658,34.4356499372452
7659,40.51193026710243
7690,44.72037404579743
7691,55.71924018152732
7692,55.52249218247025
7693,58.03330818684319
7694,60.17193104189312
7695,58.000146916157576
7696,57.735571948511556
7697,59.23195354068344
7698,62.24883839657328
7699,60.77874888332494
7700,62.127888234424816
7701,61.95567077539697
7734,63.3805774866039
7735,57.375722568432444
7736,57.03976427717914
7737,65.29252628229473
7738,65.5617827763897
7739,67.98459877637056
7740,66.26776029115739
7749,66.73898864816506
7750,66.91855075491428
7751,68.40236753545602
7752,69.82852563085784
7753,70.99703889485573
7754,72.19943770366548
7783,18.66228160898294
7784,21.884653757947234
7785,24.02557662351793
7786,24.766034825486337
7787,26.597641832450414
7788,27.69318821024924
7789,29.470552654394083
7790,34.236940544246124
7791,38.01342344331751
7810,40.89076759946963
7811,44.39828819122072
7812,47.798764947688
7813,2.926684825591027
7814,1.3630178600004912
7815,3.0317515617538224
7816,5.8592212756999
7817,10.219014543998217
7818,26.223260072752243
7842,30.130258223534643
7843,37.030998627963854
7844,38.535500999085784
7845,42.746143130800505
7878,40.77870211667955
7879,43.76860098873625
7880,43.19162089969619
7881,50.74121226323089
7882,54.67896588512342
7883,55.20888369426839
7884,38.721924596457576
7885,41.65127509363827
7886,43.47101227662862
7887,47.1007625247294
7888,48.76565260987897
7889,49.65676366164207
7895,50.5023080470333
7896,51.31611584344446
7897,53.533014569798866
7898,57.571598473415015
7899,58.86259616602586
7912,61.26784912567225
7913,28.521179905494535
7914,38.13697608687052
7915,40.08372785720894
7916,43.45860523623774
7917,16.872128293809983
7918,14.301087074352813
7919,16.668226437685608
7920,18.92730211722881
7921,23.494230726897147
7922,27.81734335910567
7923,30.192199273498485
7957,35.12423995285038
7958,35.726823331388374
7959,38.48942831532294
7960,39.31015650867079
7961,41.73823504624549
7962,37.726017823252924
7963,39.179825356109575
7964,40.27074829903533
7965,41.29543503539767
7966,13.566342746280744
7967,13.064173325157967
7968,9.692052990807298
7969,11.812402343525962
7970,28.73211230981573
7971,32.07417590232667
7972,36.096106306582016
7973,42.554623386437406
7974,47.2985647772177
7975,46.3224816635529
7976,33.71231512760097
7983,32.18387923679387
7984,33.23605686683607
7985,38.042931053691625
7986,39.677934274729665
8027,38.14662406445463
8028,40.93020177457816
8029,27.41654229049766
8030,28.071436579421
8031,27.28898783843401
8032,31.053613905029376
8033,34.96349948345976
8034,34.284510629246945
8035,43.92026858405497
8036,43.389661933365204
8037,44.982536515693845
8038,47.04374424794352
8101,50.70238522166843
8102,50.32315428788432
8103,58.28888686886789
8104,60.18927904430746
8105,60.12621168302871
8106,60.8580165804902
8107,58.350362005573935
8108,60.18385466220227
8126,61.2177886972317
8127,60.18478277151442
8128,28.896824294403647
8129,35.789790750521284
8139,35.48360860592795
8140,36.7794388949087
8141,3.0062272317632317
8142,15.797605328250006
8143,17.738577887838225
8144,18.124951422035764
8145,21.60383249163929
8146,24.864362058974482
8147,26.859818929936207
8148,29.280325987220202
8149,30.493202073644067
8150,36.27740851588689
8151,35.60005724985659
8152,37.65216969537116
8153,24.342595840835358
8154,37.300225379513726
8162,37.406668495644865
8163,37.16425726553209
8164,19.134240376799166
8165,24.547605917813442
8166,27.29718457414895
8167,28.32478847162149
8168,19.67184230831919
8169,19.147522348608714
8170,19.90278927985434
8171,24.683224122420306
8172,27.986202894248922
8173,29.563309577203377
8203,33.92903289649555
8204,39.392949089578764
8205,43.22546929529019
8206,42.62485247599321
8207,16.53803011701401
8208,25.16401572442552
8209,31.076674058858384
8210,33.25627268977042
8211,27.018792851805845
8212,30.41082258968484
8213,31.62767334938176
8214,37.80143069763133
8215,46.92081866408342
8216,51.11021039310313
8217,56.634295780195735
8218,59.90908778961209
8219,59.76989634530979
8220,60.44079342961653
8221,61.15539552843902
8222,36.16655165064052
8223,43.221930203526185
8224,47.37151793109988
8225,47.152895915432495
8226,48.4559419751833
8305,48.50565559835937
8306,49.93012165716789
8307,56.303070760574315
8308,57.109399527999756
8309,36.23687085208161
8310,38.299971090897806
8343,50.345983413231664
8344,54.7301544514015
8345,57.40114321230233
8346,61.266495035218924
8468,63.35464523877056
8469,66.19528778805122
8470,65.59324588154226
8471,65.52622227251166
8472,68.33690144439278
8473,67.10231134574802
8474,8.334614046262487
8475,13.123167553738954
8476,14.947788913100261
8477,13.876201235734849
8478,14.420329760852605
8479,41.429317747172256
8480,41.44636201840612
8481,41.58725005764646
8482,40.809038263455626
8483,44.06416944450849
8536,45.454971604206094
8537,42.612972767425035
8538,45.807651394882136
8539,46.552343337257334
8540,45.70231233048872
8541,8.161573030032422
8542,7.900919756433324
8543,12.211920660786094
8544,12.68212856365239
8545,13.963854369806748
8546,15.026944546990082
8547,23.021190231164226
8548,25.535287800596542
8549,27.896079825793663
8550,27.966196252977642
8551,31.04314055968432
8564,34.12753967419886
8565,20.809841414979683
8566,22.43549202911446
8567,20.184070563806056
8568,24.35729305480838
8569,27.980936177143203
8570,30.300436337341626
8571,35.79613748716782
8572,37.21517289408688
8573,37.97421944095487
8574,41.38166329194533
8575,20.531721057906562
8604,31.742442789905844
8605,37.43757913300095
8606,37.55720192068837
8607,36.895820458768455
8624,40.22447002835348
8625,43.776131000410686
8626,43.489187267606106
8627,47.36123909808194
8677,51.538088416946536
8678,51.89507728420794
8679,53.443166430418664
8680,27.892267901649145
8681,30.015115497133483
8682,28.597190191654516
8683,29.12905979670596
8684,38.773543795493836
8685,45.38483928732475
8686,46.656711780139275
8687,44.16075333892317
8688,45.01227729570747
8732,46.555005356615595
8733,46.94196646512109
8734,47.32352447891225
8735,27.083829392257957
8768,24.4651034718371
8769,24.55539438305714
8770,25.624932032619903
8771,29.26442669956863
8772,28.114736452991416
8773,35.26464221602618
8774,45.617358040724724
8775,43.583609739369464
8776,48.00722740245506
8777,51.56870470377852
8778,52.4634205198601
8840,4.882176563385131
8841,6.553094245464408
8842,8.498811347734733
8843,6.815335288490369
8844,10.348934466007025
8845,9.258364604120887
8846,13.02890376230588
8847,23.741722250048785
8848,28.41283772689087
8849,30.319237286591278
8850,31.28658660836521
8851,35.22229529275199
8852,49.2843577406026
8853,50.829277204573266
8854,50.560997997746775
8855,57.107597156139015
8868,13.211619614232067
8869,21.408083454370455
8870,26.021561312160024
8871,30.206606926257752
8872,39.69874131932207
8873,37.59859292005386
8874,39.255424599387126
8875,38.86271743596527
8876,41.78924000601707
8877,46.617215001246336
8878,48.922608095000335
8879,52.01342393592428
8898,57.00750665773343
8899,22.472021838153662
8900,24.533625354926787
8901,24.764248891901868
8902,27.060783881196556
8903,29.33327168499206
8904,29.474022554523945
8905,41.80116820669119
8906,45.56062167052754
8907,48.51485960551174
8908,51.566459711584805
8965,52.325502781669464
8966,51.60572920924095
8967,12.770459371719312
8968,19.503858161095387
9070,24.855209099365734
9071,32.594617386424986
9072,34.84633052973183
9073,37.69271841811133
9074,41.87154043123951
9087,43.46194142094989
9088,44.87144476199958
9089,45.69499058860411
9090,47.58096443755641
9091,50.72327596068605
9092,32.46453782726788
9093,38.33510334986079
9094,39.72171046851785
9095,37.387144263840085
9096,38.57381496787738
9097,4.0455019118396836
9155,7.249720618170707
9156,13.972355272912694
9157,24.09572998944861
9158,29.387046266260676
9159,26.541119460683728
9160,28.344043326592942
9161,22.3458776520927
9162,30.895981415980405
9163,36.38709899091909
9164,38.9497230634289
9165,39.08390807844987
9166,28.342826938232474
9167,41.42955357206899
9168,46.08645021125976
9169,51.28154929806801
9170,13.19916973386898
9171,13.528794997529715
9172,14.349966211680456
9173,13.139961569531065
9195,13.695357058203868
9196,16.96696047180307
9197,18.422330316734875
9198,24.431798987168516
9282,27.509125683893103
9283,31.875769438785373
9284,34.251922443626405
9285,37.24054595689196
9286,14.644442569313243
9287,19.25077168802505
9288,20.426369818660834
9313,24.26092264918922
9314,28.369859533454203
9315,46.91304645816519
9316,51.35063611059136
9359,51.43169379144008
9360,35.505846849448275
9361,36.643523417737086
9362,35.395476403297415
9363,35.73315947764217
9364,37.56394918144692
9365,38.33856046479258
9366,41.39569657537483
9367,43.348228494820134
9368,42.98938185596928
9369,47.117141846169915
9370,50.89527591113671
9371,47.68288879288406
9372,50.06491553319884
9373,53.32991334560197
9374,56.829787533767714
9375,18.719418323549107
9376,17.365962982496004
9377,25.17556820070709
9378,26.333895805317717
9379,32.079721286951425
9380,33.288144173472574
9381,39.54743813823474
9382,41.12239347376383
9383,42.24181059001773
9384,43.87658391120914
9385,32.6973577295501
9386,32.862072276504136
9387,33.958240711855844
9388,32.82705469822428
9389,34.94717075980044
9390,36.72291044603752
9391,38.03374379332723
9392,39.42894812379801
9393,38.07142658983884
9394,40.77171463192251
9395,40.428729835460075
9396,39.39352514223505
9397,52.19992691050504
9398,55.872223847571334
9399,56.874241907420014
9400,58.35892046011823
9401,55.85870127580404
9402,57.783246373882974
9403,59.3764500013475
9502,61.62911737693563
9503,63.1719697719542
9504,64.09793418822719
9505,65.31778307534191
9506,66.56592582183566
9507,28.647414859180486
9508,30.32432785998384
9509,39.32324289271474
9510,40.76497841709972
9511,40.93011888093217
9512,40.6254449436442
9513,53.265955667381846
9514,64.0695229269328
9515,63.541716054141844
9516,66.76572601060064
9517,67.72113349649088
9518,67.28282019997769
9519,27.362305112655424
9520,39.064690436559744
9521,39.593786110923105
9522,38.563028988898125
9543,41.51567220212746
9544,42.232845041070384
9545,42.0613553393676
9546,18.577482324395593
9547,16.55846453964438
9548,15.889577583941904
9549,19.0912210346389
9550,36.81879625618683
9551,37.17274661082194
9552,37.966419725519785
9553,38.13202069498116
9554,39.11567711856894
9724,38.02924595760645
9725,41.22992848397509
9726,42.44235314282765
9727,43.36362971713971
9728,44.95680306953871
9729,44.89426060936224
9730,44.84230173551998
9731,31.712370210241318
9732,36.099606019941966
9733,39.147126711422395
9734,42.81415113371675
9735,43.02285388955454
9778,10.183871039820481
9779,9.097643026182828
9780,13.165013608309398
9781,15.11520532161672
9826,15.844984203424538
9827,16.4234333739432
9828,16.635089782985755
9829,16.824909530748847
9830,18.04360889275651
9831,20.055587182054488
9832,19.8868246780324
9833,20.310258417866617
9834,16.406005798520383
9835,22.469745694160984
9836,24.971682090769058
9837,26.278956700048887
9850,28.662890372845506
9851,30.6942567368442
9852,31.611117805901188
9853,32.82605886769501
9854,34.94345926277087
9855,10.21103595424823
9856,14.158748805706749
9857,16.030728787460834
9858,14.885978628645129
9859,15.520626570941667
9860,15.969708160444462
9861,23.104006741399523
9862,25.98136669134606
9863,28.940147891175343
9945,30.25781700874512
9946,32.80715525810854
9947,37.47502896586372
9948,33.540955497425934
9949,34.943704351216404
9950,35.58499088367595
9951,35.71515192167934
9952,10.160249968611387
9953,9.461069121505965
9954,16.147503944833424
9955,20.50136544933633
10058,22.14354139089477
10059,22.207904162244148
10060,24.010230062386828
10061,28.281346498920975
10062,31.223881702844114
10063,32.92856929125917
10064,32.85572630558924
10065,17.56520953471835
10066,38.37966614427539
10067,40.474538743353094
10068,42.35139603977928
10069,9.329125590659856
10070,9.977278917732969
10071,16.373103520242026
10072,19.995665848175175
10073,22.786947238082398
10074,22.806212097730985
10145,25.917018938919284
10146,29.16700170067442
10147,30.61778674373474
10148,31.546973826742555
10149,34.55116650961722
10186,51.91706606361426
10187,48.5980775427394
10188,57.008183992132324
10189,56.666313717389954
10190,55.97491065106807
10191,55.759011188160336
10192,59.78710366913676
10193,60.95623112647306
10194,61.871059537582155
10206,60.74665097723802
10207,60.71541602498952
10208,62.79426467544044
10209,24.46359121149165
10210,26.850202856301657
10211,27.991094962604244
10212,31.527415372627534
10213,32.51775501872677
10214,29.50860882923762
10215,31.237282466505732
10239,31.486172555107434
10240,31.10503194558737
10241,32.28954419480674
10242,35.67037819095134
10271,35.41026193493546
10272,14.766318769979454
10273,23.020550478684292
10274,26.166997450141224
10275,26.173201413384195
10276,12.991436295589638
10277,21.65370472904337
10278,23.42543384288522
10279,25.082706628665598
10280,26.857433712022225
10281,28.94746317484062
10282,31.436587018397866
10283,31.924968087387477
10284,34.42586326741036
10285,39.392367134935945
10286,45.6118351918784
10310,49.31798203310074
10311,17.445125605403724
10312,20.25772227388475
10313,22.9618006592921
10314,25.554587598183648
10315,29.446586700555628
10316,28.81090016122641
10317,30.352746252810025
10318,32.68585011822091
10319,40.80402838273167
10320,43.544034476072916
10321,42.8266888972425
10322,44.404632042847936
10323,27.016685981027187
10324,24.25363324876005
10325,28.54504442183695
10326,33.7191408349978
10327,34.907197519290435
10328,37.015870451595774
10329,37.91138993875461
10330,38.03804851235045
10331,38.729457736786024
10332,41.80726823116004
10333,49.98460089292803
10334,52.10238830652708
10335,35.63421115925625
10413,38.50132638836318
10414,44.1178512706199
10415,44.14214731277086
10416,49.24948556058205
10477,27.100430527649323
10478,26.96112609253674
10479,30.528926983596335
10480,35.79458178958344
10481,39.22185354869637
10545,37.38321382320308
10546,39.33006705614004
10547,20.439262908812907
10548,31.940422075781143
10549,33.167370112961116
10550,43.856277318121656
10551,8.73811619274161
10552,9.43423795545597
10553,9.745253391665432
10554,11.630727073805856
10555,12.674730898303173
10556,14.35772435644928
10634,14.705195052074302
10635,22.39492634062178
10636,24.315046972601046
10637,25.211998262173413
10638,53.96554724563422
10639,53.20989000706837
10640,57.061891304688736
10641,59.08706381132537
10677,58.81855923439921
10678,60.33328889459846
10679,62.57942725229299
10680,64.46134261665733
10681,65.58563154967113
10682,67.9824342848979
10683,70.1831395959329
10684,69.39879463883068
10685,52.06210237652421
10686,53.695584573923675
10687,53.480694044859185
10688,54.95727675622727
10689,31.383654477711403
10690,37.217269155213984
10691,42.829453553570666
10692,47.66158649089155
10699,48.87446281114652
10700,43.04777018099113
10701,45.293414036791006
10702,44.36694390058924
10703,44.52729904504255
10704,45.438547939453954
10705,43.83619715822337
10706,44.06520428465402
10707,44.89366896028508
10708,47.91252274593218
10709,48.883580831730505
10710,50.42483779743813
10772,52.03051391898661
10773,28.459001866799817
10774,30.440250349162945
10775,32.560216472018105
10776,31.40440982369822
10777,9.747773242595706
10778,8.711219208431993
10779,12.100948693388666
10780,15.722250361301649
10781,19.463208429750235
10782,32.57423464491515
10783,30.821051035140815
10793,34.93413716684593
10794,34.574816774152836
10795,37.44308946111512
10796,41.683291113519026
10797,45.65459073247405
10824,51.17453035846901
10825,54.722495747665654
10826,43.5930498141116
10827,47.351642190819874
10828,55.619235033392094
10829,58.97032221146201
10830,60.93003893294319
10883,42.46122513721481
10884,44.0533863890932
10885,42.80219269086627
10886,46.183587472528544
10934,59.07089365086364
10935,66.18018375654984
10936,67.46603177817687
10937,31.633974992045818
10938,34.99364765035643
10939,38.7784186087906
10940,37.84428510765175
10941,38.281734377015795
10942,37.478889498143246
10943,19.664046477545895
10944,18.081802181133313
10945,20.76467953126715
11128,21.750824700027202
11129,54.323064411371284
11130,55.059537040884095
11131,57.81062178930073
11132,60.61142274803938
11133,32.38030041740959
11134,34.18783425492343
11135,41.48158508256913
11136,41.83446547745418
11137,45.0481069500309
11138,58.32198645098933
11139,59.056912053728674
11189,59.1447108877272
11190,58.93659171277617
11191,59.296788184300794
11192,60.18661107522524
11193,62.501297190368135
11194,60.14618900479459
11195,62.585293525330165
11196,62.891413349472614
11197,63.4681949391535
11198,63.94981169272495
11199,5.607572890696924
11200,5.962493009677033
11236,12.16212599490548
11237,14.067535447102717
11238,15.158904746147964
11239,17.194234162134947
11240,23.697507643973772
11261,24.473980452168774
11262,26.674292367185462
11263,27.77742512439315
11264,28.9756132018082
11361,39.638593374155846
11362,29.80948348248443
11363,30.138889733971368
11364,46.223740870936226
11412,51.319760795994114
11413,54.456998150634774
11414,12.712412292079042
11415,13.238089878949516
11416,15.187004579287347
11417,16.488211780662095
11418,21.96438813196727
11419,25.07559374374184
11420,27.659888589321532
11421,32.15133665988423
11422,34.75330584982147
11423,36.97732643900891
11424,41.89791906701036
11425,41.39984693223816
11426,37.26019516066489
11427,41.23901775196403
11428,44.9113808700701
11429,49.550730382800104
11430,55.561910373604846
11431,42.97714167892265
11432,43.35823543063572
11466,41.44925725496002
11467,47.495997555342115
11468,48.78235145138628
11469,52.417074974971904
11470,19.559624820730168
11471,25.211401062540272
11472,34.37630258667279
11473,37.70577506490098
11474,13.20047748303992
11475,11.475453925148214
11476,11.240019374989634
11494,16.14399444880026
11495,18.650518841951033
11496,18.65869581288441
11497,12.977547228717697
11539,23.995506244856834
11540,25.356141965350073
11541,35.16350884013175
11542,11.851312104057756
11543,17.924732351379603
11641,20.3466911894882
11642,24.37013155740952
11643,41.28638202865753
11644,41.588767189659336
11645,42.20703656853824
11646,43.04472668962557
11647,44.340750550034706
11648,48.218931432752115
11649,50.18116223097024
11650,50.749649214506455
11651,58.52387045214157
11652,63.712319652224835
11757,65.85417192418097
11758,65.38980670184178
11759,4.180464704898197
11760,2.1316610774532827
11761,2.0897675503358797
11762,2.754744557497112
11763,6.076456676838213
11814,6.549060847004677
11815,8.48655604392606
11816,10.047678382169696
11817,15.64948436515893
11818,17.90880346810635
11819,18.445776639254802
11820,18.771146160143697
11821,31.4552192091363
11822,30.448524143596714
11823,33.73152618421179
11833,43.499830242954076
11834,52.21243181691782
11835,53.141168307785044
11836,58.16999803005297
11837,54.84890318999112
11838,56.96947330823787
11839,56.6877217225536
11840,60.116205032498684
11841,60.7786275447162
11842,39.68125121745394
11843,40.32859758069944
11844,43.20433149119188
11995,45.45414846899267
11996,44.37933144544168
11997,47.70156830702137
11998,49.078124198788736
12009,13.326009859037462
12010,12.046087510815935
12011,12.00961542412826
12012,11.666381485798173
12013,17.582286622747848
12014,37.213226529443126
12015,36.83763926289074
12016,40.944287756209526
12017,46.73037911642658
12018,48.79226042029775
12019,48.62941754998543
12020,47.317396650223834
12032,48.48355199002461
12033,51.62132081326116
12034,51.375022929110315
12035,52.024996897382685
12036,29.455056946912887
12047,32.2585070165674
12048,31.359071610083156
12049,33.410958717870535
12050,44.63089378132363
12051,48.44757709557194
12106,49.83979657263916
12107,13.943203836600704
12108,21.78538506949152
12109,22.899972332798185
12110,31.111958240265807
12111,34.64837266969927
12112,38.05477525184395
12113,42.835751820647616
12114,47.13542507811796
12115,47.934056359931404
12116,51.56019009738854
12117,61.525388814294246
12118,64.52257345454234
12119,66.40548070696642
12120,66.66007349895125
12121,67.65939076521704
12122,68.37551383836258
12123,68.47361521548999
12124,33.755172820529744
12125,42.35398063276416
12126,45.5205755449147
12127,47.914918493791006
12132,47.18825214337884
12133,50.03524063956652
12134,50.10487272256947
12135,49.74525978275309
12186,49.202760773655605
12187,50.624472122765475
12188,56.69419117741292
12189,60.45549644799063
12190,43.05277144627754
12191,48.16206397521117
12192,51.58328957018037
12193,54.62099145840732
12194,56.46291212576599
12195,55.99774209118687
12196,58.37416852104786
12197,59.517106094025934
12210,62.20881061049848
12211,62.845713274976134
12212,64.80319665997442
12213,69.12960558494015
12233,30.414134934886754
12234,40.44248268684869
12235,46.280584119096716
12236,49.33986826676426
12237,50.58459314327289
12238,54.273735955723275
12239,56.72682068521336
12240,60.02599171851667
12241,64.79509259248326
12242,67.79763976064318
12243,69.8232880187152
12244,71.02166800191985
12245,16.39439551840433
12246,14.629672999217398
12247,15.084947038598598
12248,17.559591760045596
12249,19.399450022423462
12250,24.520500934681646
12251,29.470528302364247
12252,27.62879942474166
12253,35.88967145654408
12254,39.88558946818918
12255,39.86851971011117
12256,42.63519154089726
12269,9.901444840590083
12270,12.793847789621132
12271,26.233068848858082
12272,29.70006991472579
12273,25.354993395808055
12274,33.36515786088678
12275,34.7483540104869
12276,34.34807542629254
12277,45.88090823971174
12278,51.94316616298699
12279,55.17973639091948
12280,56.058675400607214
12307,56.78615512714736
12308,57.945751119386415
12309,59.454476508507014
12310,58.660628925635905
12311,34.4462631793888
12312,34.94833336768196
12313,35.21596328264775
12314,35.35645332250584
12315,20.6605757229865
12316,25.853050682229117
12317,26.184369129666514
12318,30.85303095773852
12363,45.810453280914345
12364,22.780651365859033
12365,24.719049586630437
12366,26.264428999739728
12367,27.39919112527507
12391,33.70835068783037
12392,38.61697784334799
12393,37.54933534214507
12394,38.51749595600419
12395,39.344905935860574
12396,22.688034404769287
12397,23.217335054641076
12425,24.183925528409368
12426,29.122333945837322
12427,31.047505210531394
12428,29.664550099604135
12429,30.573285976866764
12430,32.78639518934459
12431,32.9933103599902
12432,32.1762950147831
12441,30.08384247437672
12442,36.212002028173146
12443,40.17108846827094
12444,45.910361726925515
12445,48.81731901124436
12446,39.435094704412876
12447,38.14496033508627
12448,39.957854289704926
12449,42.25096464190969
12450,43.31399166055287
12451,44.29214089404682
12452,41.57882875490762
12514,44.163714149647674
12515,46.44681804457382
12516,50.64260979448168
12517,50.12581082955419
12518,50.876648205704974
12519,42.84324817949465
12520,42.819856244546955
12521,44.11611242146182
12522,46.05907027844368
12523,16.456298698997397
12524,13.568574279080797
12525,19.130232221316728
12526,23.313382037124324
12527,25.998610835527987
12528,26.95085561178657
12667,26.946898346104515
12668,31.705855393332328
12669,33.49861292952906
12670,35.37008954527496
12671,38.3653995622782
12672,38.394068860539555
12673,31.368364921237117
12674,37.87107223101858
12675,39.69097893923346
12676,46.90947093786238
12677,54.055971396856044
12678,60.16622801732477
12711,59.947399099824736
12712,63.9159985754577
12713,63.617097916494544
12714,64.09918980561451
12715,64.07071822978985
12716,66.22656811147411
12717,38.17026960920106
12718,45.74548083159891
12719,52.47804315887801
12720,56.75459837929659
12721,13.35977842097422
12722,11.461633092323366
12723,11.405835942430208
12724,14.189570971910193
12725,37.76015928312439
12726,39.0652309167485
12727,38.768488527847666
12733,37.953571047038395
12734,39.4170771784168
12735,40.561343680933874
12736,42.45230340872018
12737,42.19212876791036
12738,46.70624944983194
12739,48.61440293880833
12740,30.509609561720875
12741,33.071915264402215
12754,34.330048963933784
12755,36.74443217552941
12756,39.0278180953721
12757,43.86020325584572
12777,48.934457720835375
12778,49.96769404465228
12779,47.60953216663523
12780,50.218217031300654
12781,51.39445764482186
12782,49.5278286986422
12783,13.169637860217616
12784,12.993013105949704
12785,12.542917764234206
12786,13.606918734473396
12800,15.002931871738712
12801,23.51586562585001
12802,24.391896136221487
12803,31.00178705331251
12804,32.19296336803455
12805,33.64286839178992
12806,35.066966797448906
12807,31.093042210264326
12808,38.44906415037806
12809,40.13790878471924
12826,40.717923949211404
12827,37.92540595116683
12828,43.80365677176788
12829,47.51108068191732
12853,49.71763865435103
12854,47.27297689568374
12855,47.649461848494795
12856,49.60541692326985
12857,19.49967657138743
12858,19.413385949858117
12859,27.597375546297123
12860,32.04993779025953
12861,33.376713300843015
12862,32.08632987583656
12863,34.7545866225011
12864,39.994144694334636
12865,41.849663510394066
12866,43.101977030147545
12867,42.66328819531532
12868,44.146394477291494
12875,14.594547931637148
12876,15.830978434799482
12877,24.252603018909518
12878,26.92845623129176
12879,30.158648363367256
12880,34.04419110540927
12881,36.539695051616924
12882,37.32690648271649
12883,39.5228480810691
12884,39.931085893390815
12916,39.65663797564834
12917,36.914536022829324
12918,5.395616667191247
12919,5.2148131456882245
12920,5.590245449569891
12933,10.304183453380782
12934,16.218643333451254
12935,18.3346994785801
12936,18.68103021726442
12937,25.997766700224325
12938,29.878968566687618
12939,30.37066003990251
12940,33.96159163843485
12941,43.667263144194585
12942,47.50589479017659
12943,48.970898664018804
13020,10.176050339616394
13021,6.551302432996934
13022,8.57147588643341
13023,13.148601547069449
13024,10.219014543998217
13025,11.745820998154809
13026,12.258554483578624
13027,14.272248483368246
13028,14.9623469806144
13029,16.174275121810112
13030,21.56690679642742
13031,22.529504618571615
13032,30.198563324754716
13033,34.34715213053175
13034,37.648136020567286
13039,15.716802394048438
13040,17.622222035850285
13041,25.154249072882088
13042,29.613787902094447
13043,2.9819753558601927
13044,1.478780967560985
13065,3.856703229044677
13066,8.536622218878058
13067,12.618467243467263
13068,14.044100949004292
13069,13.849922768504998
13070,14.976112201275617
13071,15.037375792661688
13072,15.262397606707168
13073,18.264445065446345
13074,29.48181053832276
13075,14.496829332578386
13076,13.709851362110646
13077,28.81947542728438
13078,31.878013811276144
13079,31.750159124710432
13080,32.34965972333342
13081,35.1975223146143
13134,35.81591463050472
13135,37.60969584695723
13136,38.3656016966216
13137,37.958141352366404
13162,39.792025000090355
13163,33.70195689713804
13164,37.514598609532676
13165,45.8919505531531
13166,53.0110247231019
13167,31.575927912405547
13168,40.513129310106116
13169,41.84930268952394
13170,46.22367194836823
13171,49.8368479900968
13172,54.27102955162662
13173,56.4518702546
13195,65.27341920420305
13196,73.9289269830643
13197,75.35848841645675
13198,75.1589941660549
13199,75.71004919491703
13200,18.011560408180976
13201,18.68931026431355
13202,21.237092960247143
13203,25.60891749351966
13204,3.765613738898964
13205,7.223386744417098
13206,10.443964516832239
13219,10.735026808846555
13220,2.7983892421009586
13221,1.2347222765104238
13222,1.393379188610678
13223,2.462920730705161
13224,4.316724584311834
13225,6.3105929964188485
13226,12.753739509222472
13227,14.225534447283573
13252,14.321525695076106
13253,14.321525695076106
13254,31.519690481018703
13255,35.98627860171406
13256,38.28089484255522
13257,37.41031915511056
13258,39.988002689534916
13259,44.927531876064705
13260,48.375014396566456
13261,50.4055297811971
13262,52.324518675959
13263,53.26583781327523
13294,52.86806143826569
13295,56.97190798980728
13296,20.322132674151394
13297,18.40629846449476
13298,23.176019794085423
13299,27.011945320872947
13300,37.67967265417722
13301,42.03050927907435
13302,49.67868531375821
13303,57.098366111439105
13304,21.011597407383608
13305,24.84791542137629
13332,27.156196757585
13333,34.06974870834488
13334,35.73128502366526
13335,36.46325131433669
13336,44.977526363643015
13337,48.25083825086319
13338,50.01320412507374
13339,48.4576799701467
13340,52.25084162734353
13341,54.96760073250434
13342,19.800391365599122
13343,17.693897265653828
13344,23.296656020321812
13345,26.590337833544815
13346,29.90757961406324
13347,34.921767594692824
13348,49.53832323340972
13349,55.583152785375766
13507,4.083638600277388
13508,1.9625801171048831
13509,2.39830802863402
13510,2.6248685762815933
13564,3.85746764390451
13565,8.459538667513582
13566,11.221471015071035
13567,14.891698670404107
13568,18.844308460273627
13569,55.15613778210195
13570,61.037563592534354
13571,71.52997023215504
13572,67.8838239754483
13573,68.92096714758976
13574,70.45918941715206
13575,19.901856243430696
13674,24.976156403485582
13675,26.56194969133658
13676,29.05113722346885
13677,30.393673198056216
13720,38.73629922604269
13721,40.39771743818373
13722,41.690652657084534
13723,47.35485190523148
13724,49.710489836003234
13725,53.171812026010215
13726,54.008072650859205
13727,32.93857351282921
13728,28.053496433342676
13729,30.281584344643857
13730,32.11123534042743
13731,30.883230382557127
13732,28.203469455166008
13750,30.860808789970903
13751,35.32278214943742
13752,36.34431849126847
13753,40.58219840533083
13754,47.69813110048772
13755,52.72846393995197
13756,59.05638727188888
13757,59.95875344256306
13758,60.199114654143614
13759,60.76436466387372
13760,63.6957294160917
13761,31.670145366643318
13867,31.589534496860715
13868,31.272512035542363
13869,30.668224914093106
13870,31.798387466413782
13871,42.511354702372316
13872,47.640189135346226
13873,46.887811536678434
13874,21.156138976694972
13875,18.694675288796812
13876,21.935755773506553
13877,25.654511302723467
13878,27.211755850354617
13896,43.070765435685836
13897,45.76737556642044
13898,46.33941836567837
13899,56.65118967438826
13918,64.33848378941252
13919,65.9638890230647
13920,66.93366804806875
13921,67.33986263543888
13922,67.61257591313017
13923,68.40017064939659
13924,70.19460343579556
13925,70.61689251867006
13926,53.85046931261811
13927,51.41651198384498
13928,52.62159179980789
13929,53.01567182737076
13946,53.73537878087271
13947,44.3511835708231
13948,50.87551805552565
13949,51.07746084890726
13950,55.37317317801731
13951,53.997395907313944
13952,51.94919924303007
14097,58.83681482026022
14098,61.42454067801112
14099,63.02147699058046
14100,61.38754370913125
14219,64.80884335508463
14220,64.66792571406909
14221,19.544417405120132
14222,16.93310563719842
14325,17.454180067088394
14326,18.602169940595445
14327,12.732197316107158
14328,19.324131325693834
14329,22.905627091643495
14330,26.207578656443978
14331,30.344837901662256
14332,29.202953899885653
14333,17.66994016290445
14384,26.521521776164015
14385,32.665687346101066
14386,32.8514565476052
14387,33.53728791470955
14388,33.430428454080165
14389,33.93470184755245
14390,35.68552835890289
14391,36.0721410271361
14392,52.35188245087575
14393,54.66124421365993
14394,9.262089960932357
14395,10.981082579416805
14396,18.79846889085621
14397,23.50648069820078
14398,27.968281620959697
14399,37.65151983714135
14400,45.501861493802735
14401,53.431617257115825
14402,48.21321399677627
14403,49.45997713752058
14404,50.27159262004066
14405,53.72842525533642
14406,18.556521285622377
14407,21.10958796696473
14408,21.129527442976798
14409,22.023764987794284
14410,23.736098763310878
14468,23.688678308448857
14469,26.337750640376278
14470,28.9593237969232
14471,27.821630427705184
14472,30.840754605279887
14473,30.95594139762788
14474,31.924395258366314
14475,30.2282232319495
14476,36.51166389954465
14477,41.89308451330416
14478,43.70891559905706
14479,45.134878764373944
14498,49.21234816469035
14499,50.74295744779011
14500,48.60083791249218
14501,2.7983892421009586
14502,1.393379188610678
14503,2.0450195632219126
14504,6.072275608291325
14505,9.532239647491616
14506,27.079824556346345
14507,26.308501179047266
14508,25.363184908373615
14509,27.003973246580927
14510,31.541817465342284
14511,32.049486407380485
14512,28.641918760672382
14513,30.083319067654017
14514,35.63509065919116
14515,36.23300268828636
14516,37.58548468167341
14517,43.650191165076656
14518,45.31780220491271
14519,47.852456538503745
14520,49.402757391761625
14521,50.523928713425605
14535,28.108000045308245
14536,33.82446395851151
14537,36.3468214148224
14538,36.94057460360523
14539,14.192102925886939
14540,19.135372264143463
14541,19.36885829978483
14542,19.47961632331856
14543,20.27822867309733
14544,30.281203970843585
14545,33.687583888983546
14546,35.107236509217714
14547,34.937660989599685
14548,38.398488719037
14549,37.850787356907844
14550,38.597365773693824
14551,16.268939984292814
14552,18.5354912726128
14553,23.933514379505194
14554,24.573054502209068
14555,27.35806300086214
14556,28.543687243367206
14557,29.0577039171886
14558,33.15984855753184
14563,37.05030846405191
14564,37.351523201610064
14565,39.378628361345584
14566,40.874748684278565
14567,19.400405109354477
14568,17.362760572206824
14591,23.189066500760568
14592,26.938373781075768
14593,26.750846900204678
14594,28.044240755210236
14602,30.204073438162208
14603,30.472831182093902
14604,34.74881440255476
14605,35.39872208694364
14639,36.05615578282315
14640,37.15473090539136
14641,32.55348819981641
14642,32.49857294708676
14663,38.09709977622953
14664,37.904834058201054
14665,9.382366760898975
14666,14.836085658790978
14667,24.34554871119404
14668,29.927805745968328
14669,28.320048033955832
14670,35.54046430645803
14671,48.163657584761566
14672,52.09349700496209
14673,29.29556582023762
14674,36.74784447856611
14675,38.34561049228183
14676,43.21913916281751
14677,42.98156391473098
14678,42.62544372625574
14679,46.89061143206759
14680,47.51562921630133
14681,45.230445788997706
14682,49.28689931416827
14694,49.7817275059465
14695,51.53198425524816
14696,49.25466870461186
14697,51.25469825136346
14794,58.947694588358445
14795,66.34667076844451
14796,4.304588072512677
14797,2.4433811429586103
14831,2.8909497601179406
14832,5.662751667045622
14833,10.893130916791304
14834,12.467811689351375
14835,14.00138952511866
14836,15.28749986914022
14837,15.554691708299385
14838,15.638726841992156
14839,24.96021001421731
14861,31.703383828412804
14862,31.82885988383674
14863,31.33609552236977
14864,31.985484568468213
14865,31.801096319609712
14866,37.779020430980374
14867,39.2163709668034
14868,41.17030580895489
14869,45.16588642872834
14870,27.018746020291154
14871,29.107790473555017
14872,37.606555459599136
14873,37.07720733943311
14874,47.76406884479673
14875,52.727444711720466
14876,51.270640242179866
14877,58.73421006439989
14878,59.082414534558815
14879,58.818216287625255
14880,61.53393663118646
14881,63.34662992329479
14882,22.780651365859033
14977,28.093107804552954
14978,28.884357401654388
14979,34.04706183260337
14980,39.53695709602806
14981,38.608047697070425
14982,37.598743259843076
14983,37.594735740289934
14984,39.19084312493322
14985,41.19046540356298
14986,41.52771966110383
14987,42.93827503954951
14988,42.326639009199376
15001,46.79826048498657
15002,52.244956902968894
15003,56.932760611737955
15004,58.11930299369207
15005,60.11303486139848
15006,62.783256500728484
15007,11.49269153990942
15008,10.368852875048255
15009,12.134486772321047
15010,13.79040260417441
15011,14.452195440480581
15012,14.954333609151417
15013,15.7095879822414
15014,25.49458162582224
15015,21.52161692193104
15016,19.897214362725887
15017,20.02425429129532
15018,24.250399863748125
15019,25.686729376318176
15020,27.366459352986773
15021,26.3784372063726
15022,31.793914674639073
15039,34.22234834062171
15040,22.811370359432292
15041,27.815481779897016
15042,33.2029580362911
15043,44.98466620959656
15044,3.0926322354008136
15045,30.428809566923423
15120,34.50043651625567
15121,34.7832560634087
15122,34.60362827322118
15123,42.15961261066797
15136,53.01930278233286
15137,47.0475467635722
15138,21.720210343496703
15139,31.090216437626342
15140,37.58271541923217
15141,41.81749144986301
15186,43.548085039722466
15187,28.481428513734695
15188,33.89579915319709
15189,41.43960573372614
15190,48.70795958540804
15191,34.5091126624473
15192,35.841800806708136
15193,37.68887444590017
15194,42.72742365982478
15216,4.2323332167850864
15217,16.15349674001035
15218,25.09865364739695
15219,28.873390782460696
15220,31.527674949797152
15221,19.585376822132776
15222,23.605388816458433
15223,24.48608927812771
15224,30.248722380931554
15225,35.034887798494125
15226,35.707170665854434
15227,36.47786154880045
15228,36.811497164379496
15229,36.253244503259474
15230,14.304173418972752
15231,16.9286030511131
15232,19.615239437472113
15233,24.305715933388804
15234,29.079658993182004
15235,30.034363473037402
15236,33.031395327280435
15237,38.54438130101325
15238,46.97600738693076
15239,17.550072311243884
15240,16.70878414358755
15241,25.217522446464457
15242,29.24915245509426
15243,48.45720616075597
15260,43.79464459097226
15261,43.859418678867804
15262,43.92168041249154
15263,47.241614717202886
15264,18.415660865032063
15265,17.92152660491765
15266,25.599861495634606
15267,29.238336983817888
15268,29.666493039874744
15269,30.31969285704964
15270,33.37611508008651
15271,40.78373567711975
15281,43.06619668732198
15282,44.836876102900305
15283,47.293508898632496
15284,46.98016618698101
15285,14.591317737682603
15286,16.05711750228711
15287,17.750869502085
15288,20.697544444743382
15289,24.43453484694113
15290,34.49813169127569
15291,46.71842895559739
15292,50.09013503851989
15574,45.66090575438513
15575,49.347095735568395
15576,49.24362660478427
15577,49.55779966430051
15578,51.88200935395925
15579,52.678222432415524
15580,53.895587135649485
15581,52.91180577535554
15582,56.32958564510372
15583,20.45572740174288
15584,18.52199729414398
15585,18.61609026491287
15606,18.609076458314416
15607,26.200256841724084
15608,27.457126184854523
15609,36.049268285998835
15654,41.03582343582568
15655,5.509146786397739
15656,6.6011172679567105
15657,9.982597522073574
15711,11.243920621193684
15712,12.831787677339733
15713,13.378895262897366
15714,14.351918778046139
15715,18.270550469401552
15716,25.831964397191676
15717,29.999997457094686
15718,22.00626755349361
15719,26.681749619534447
15720,39.15696927049564
15721,38.910784830160146
15722,42.00518988087717
15723,46.8447713171046
15724,43.70273400934243
15725,46.43300496850803
15726,46.996681473751195
15727,47.83742917648188
15728,51.51060449161679
15729,56.3318494016124
15730,27.01693265711507
15731,30.10217438518604
15732,35.26103559441793
15733,35.64114107789596
15734,39.22657003968898
15735,37.87820942675327
15736,44.59397951834844
15737,44.65363056099723
15762,48.32122092429483
15763,48.23382299953743
15764,51.69885837165634
15765,51.66811044906682
15766,36.72603570481984
15767,44.740583645927956
15768,49.13255447487283
15769,56.82936533082808
15791,18.091282840659662
15792,21.450408695849422
15793,23.678866551522034
15794,23.732610499164824
15795,26.182493616398986
15796,31.721208544112695
15797,31.27353934486542
15798,33.1768984702123
15799,37.01337871184991
15800,36.68108302990782
15801,38.1037615674977
15802,23.31838095017869
15815,32.69968332416901
15816,34.2303239399564
15817,35.78345035558776
15818,36.553294199941554
15819,20.598779091553883
15820,25.7913752667467
15821,28.658826541999545
15822,27.433228997264596
15823,27.856259797132672
15824,28.73681936601716
15825,30.072199885103384
15826,35.60919405539419
15882,37.42682872110875
15883,41.03857965752364
15884,41.99450231573369
15885,44.422920060710865
15943,43.08223305360288
15944,47.82214001677414
15945,50.14483777296759
15946,51.24069226081927
15947,51.140252868457466
15948,51.103670675122174
15949,51.60758962986138
15950,53.02250756087054
15951,53.78482826241233
15952,56.5789101159642
15953,57.83001019539237
15954,59.5185242105136
15955,45.13657479918465
15956,48.86217836153228
15957,51.7314230442962
15958,54.623377465454894
15959,49.84416725066511
15960,62.74331231625815
15961,62.925957766355936
15962,65.67011113316029
15963,67.63493347425171
15964,70.83722704750586
15965,72.21318995555322
15966,37.72486078209094
15967,38.73734347934356
15968,38.6998462499342
15969,44.193939752390484
15970,17.483892051542558
15971,22.694000310783633
15972,28.453921799488537
15973,32.89275114828603
15974,30.209498476339586
15975,30.692310575373597
15976,31.59794410948822
15977,34.414994818940244
15978,34.950233758365805
15979,34.72751650628898
15980,34.622016652689766
15981,38.87695448779981
15982,28.739331559524658
16004,29.782628691027266
16005,39.64893903028757
16006,38.61732690016643
16007,34.348399412223124
16008,48.624224888445866
16009,54.88267183015891
16010,57.63685328401749
16011,58.210453375838114
16012,56.99323632084173
16013,57.3831441206594
16018,60.37480192868275
16019,9.840102785251906
16020,9.110556865617777
16021,15.889635820094833
16061,17.01581088695221
16062,28.4742818743968
16063,34.967584067997926
16064,36.00314115731272
16065,40.42740446075864
16066,38.614717737204614
16067,10.07566853792889
16068,6.93193250843766
16069,17.999179451630717
16070,20.029267151291315
16071,3.8921810805973647
16072,2.2465783829140937
16073,2.8982187575253273
16074,4.76881604192108
16075,8.79651027412343
16076,28.28930227035931
16133,31.92256444244984
16134,35.22383430168332
16135,43.3367784779951
16136,53.130565829729015
16137,20.65837038385754
16150,24.525047644616127
16151,23.28612474788895
16152,29.32640057897676
16153,32.14419428394184
16154,11.561361976782967
16155,10.953774476784789
16156,12.16457436272531
16157,14.042566998378355
16158,15.515465599399318
16159,14.20799730093546
16222,24.52509126668889
16223,25.863482508316327
16224,30.549586904578778
16225,30.221658613725953
16234,31.981926320073857
16235,33.0691266575364
16236,45.01779765393367
16237,46.223617262418564
16238,46.59184253247697
16239,47.657005409452395
16240,48.49899584170874
16246,17.707343811537648
16247,25.786185954106784
16248,28.9278708461346
16249,29.17638547885325
16250,41.07312456855268
16271,44.167824653041706
16272,46.227649697515396
16273,47.327852620126365
16274,48.08039568451033
16275,45.77344893738758
16276,9.246005680878678
16277,24.093901868727034
16278,27.91534230140784
16279,28.328987822112182
16280,28.387812034036337
16281,28.614866595622207
16282,30.37730651398537
16354,36.05409772653653
16355,35.80989158442157
16356,16.332353564027095
16357,15.695423471524514
16358,15.677787873829995
16359,24.765202383036687
16360,28.06149903482056
16361,30.68326099615444
16362,31.939882304929068
16363,39.31556489066242
16364,45.84934304083321
16365,46.47216751352425
16366,44.470180160383016
16383,46.00541059839842
16384,13.624620977769862
16385,16.57489065085711
16386,22.234395537960413
16387,25.288762213132415
16388,17.382965787165247
16389,24.33648868229604
16390,25.971460197007143
16391,26.90747720637754
16392,34.39134076661234
16393,35.95049124456019
16394,36.166401711969705
16395,36.92617616490198
16396,38.09639895435273
16397,38.070990091125246
16398,39.03819798412897
16399,39.775836892495256
16484,43.621146439240874
16485,45.29894399442476
16486,50.896456158801676
16487,58.490407208131195
16488,59.003606317048984
16489,59.25617356121649
16490,58.368126396432956
16503,60.60449898555824
16504,62.17239551683154
16505,62.99500200774247
16506,63.905641471756134
16521,65.82981718281675
16522,9.297809066472041
16523,18.10217739610264
16524,25.137983161743783
16525,28.979326760435622
16526,41.769818871983894
16527,46.45218094477039
16528,47.958081859358565
16529,46.95881757051844
16530,48.94869408083011
16531,49.217183587860966
16532,52.94653374159291
16538,54.42074325855606
16539,60.4712462886567
16540,66.95435786069694
16541,67.11288446575283
16542,67.80605338599219
16543,45.204857964235096
16584,48.64824395703335
16585,50.50658073551261
16586,54.50422658806433
16587,24.032910951164197
16588,26.379204871723935
16589,31.22025633285804
16590,32.90212730503397
16591,39.60187120275577
16592,46.78866460159678
16630,49.72537261866867
16631,53.224960127618395
16632,54.43053398024563
16633,54.929226750593074
16634,54.651902515463604
16635,55.724053444885755
16636,41.40856094215854
16637,43.11524292144536
16638,42.4403053161097
16639,43.78218546991323
16640,44.525028778252505
16641,43.98787716896471
16676,49.90348154802078
16677,50.75780716830793
16678,52.453253940250875
16679,56.009975201190564
16680,57.03326247533406
16681,56.64728047093837
16682,3.4225640293420687
16683,1.9621624670350641
16684,2.299347620241938
16685,6.9471918669680885
16686,16.239513726451776
16687,23.906694424795816
16712,39.138651920870856
16713,43.41782985758917
16714,46.47235705573586
16715,23.207745108888012
16716,31.905529197631747
16717,37.71208824167993
16718,38.467130234656175
16719,42.96197117704257
16720,46.16972439741268
16721,44.674737887681026
16722,44.83037171069566
16723,46.42385228491709
16743,45.242466030709494
16744,26.00005709096448
16745,30.074774784854988
16746,34.85235758821199
16839,38.34971261855382
16840,37.63036433095325
16841,18.561751276200233
16842,30.185391557494494
16843,36.04657966998111
16844,40.259263123363695
16845,45.56058792859813
16846,49.19752014609507
16847,48.6678207950428
16848,48.946104601774564
16849,50.78446532478761
16850,55.885123274488414
16855,56.169962263439054
16856,62.42334586267202
16857,28.32750290487506
16858,28.76664616108839
16859,36.15650107542654
16860,37.158039068224774
16861,37.69562339533733
16862,43.16034338309925
16863,42.24319950364724
16864,43.46004162086127
16865,48.104550821553914
16880,50.97351078561491
16881,53.37860488153253
16882,53.12510561785411
16883,3.8386596633182157
16884,1.9840219351575414
16885,5.183878034867282
17000,7.101141670421359
17001,9.136400074242326
17002,12.97407983030117
17003,16.13562885528452
17004,25.0786838027408
17005,27.402335281826446
17006,18.685276863677643
17007,19.187694688549282
17008,24.588597827526733
17009,32.60906640019353
17010,40.41015776038365
17011,42.530945498844886
17072,43.732695581418284
17073,45.529170701945795
17074,46.54329765148444
17075,56.14084775635035
17076,36.15107184813305
17077,37.46731074053194
17078,47.205128244904635
17079,51.71347394236546
17162,53.921176409607554
17163,59.36482710039504
17164,63.505839245013675
17165,63.72768864125026
17166,64.01962578606303
17167,64.52590348407038
17168,17.582286622747848
17169,20.55337636134292
17236,30.08495357207803
17237,36.018721355069346
17238,33.49309878557315
17239,45.675752725510854
17240,52.15556153061594
17241,53.419198256803945
17242,58.18365897017393
17243,62.288416320300776
17244,62.16135570313376
17245,63.20374272819226
17246,64.68716185580607
17247,63.876372945810566
17248,66.5033140428482
17249,66.8029536424808
17250,30.245463459610885
17251,32.00069754263533
17252,32.17545466753679
17253,33.7692051076508
17258,34.50341291640834
17259,33.946763818431236
17260,46.4816096489819
17261,46.83355732890632
17262,48.08951999064314
17300,50.78539790585064
17301,50.122120897696504
17302,53.49874136955608
17303,9.522815979940233
17304,16.085129187242156
17305,24.18503241584942
17306,27.236898959007604
17307,30.082616194343718
17308,33.219578401281375
17309,36.10941493607435
17310,43.221930203526185
17311,46.2530385272954
17324,47.01542469505595
17325,47.215022300428615
17326,47.53307973096147
17327,48.51338686120237
17328,47.90683223597702
17329,54.984871795126026
17330,58.98552983430477
17331,62.81140152799248
17332,61.356161794502775
17333,35.756109165809626
17334,49.46446616838537
17355,57.430398333327695
17356,61.94975967057049
17357,69.28225628099084
17358,27.83547468999747
17359,30.546215212548287
17360,30.866358682562034
17361,36.015777327300775
17362,37.02470162353525
17363,41.05497316998951
17364,45.89980176502367
17365,50.53566924881752
17366,58.78821950201407
17371,53.860397357949104
17372,59.884450858996395
17373,60.63226190817526
17374,64.13718439021113
17541,17.376749533150136
17542,23.561627568389103
17543,25.381452446082235
17544,26.407457571710825
17545,26.52439654808052
17546,28.59794985602323
17547,31.182645510335693
17548,33.22527447147856
17549,13.35977842097422
17550,11.399120797464057
17551,8.528876350163
17552,10.560087874106918
17557,15.833991698543073
17558,5.154230257613093
17559,5.256617806050323
17560,7.4418756397485595
17561,6.013779209920253
17562,9.328576325043386
17563,14.222367011242959
17564,16.61265650868206
17565,16.19490313069596
17566,28.937875309043243
17567,29.399184205479088
17568,30.17022023704909
17653,32.904000249179056
17654,33.435059072905005
17655,34.55566094769901
17656,35.185298090078994
17657,35.08716957760013
17658,33.036819959933894
17659,35.823253663753356
17660,38.97610441414053
17661,42.68932928898445
17662,43.01504921507211
17663,46.927446345150265
17664,49.01387672659571
17681,50.781987549172
17682,13.200853822966101
17683,19.83948561938327
17684,22.245548149715976
17685,26.58727145973562
17722,30.74688059915193
17723,33.26617889598486
17724,35.09611874282596
17725,36.451241872284264
17726,38.19029846881257
17727,36.53505201168369
17728,37.26865691074907
17729,36.61470767777071
17730,28.333364619078015
17731,30.571663480242453
17732,33.09050718841005
17733,46.727868781076964
17765,20.832804058971384
17766,21.356287102453074
17767,24.664634707865353
17768,26.698211072334697
17769,27.318027276059773
17770,29.35475650913018
17771,18.45481737101773
17772,19.943333228406345
17773,26.441989613761987
17774,28.258497785149462
17775,30.600822116644004
17776,31.037496825709784
17797,31.46129269313978
17798,30.509609561720875
17799,29.7158142246368
17800,31.924272201346312
17847,34.19299680600323
17848,34.88322980196217
17849,36.97155173280017
17850,38.72636279945726
17851,18.824646037843447
17852,25.60238108644068
17853,29.168899589607786
17854,30.287546926496496
17855,3.9821999237154624
17882,2.5477522194033657
17883,2.5477522194033657
17884,3.097132324671768
17885,43.850798516976845
17886,46.98373901154809
17936,52.964005419555534
17937,58.46002192410555
17938,31.6151061077106
17939,33.745686284500024
17940,35.45539341514759
17951,37.83283632377028
17952,35.515131067475124
17953,43.158707866851344
17954,47.46639992982154
17955,48.92699446200154
17956,48.43810285222028
17957,49.38360711852648
17958,48.618944611777046
17959,47.28058196189616
17960,26.844520244095428
17961,40.38877536108276
17987,45.729603986484115
17988,43.56746180690543
17989,45.62717988372519
17990,45.10385355599514
17991,46.440307513207706
17997,53.19282846982379
17998,57.500502978504684
17999,57.665146027699905
18000,59.439826303895636
18001,61.693785487043684
18002,61.62453803315637
18003,64.41607289668347
18004,66.0653335091244
18005,68.86605188459615
18006,70.64408390204274
18007,71.9027098138413
18008,12.908180030320148
18096,11.217025828784871
18097,13.515085867447048
18098,14.96763511480707
18099,15.995662174690393
18100,20.03971236733871
18101,24.58121463040193
18102,30.311729059716402
18103,33.88192831687752
18104,34.78826452359346
18105,35.656939414089386
18106,38.82329687017688
18107,35.52884210414298
18108,36.742200130286
18109,36.63864467994137
18110,37.62753478165893
18111,38.39718292358121
18112,53.62039049871106
18113,53.521576702935306
18124,53.17400663669307
18125,51.207992860608265
18126,52.72383193484048
18127,53.067458981902334
18128,56.273328321703936
18129,58.94244525130589
18130,58.756879332587964
18131,58.62860455669761
18132,57.94448051966226
18133,58.13014300268288
18134,3.952972453603547
18135,2.3229547221753473
18184,4.357236388056317
18185,5.660039710091069
18186,39.67573899640378
18187,40.833286075507694
18188,40.447523745525366
18189,42.972175203380154
18190,45.27151960643626
18191,49.053860976039175
18192,51.10498701066001
18193,53.221519407004415
18194,53.79151823677259
18195,55.613815122061425
18221,55.366608865245745
18222,56.6303332306616
18223,39.66311433732476
18224,41.22592826383404
18321,43.53106715625334
18322,46.72992237984239
18323,50.64274653122835
18324,34.242221407721786
18325,36.54841551437275
18326,35.517399751388986
18327,44.32244443964806
18328,45.88422879244342
18329,54.50269604983501
18330,58.870446957578764
18331,61.43863644345208
18332,67.25057465869553
18391,69.60764028226714
18392,70.71672356123197
18393,71.98240656581788
18394,46.827320654532855
18395,46.358493257784865
18396,46.68897909759606
18397,50.54043549806267
18398,54.62361836424399
18399,49.96597795902072
18400,17.960764527022388
18401,24.669211274648717
18402,29.7602076978756
18403,32.12178029034649
18404,36.01308384994985
18405,37.19723017253262
18406,39.09735591610832
18407,40.44310519377554
18408,44.21918362693198
18479,48.58290243048753
18480,51.83349061788163
18481,52.085648325361554
18482,10.311566287030933
18483,13.165879599024581
18484,14.827964048196117
18485,15.318732803084648
18486,34.47358389848369
18487,35.974204438317486
18488,37.62777717722663
18489,37.59682472835942
18490,40.13379355403971
18566,39.49501715051116
18567,40.70099998727061
18568,49.96982761863246
18569,53.835206007430415
18570,8.483590424633874
18571,10.307177632298334
18572,14.64399023411948
18573,15.918150633727334
18574,17.630865396483895
18575,17.801977574588168
18576,17.23002048023029
18577,23.896719527531676
18578,28.384564287975998
18579,28.10563323385938
18580,29.917855212028275
18581,31.29200678820946
18653,24.26696769631835
18654,27.766362770675713
18655,41.1864677158141
18656,54.84844639856716
18657,63.22891661862349
18658,55.126531321585624
18659,57.71791233875393
18660,56.02907126024101
18661,60.154599529736394
18662,60.783737679903716
18663,63.08500808896389
18664,61.623523164296586
18665,63.39102148381995
18666,61.006304021482165
18667,62.52607878731432
18668,65.03096112062863
18669,67.68380802119398
18670,9.34541432662541
18671,8.31599080349974
18672,8.803957533905756
18673,10.41226825962566
18674,13.350125583819196
18757,15.099500896168212
18758,15.36076114374699
18759,23.558202604784686
18760,27.36219793951608
18761,31.341984996588618
18780,31.11850137640483
18781,31.882411371665057
18782,22.564960628835802
18783,25.050594634777926
18816,26.458184857594663
18817,31.48867347906227
18818,32.497938502713204
18819,37.077998989205405
18841,44.73533590942001
18842,40.91901484542064
18843,46.65673776050141
18844,45.48854423423468
18845,55.19968364191857
18846,58.79846895635331
18873,31.884410202773573
18874,37.964774970555595
18875,40.755084471910045
18876,45.45840276752558
18947,47.61675120525178
18948,49.496430900640775
18949,49.6820591780916
18950,54.1564304356895
18951,56.72274620280921
18952,53.975742421400106
18953,57.86510553214688
18954,60.73396865391938
18955,10.088036104682551
18956,7.901711961408343
18957,8.611927014288868
18958,13.447850232981704
18979,15.41512540794729
18980,15.314224065973162
18981,18.14916108853641
18982,25.022621106151124
18983,31.003864350530474
18984,31.583082252779167
18985,37.28683142744879
18986,36.96993896929583
18987,19.70714080935264
18988,21.955180528845347
18989,27.256658131829322
18990,31.282340763728925
18991,30.32228645643894
18992,33.76282662205083
18993,36.9042320158405
18994,36.2086313712321
18995,36.932051084980394
18996,16.34467857493836
18997,15.908735500533755
18998,15.778339961368031
18999,19.01416487747145
19000,23.87281813427738
19001,37.761181090273766
19002,41.70745246354792
19003,43.11711999022316
19004,44.255249733938655
19005,45.38278862384153
19006,44.43365009304308
19007,45.66523877136899
19008,20.69827243469919
19105,21.505835868621713
19106,26.521751258032467
19107,35.23332546154061
19108,29.36030735239028
19109,31.06104986245937
19110,31.80655285623278
19111,32.72431677386358
19112,12.755876573980373
19113,14.302412505594043
19114,15.86852972233567
19115,21.741013560722767
19116,24.318237640589913
19259,27.16933750580112
19260,29.99945915059359
19261,35.48463085912195
19262,38.022238579086626
19263,37.85108686818008
19264,37.5533103951426
19265,46.881875361273174
19266,29.014161624782204
19278,39.46916401773466
19279,44.607712135130384
19280,48.549214969866966
19281,28.56907983070909
19312,31.973400377164783
19313,41.97206298866152
19314,45.3805018659771
19315,14.692445549137794
19350,13.776978546952725
19351,27.24822001211912
19352,29.769291350936623
19353,27.05958928853498
19368,24.43154635516971
19369,24.851882050204217
19370,25.53423741082676
19371,28.936318668585074
19372,10.321735064624228
19373,20.836425084795888
19374,22.75690279475474
19375,24.83780899054731
19376,33.96645323015752
19377,39.6775725298295
19378,39.4305970836013
19379,42.8522334519102
19397,45.269361439635176
19398,44.44581955190845
19399,46.74236934437217
19400,46.85335462536637
19430,33.947245290718286
19431,38.39927275105731
19432,42.241680876536044
19433,50.10855523251119
19434,38.01873761284285
19435,36.925808346360576
19436,39.73447584793713
19437,40.742090837985195
19438,40.87269580653789
19439,41.05278042182703
19440,43.02896309022648
19441,43.19593708501717
19454,49.285660885538036
19455,52.81697085978935
19456,58.13039101410532
19457,58.384187655797014
19458,22.23727656959826
19459,31.71861528191697
19460,37.331858266374276
19461,42.17606268219144
19462,42.46372473288704
19463,16.479130945236186
19501,15.645650588771112
19502,17.621470528797726
19503,23.53076432991431
19504,28.077127699611363
19505,25.579825657228355
19506,30.602650774773227
19507,33.91180797234219
19508,35.843988091393605
19509,37.91059870462907
19510,41.58652313545749
19511,49.6340226140109
19512,24.149771234548194
19566,24.637108011347397
19567,27.877574632302817
19568,38.949004234056154
19569,5.41232068177693
19570,5.903356896557939
19571,6.498110236094017
19572,11.002180367274319
19573,12.080158819509707
19574,14.047375266841602
19575,14.147058269749257
19576,25.400323289539553
19577,27.833798530254008
19590,28.757276184220714
19591,24.175758252064405
19592,24.062558079610607
19593,33.48635511103084
19687,36.1051628489343
19688,13.35977842097422
19689,14.736951614638153
19690,14.80676951222906
19691,15.167512194381604
19692,15.183124383838996
19693,15.277198945876789
19694,16.062731042837854
19695,28.942467106179887
19696,32.933223131508385
19697,32.34398888391174
19698,33.356418548350455
19759,34.52746567534184
19760,26.00148246044021
19761,42.28962843547299
19762,46.65289506387109
19775,51.243639529829395
19776,28.49977943132733
19777,37.15521744142384
19778,40.96892645084021
19914,43.004652580777034
19915,45.003606630040835
19916,45.44758367523822
19917,45.87885128053752
19926,47.72577663953975
19927,47.084401612078764
19928,47.215516742168575
19929,47.03810572982101
19930,50.23906578733086
19931,45.891592440670635
19932,51.77169261119928
19933,56.06463732303705
19934,57.687810048851034
19935,40.3409212492463
19936,46.83111131009067
19937,51.26651235659773
20000,56.41889033069572
20001,54.219434523167244
20002,57.92510299505663
20003,56.485544041691995
20004,57.82093712029165
20005,60.01255234990595
20006,62.448268223594354
20007,60.82768947004366
20008,61.158365194979055
20009,34.26335630895573
20010,36.05988556302492
20011,41.594404840805645
20012,47.61066609429708
20013,49.68199429832368
20014,47.79627107990996
20015,51.554387303524614
20016,52.399666334808686
20017,56.617366216462884
20018,59.473968943772576
20019,20.48893342019904
20020,18.757730278989296
20021,19.292947783667938
20068,31.91599075245917
20069,39.43520546563334
20070,10.160659891396033
20071,10.427811228379566
20072,10.531028255903474
20073,17.693448737292837
20095,23.42723470082688
20096,27.249251336595407
20097,26.961877012321022
20098,28.225989326793478
20147,27.622175867553068
20148,30.142033527787433
20149,31.495932930632023
20150,32.43927677800549
20151,34.88478159628676
20164,36.24982034681485
20165,36.41023358536231
20166,43.42704872636057
20167,21.803338314883533
20168,28.261822904837697
20169,34.685111795358544
20170,41.14773332364976
20171,43.961897095850475
20172,46.77410642659144
20173,48.90141334126823
20174,49.961177338216054
20175,50.91641680195197
20245,53.34829684196111
20246,54.8302176481655
20247,55.78989464633325
20248,55.66259074167929
20249,56.737545664609776
20250,58.77348197947337
20251,60.68418387248438
20252,59.790536399938844
20253,61.2937277218597
20254,60.182371509152915
20255,62.504969594404606
20256,62.746508994389146
20285,63.91151306479996
20286,65.77514954046296
20287,19.755586854941324
20288,18.580798487114727
20289,18.29831398985973
20310,16.90089105765184
20311,23.35476085973114
20312,27.970745237865483
20313,29.793316580005133
20343,29.575423028398284
20344,29.706009467792956
20345,30.112948265384322
20346,30.753960768639143
20437,36.91004604824542
20438,39.226267605910614
20439,42.7665980619093
20440,46.218105163892204
20441,47.05574504247622
20442,49.87531841409014
20447,52.31872916740356
20448,55.76955038645248
20449,57.88146919115197
20450,61.22086894812617
20507,62.461059251058515
20508,64.41256956199693
20509,65.28931270953737
20510,66.09409106752796
20557,17.548176175684585
20558,18.933574636502666
20559,19.929376438743937
20560,24.333033370137965
20561,9.676755343025993
20562,18.010067770999296
20563,20.901191039292634
20611,20.877902314110425
20612,24.318776133993854
20613,27.266577099554972
20614,28.348972462429725
20615,34.32142772175343
20616,34.9441359163627
20738,35.573918300683744
20739,36.115767017310986
20740,36.75510325065072
20741,3.4415084883872407
20762,7.3954017075609055
20763,14.29947866816056
20764,18.91121592947717
20765,21.012585795050796
20766,32.6568221503753
20767,30.94493847089726
20768,30.796827306982436
20769,31.369035987435453
20770,31.336323449190903
20771,32.48116357183339
20772,34.96336792094793
20773,35.894098474192894
20790,36.14548419885515
20791,37.19060625159103
20792,39.38821171353435
20793,39.38738700875157
20888,28.123461133208053
20889,26.807660586425012
20890,29.155149376862003
20891,31.00354762040348
20892,31.19417787459565
20893,35.89674694879064
20894,42.22125566236638
20895,42.58542794369839
20900,45.162267961831766
20901,43.884424566305164
20902,13.384976476265631
20903,11.858782162363354
20904,14.785573175469715
20905,18.724970979644546
20906,23.456138963137434
20907,25.555787694344083
20908,27.082001035519678
20909,28.238661255527248
20953,29.866053950403757
20954,31.50576791842128
20955,33.00593218315506
20956,10.303858132779919
20957,8.611911904753773
20982,16.003608184103577
20983,18.209701490306955
20984,19.009932074554364
20985,22.71789178299392
20990,25.665812729610227
20991,30.236431370930376
20992,31.725244520209895
20993,30.8638447172005
20999,31.556890606887624
21000,31.570056673293063
21001,32.61040501951265
21002,36.529030446709626
21007,38.110148277307005
21008,41.87211760668599
21009,45.26179624890377
21010,47.87728637067486
21047,50.11951715244274
21048,50.31155855018245
21049,54.95460672333872
21050,56.159552739658395
21051,55.14897252523303
21052,57.18305366315656
21053,30.298778356783238
21054,49.43300976315758
21055,57.19936145063322
21056,60.359867196591544
21057,63.9633537334156
21058,64.43428544828238
21059,64.73255245023363
21060,64.69585766082704
21061,66.06714959045836
21089,66.10557199807839
21090,66.61217804617978
21091,65.09123713955863
21092,7.911645365282083
21093,7.395179502191852
21094,8.646677358313742
21095,9.344259492476153
21122,10.431337290053296
21123,11.962791876119958
21124,21.12676185311617
21125,22.352432373680237
21126,12.657452910952781
21127,17.997735532168534
21128,21.58090529557608
21129,22.093338685086287
21130,23.074925960054806
21131,23.151785260201304
21132,25.613140773617904
21133,30.81917796076308
21189,29.828578354212933
21190,34.1136932151361
21191,33.52929795976838
21192,37.43765047729722
21193,18.592872772615955
21194,21.007717271935693
21195,25.736347977384746
21196,30.062050926195077
21197,35.20629097784296
21198,35.799149044888004
21199,39.184636994476485
21200,39.96175746626225
21234,41.40446014852613
21235,46.23277597331047
21236,50.524267812202154
21237,46.29456266518971
21238,47.2576079117024
21239,50.56674098409023
21240,56.1430978842677
21241,56.31001002895113
21242,54.81561983960894
21243,55.234880117830876
21244,31.557466634715446
21245,38.03783467831339
21246,39.585964169845624
21247,42.39103324377847
21248,46.381769150922054
21249,48.701143044805875
21250,49.59893554831753
21251,50.04334826524753
21252,50.52683270788929
21253,49.75265212479132
21254,70.5968163871072
21321,75.73339286771662
21322,75.65884696495533
21323,76.02739844188402
21324,84.28302656464467
21325,85.26457587456106
21326,90.60491504554564
21327,90.74421247385892
21328,92.5914701651205
21329,100.827435293637
21330,100.04987350162821
21331,100.33793701774063
21332,16.648523573796524
21421,15.805182047711035
21422,15.591831512421608
21423,19.287260469319936
21424,23.89044391771811
21469,25.433785830585606
21470,18.45974443778957
21471,25.085370140107827
21472,29.495105697663025
21473,33.29734543712762
21474,34.19099639875969
21475,34.04356644759601
21476,43.404124416617705
21477,42.73843813217526
21478,43.83791713881528
21491,43.11430179355331
21492,47.56486334422024
21493,52.460371645348594
21494,55.81498496963959
21495,56.616701888801295
21496,56.92224423795384
21497,56.19640886382016
21498,8.597508807905701
21499,8.081402060914847
21500,10.3539738291003
21501,12.355463074966853
21502,14.998425327635847
21553,17.064744853207035
21554,18.782141970170255
21555,23.150692071160066
21556,33.078279279203265
21557,36.73442593122204
21558,36.15075916752268
21559,43.03898325268266
21560,46.574094256245516
21605,40.58509788300586
21606,51.24022278128607
21607,31.201394644485923
21608,35.55992723288863
21609,55.41719923415986
21610,61.141462874478805
21611,61.22316352905021
21686,32.61040501951265
21687,29.841994280578454
21688,33.06800760371543
21689,40.78139078163243
21690,41.5988990408005
21691,47.24424839744035
21692,54.962431196633005
21693,55.810636397562895
21694,53.350330500038176
21695,55.600089073127336
21696,56.67729813034717
21697,56.78383516934419
21698,28.858319987350704
21699,30.756688107427422
21700,31.28528200976172
21701,39.66675604265996
21735,9.282483092696951
21736,9.564366029250012
21737,10.810020809319747
21738,9.454478677857713
21739,11.340018684483168
21740,4.222127225773047
21741,5.966967267232148
21742,8.993579059699556
21743,8.303819267944338
21744,15.920832608522888
21745,17.911415659435065
21746,18.431079281409964
21840,17.847211004427955
21841,24.71621742292247
21842,27.382332256735744
21843,14.727744050171246
21844,15.750058234140038
21845,15.680769454336353
21875,15.741233450863582
21876,21.203960017317602
21877,38.42377783035809
21878,50.02062654006234
21879,48.80570060099541
21880,53.225633307120155
21891,55.656492854524835
21892,57.48072040602271
21893,59.20128684911095
21894,59.984205134117786
21934,61.3485959281703
21935,62.87140153415873
21936,64.6111775697868
21937,20.561242140839443
21938,24.82140644474894
21939,27.137482833141924
21940,28.757970752239256
21941,29.963989130850834
21942,32.6960160077996
21943,35.49390306616818
21944,38.68892446426681
21945,42.53355142186558
22029,44.45536033327523
22030,45.11698213212696
22031,46.95358723821083
22032,10.812269916976636
22033,7.074824150397736
22034,9.863887198578233
22208,16.205075123093945
22209,19.440614529144348
22210,21.212500787449613
22211,25.54703592132656
22212,31.212611301074745
22213,39.8144905495002
22214,43.090283396484026
22215,49.182217693146185
22216,49.07341373100682
22217,47.24112055170007
22218,50.596637280074944
22219,54.12419910343109
22220,53.878248862772246
22221,53.962076418140576
22222,56.765308959071135
22223,59.80499575530789
22224,61.76821313518034
22225,18.658329384137133
22226,18.26631293564407
22227,34.35529680081359
22244,39.29663878291039
22245,40.18823856368814
22246,43.14423692450451
22247,49.66769252172603
22248,51.192239719404284
22249,52.17661732229669
22250,53.99108926229915
22251,53.05637188873945
22252,54.003969028025374
22253,57.18264274350072
22254,57.422057235451796
22255,58.78746458329311
22256,10.147535133627487
22257,10.436699427534949
22258,11.144973829019092
22259,13.116871373617201
22296,17.76852149791863
22297,19.02570741409925
22298,19.108553947987748
22299,21.794838738854054
22300,23.78023075764782
22301,25.315053788979416
22302,25.899842652798164
22430,28.069747099444395
22431,17.46701092429437
22432,16.964160537999373
22433,20.0843772663781
22450,22.18653499427425
22451,24.903440588820484
22452,26.608154120102046
22453,28.43576217377969
22454,45.836056759876655
22455,43.85406110161762
22456,44.6999477225444
22457,43.56221066642814
22458,50.15098187142009
22459,29.108907984326702
22460,31.902512906479068
22484,36.0624777925009
22485,35.93405195941814
22486,37.45300529482343
22487,44.814226046020686
22488,44.87369124537404
22489,47.05030138251048
22494,22.477928331488314
22495,22.757897996767394
22496,24.522764547864224
22497,26.209722053715375
22498,27.01224789597477
22499,34.27417124536568
22500,35.183010366331054
22501,38.31637588944959
22502,38.1008291351304
22503,41.44317642265055
22504,38.85493072396583
22505,41.48548235400981
22518,42.224699480450134
22519,47.5590424774542
22520,52.88411132790624
22521,53.44261889202382
22522,42.636429811394436
22523,40.03662337910201
22524,43.29959977091137
22525,44.273790097074034
22526,42.498657607122894
22527,4.945818884099753
22528,4.691076169413811
22529,8.681873861119199
22681,9.149431267420281
22682,38.94101174481756
22683,39.82587022275461
22684,39.554360419869404
22685,39.10246481707154
22686,41.566599884443086
22687,41.34469045143508
22688,48.62124854572371
22689,52.57041993231511
22690,52.980810605174604
22691,55.93403966653611
22692,56.4608682908108
22693,57.99001599282645
22694,13.198455189826996
22695,19.680057258326137
22696,24.446026298217266
22723,29.4535928284925
22724,48.842401643836936
22725,49.325132286945035
22726,49.48503691836589
22727,60.65276853797353
22770,30.49183644267871
22771,30.980211699937268
22772,35.3707620475071
22773,35.6939303205622
22774,31.045850212910615
22775,41.588664141996674
22780,44.865854190447514
22781,45.8401794118953
22782,47.22286930152997
22783,39.14992432561248
22784,38.41121682892682
22785,40.9990709601305
22786,45.29173723179426
22787,20.5327927214851
22788,19.685492688345768
22789,24.42872216171986
22790,26.984774592374542
22791,38.42653420588764
22792,41.99287999587031
22793,46.52269705027935
22794,47.03507209297208
22795,48.35685347924569
22796,52.40433458362638
22797,54.67952178850923
22798,45.67797263780914
22799,47.90846619282413
22800,49.28636228724918
22801,50.95876296536123
22802,22.157448883575963
22803,23.010176562905844
22839,20.132005340681456
22840,27.792791995455822
22841,30.09100938897425
22842,28.32750290487506
22843,39.07347304135794
22844,48.30556231107961
22845,48.00705813888538
22846,50.666184741380064
22847,51.2797934286705
22848,51.60479328610487
22849,53.28546388866467
22857,53.8358256796984
22858,54.58489315745953
22859,56.863714775537915
22860,57.97888397699693
22874,30.371064839410106
22875,28.6350778375646
22876,27.3917062940858
22877,27.254013881374494
22878,30.009943863686782
22879,30.97544363108002
22888,31.33977013008017
22889,35.64635298531764
22890,43.53970942714557
22891,45.898178939289686
22892,46.46860566696266
22893,47.02603627895496
22894,20.531625826842642
22895,19.354993887589032
22896,20.337564764274884
22912,21.913874402389563
22913,30.208341435177598
22914,30.86838091081594
22915,34.3938996968298
22916,36.22742003137111
22917,37.037246219245205
22918,35.920313951256176
22919,39.26595900331381
22920,38.56651529589941
22921,51.27785154969458
22922,56.424424821122116
22923,28.70079005181885
22964,41.657251251731864
22965,54.948320670563426
22966,51.921138821796454
22967,57.395592526532816
22968,64.97665435455869
22985,69.27356777840147
22986,69.82220891501167
22987,71.02102975640992
22988,69.3169602952496
23022,71.48411212065595
23023,72.51032541719043
23024,13.541733632164814
23025,13.636436856796482
23026,12.055574669959388
23027,13.734788109025246
23028,13.230161080194643
23029,27.95733150775949
23030,15.802601397997003
23031,19.30282364116893
23032,20.926127728797123
23033,22.408456856989392
23034,23.536757233932327
23035,22.283288348654402
23036,22.840519739653896
23037,23.60172432158967
23038,24.69410123058991
23112,30.290966101619652
23113,35.53551534047272
23114,38.68263400348395
23115,17.98323396793132
23144,25.100755295152304
23145,28.546145913441116
23146,30.349935358948102
23147,4.083638600277388
23148,2.0348349728324737
23149,1.9929414457150698
23150,1.9929414457150698
23151,4.567941222574328
23152,10.128967099232739
23153,60.3379146458678
23154,62.80501671219252
23155,68.09135250105086
23178,73.00848741162648
23179,39.69022299558813
23180,37.97922309822719
23181,36.611625320187294
23182,39.760134578659525
23183,38.83574657422993
23184,38.67664822696712
23185,41.70502939505001
23186,40.14069129376218
23187,38.37630141370706
23188,44.31718446728263
23189,44.33556086309517
23190,13.269974581114043
23191,11.314970980664043
23192,11.058970045363766
23193,12.853755385009197
23194,14.06681297445581
23195,17.8610461502666
23196,47.37048935615951
23197,46.450285177935015
23198,45.83451626837175
23199,42.04876185148976
23200,49.674965366247214
23224,28.601468976950024
23225,29.619146228661776
23226,37.54189600344119
23227,41.31382618096089
23261,45.2912742075266
23262,49.74621657617711
23263,55.259493230106045
23264,57.505261380199535
23265,54.243014937062185
23266,60.40237525116676
23267,12.568130926847997
23268,14.37673839303654
23269,18.833941480542403
23270,20.080202922890187
23271,24.17187284073242
23272,17.389100136122444
23301,24.09340167023228
23302,26.90516097574375
23303,32.30737383308784
23304,34.623381589836
23305,37.355636427893586
23306,37.44506961442741
23307,43.375617117483976
23308,50.691930596880965
23309,49.94392921356281
23310,46.42052823826874
23311,51.257125715266874
23312,17.874031747547672
23313,24.31433597896361
23314,25.797051601770445
23315,40.78815162092584
23316,43.17290011566328
23317,43.85181012583285
23318,50.54935580540005
23319,51.319481329843875
23320,55.57216105847709
23321,28.77827939795774
23322,31.977844152419078
23323,34.85233042153478
23336,35.031721222560854
23337,43.023660233649046
23338,47.86758628703721
23339,50.19943658850339
23340,52.27117643918887
23341,52.03605667299266
23342,54.78339213697698
23343,56.87260873568877
23344,46.219022749978954
23345,54.701305447616065
23346,56.94321972894286
23347,58.76152434646111
23360,40.52543095955478
23361,49.12982851008388
23362,52.63264594152241
23363,52.868731319884276
23364,52.6695856155919
23365,49.60734865445797
23366,53.093863226753236
23367,54.07641239669406
23368,62.430808113150356
23369,68.78491791027494
23370,69.21230058665793
23381,70.66315258081886
23382,20.670447048766977
23383,32.67212344881085
23384,36.64440764462835
23385,38.373056301779435
23386,38.76175761056225
23387,38.40316150779949
23388,38.69070948629921
23389,42.20047452308445
23390,43.223178071289084
23391,72.45539628940487
23392,67.51761049018091
23442,63.80115592853498
23443,68.16119869198931
23444,69.0445885330388
23445,70.97758880659924
23506,70.36375688858669
23507,69.68371650400208
23508,70.22057585698506
23509,70.46226663717042
23510,71.40675806999376
23511,71.8141009759774
23512,14.418905324662953
23513,29.05249234872176
23514,33.23817222402758
23515,33.541221038498264
23516,35.98501388915965
23517,38.22413560777744
23552,38.160744503439844
23553,39.49437128663977
23554,42.7005073533619
23555,43.28723449482851
23556,44.1218601840033
23557,42.44936258985461
23558,28.54227222311989
23559,26.766353559903017
23560,27.192276634844216
23561,32.86879458977691
23562,35.240236493137296
23563,35.10709654134836
23564,38.36956394304454
23565,47.23702525176808
23566,51.49397129172369
23567,50.25343664584279
23568,53.809404149138174
23569,55.95481417951198
23570,7.950661759240185
23571,4.315147321740047
23572,11.169222435291742
23573,14.241945294648179
23574,14.772758999325156
23575,19.219759002376325
23604,21.945957013135644
23605,24.43862749206696
23606,25.542182367862758
23607,28.08842310417533
23608,55.191136591520234
23609,62.71288426428787
23614,64.44259646008945
23615,61.57073022307649
23616,67.59844926431524
23617,70.91287977016285
23618,70.54408236865956
23619,73.57082411701661
23620,72.08114004553357
23621,73.62920977663288
23622,74.38806267669818
23623,74.88665387923527
23624,9.858025478237963
23625,25.09516461096198
23655,27.80145985131302
23656,29.55694383441035
23657,32.52109876672917
23658,35.75990755472961
23659,37.52654210963768
23660,45.198140387293556
23661,49.27599642083103
23662,50.477197716891574
23663,51.57604822933209
23664,52.99319590328323
23665,21.492517459432477
23666,32.81147335988281
23667,36.30680503544823
23668,39.15348658633629
23669,31.611470513817316
23670,36.50359469675992
23671,38.306039705435815
23672,51.643101930725926
23673,64.4028351061609
23686,20.357400050646916
23687,31.591430489822123
23688,35.79944350358896
23689,37.40287437100113
23690,38.68894555436901
23691,39.724060324120885
23692,41.776781784152234
23693,44.66294393602943
23694,44.859967827139926
23695,45.57285843177774
23696,4.611530605073481
23697,4.041675575818212
23711,4.8531644859211704
23712,5.733159597522486
23713,8.33676498495431
23714,15.0622487532906
23715,16.49052282463753
23716,16.763013036628177
23717,18.977141451319216
23718,21.0796235062927
23719,23.75400404562677
23720,25.441343768262755
23721,32.7007801958483
23722,39.92298785224711
23809,43.162893219948266
23810,49.81043534706567
23811,56.49042391419667
23812,58.886111241648315
23813,61.3988427735616
23814,61.75150860959502
23815,60.17659410361387
23816,28.66770393615791
23817,34.99631846815471
23818,36.98298600424257
23845,38.2640196414097
23846,30.249300852190242
23847,38.24598222736064
23848,41.11090481770089
23849,43.620291091756464
23850,43.46045493376882
23851,42.56170967143606
23852,44.039473451018694
23853,22.011928469472803
23854,27.229780972734357
23855,29.676889846225748
23856,31.164181869536986
23890,38.198140883168676
23891,40.516792373330354
23892,39.69262194382978
23893,39.029063076743796
23894,40.635540408995574
23895,47.14687671954082
23896,50.241548830324746
23897,49.13701300524139
23898,29.293981543508973
23899,27.327220773850186
23900,24.99534577448166
23901,24.944767131580733
23946,31.49593996572632
23947,31.951875551005955
23948,38.297970142433876
23949,23.329848568095727
23950,26.26501898794117
23951,31.136291556923684
23952,33.80835873656867
23953,9.450674514419573
23954,10.210036473220667
23955,19.56644190030518
23956,22.68109677495835
23957,24.06151888552829
23958,10.026368067000282
23959,17.510585374483522
23960,23.702544050855415
23961,30.323321833472836
23962,31.966866873973643
23963,34.67676310011489
23964,35.15980165517084
23965,41.58621534447551
23978,46.05021002113151
23979,50.51182117529158
23980,49.350380122050495
23981,20.08128782332925
23982,18.898184113912492
23983,19.526563709196754
23988,19.58940590422545
23989,19.718162799313465
23990,19.789307794822086
23991,24.521196826352508
23992,30.957082927675728
23993,33.146341557053184
23994,33.727081382947496
23995,35.22399660124509
23996,34.81493734089806
23997,19.72447514806815
23998,20.32458727123674
23999,21.4739853539154
24034,33.12573806496827
24035,33.518685343692404
24036,34.59234425783662
24037,33.349930867583474
24047,36.02306391298379
24048,37.1183826669883
24049,41.57617017091241
24050,44.853276346391276
24051,48.689752139533454
24052,18.885843224665127
24053,25.43208181781139
24054,26.786765290354438
24055,30.489591113064396
24056,13.428763887670641
24057,11.839725796746928
24058,13.667570570824347
24147,24.903509213499653
24148,26.42403681413371
24149,28.118381310445557
24150,28.650665724758365
24151,31.19493104513893
24152,33.48805613627271
24153,17.327869988076877
24154,17.132908247273594
24155,24.43633726990231
24172,28.187066214900987
24173,27.25860836875317
24174,28.334692518653213
24175,30.67445361437581
24176,33.56465922453604
24177,35.22659399551604
24178,40.772621307560264
24179,46.81129211188733
24180,48.41730186741138
24181,42.882440853451705
24182,44.592290399216154
24183,46.066602972327445
24184,50.50308343840921
24185,10.1364598608888
24186,10.870442787530063
24187,12.389849597402625
24188,11.176507217015727
24189,16.677198458707963
24190,19.90924471209213
24191,24.140019097034884
24192,27.812311993500213
24193,29.769375673305817
24194,32.96106971957455
24195,32.281155850662856
24201,36.375961458740015
24202,38.54772257913958
24203,39.24741383944714
24204,44.73397207353556
24224,37.587675660906534
24225,39.29889045676872
24226,40.44939437793652
24227,51.653550948274564
24228,32.736587512972235
24229,35.50755854971012
24230,44.906523111293524
24231,46.7223417761315
24232,34.137393689036486
24233,36.31045843244965
24248,30.9989214782033
24249,33.70079794479867
24250,40.18140353866931
24251,40.78983712694874
24252,39.933572708593545
24253,42.076934201936375
24254,41.486720009626154
24255,46.286059195701185
24256,47.75929549423646
24257,51.25643784837394
24258,33.56311012614433
24259,36.56782650612652
24260,37.7280297361481
24261,35.67330249371537
24262,37.94418650489342
24263,39.530806896678975
24264,42.065970014797664
24265,45.45451354527933
24266,47.48245191332433
24303,49.04915802658043
24304,48.954030339984
24305,26.954669217374473
24306,26.745748440683652
24307,27.36344201948115
24308,37.58987870345413
24309,28.577570724153343
24310,28.899514938125826
24311,28.603913416915095
24312,28.39043939926596
24313,32.273770185848115
24314,18.556154245506473
24315,18.39605266998311
24316,17.18413888809209
24317,24.63479180222662
24318,26.83803195532904
24319,26.95423581103417
24320,29.435075691273504
24321,31.36455049834888
24322,31.45637747105895
24323,31.570757961135694
24324,37.395327757319656
24325,38.89692255623364
24326,36.90976547189622
24327,40.937138306418596
24328,40.73297143352361
24329,43.24592603616067
24330,23.629049909280976
24331,27.77235710582696
24332,30.10861581619212
24333,29.86156652086018
24334,33.50779502289415
24370,3.96001661851523
24371,25.278449933978866
24372,29.202747300284024
24373,32.35745860473415
24392,36.314823772365436
24393,34.426676277908655
24394,40.77878988640476
24395,53.4280930892588
24436,55.29029403685364
24437,12.987206670361969
24438,11.690595795796577
24439,12.224761004126584
24456,16.90542250370008
24457,22.069968182140947
24458,27.471333256085238
24459,36.839295716021894
24492,41.23253843077098
24493,39.18056543724632
24494,45.77871310364881
24495,50.56049014610114
24496,50.64147631285679
24657,51.867060877520586
24658,53.11410328385018
24659,55.299084960107656
24660,57.52222338998665
24750,35.54859122665068
24751,33.83085982146652
24752,37.56002042491929
24753,40.46115521199947
24754,39.8434144103639
24755,42.99398483627719
24756,53.859229870828486
24829,56.511450269011554
24830,58.33704490570286
24831,58.147242372012194
24832,59.56444449507561
24833,60.869773963018886
24834,14.7806725544897
24835,24.11372348635577
24836,27.071839183935154
24837,26.76409132764394
24838,46.80586241608895
24839,45.89415979490423
24840,45.77029113917273
24841,48.61343253969652
24939,49.83641918007577
24940,49.92266348604258
24941,49.44752139419468
24942,52.53595556629111
24943,51.648729810242905
24944,57.10312495659809
24945,57.53126802372297
24946,56.25753556071
24947,31.79285683918849
24948,33.38676115102273
24949,29.489352443528762
24950,29.297112076111866
24989,29.988028021456838
24990,35.8423544979855
24991,37.29409218437305
24992,37.01921454087392
24993,37.64851410074113
24994,45.78507182689023
24995,49.12401992565579
24996,54.35794376093684
24997,40.33523325535134
24998,44.483805543186776
24999,46.81755464263001
25000,49.89384275215752
25076,51.398711682223784
25077,55.707671410568416
25078,57.946967259151236
25079,57.22419997746962
25080,61.567378781574895
25081,60.266694092436445
25082,61.898978061411086
25083,62.88321347331194
25084,16.80905426976928
25085,14.897595185969035
25086,16.90533797024251
25087,17.848616046917634
25144,25.749930517603886
25145,26.910522952184408
25146,26.3174608839331
25147,30.052958732737842
25148,31.973242872706834
25149,34.15562009308921
25150,35.272739396007296
25151,39.505119974476266
25152,40.53501160628064
25153,16.320206794571817
25154,14.584045841943222
25155,14.845362792121765
25182,18.585345128200313
25183,28.820747943517357
25184,28.74031521637931
25185,29.065655244736643
25186,30.21880912923712
25187,32.01929264125462
25200,40.19995215770939
25201,37.76015928312439
25202,39.175183366323616
25203,38.68885652917242
25204,38.6143758322667
25205,39.54272440515355
25206,39.99985276846736
25207,38.80325298008164
25208,40.361923658565274
25209,41.06775392908979
25210,42.66708465012168
25211,44.131434303896164
25212,17.350809801252076
25213,23.2740811887776
25214,26.54380963354256
25215,26.42290232729488
25216,30.6292849728012
25217,34.122311240078346
25218,38.57700404482929
25219,42.520933810977375
25220,42.8466752676928
25221,43.00137983742005
25222,45.04689304353136
25223,44.21972721049608
25224,28.66113417946441
25225,32.50462766129198
25226,33.04096699660708
25279,44.051028048204564
25280,53.06321235713479
25281,54.5558364375599
25282,54.855431740280636
25283,54.75107671830638
25284,56.94607054863151
25285,57.8987301879651
25286,58.639210126400144
25403,60.924096569366704
25404,12.636921526062233
25405,23.224638047147494
25406,24.35086643978227
25407,26.88101414252342
25565,42.34976415810258
25566,48.578351930408786
25567,49.589994750525925
25568,48.86509222212392
25569,52.29668906974799
25570,49.6464965977295
25571,52.46654798850958
25707,51.35133441492315
25708,32.036306714786704
25709,32.96583554895388
25710,28.300476578360836
25827,32.23960004022846
25828,33.35489454201147
25829,34.11801923450527
25830,43.01861986004302
25831,48.091439494302946
25832,5.561015298284628
25892,4.717037989066112
25893,4.943717079163611
25894,7.410998717872343
25895,9.775937613269598
25896,10.894690219934825
25897,11.777913183703225
25898,12.329257094004314
25899,13.160338086929274
25900,13.826076231697632
25901,22.544116434376605
25902,25.664413072701276
25903,37.24072013144902
25904,49.074585681032296
25905,54.30521744482755
25906,52.359256236911605
25907,54.98543351326393
25949,59.96402790642903
25950,57.373702373355094
25951,58.43483191277621
25952,61.58840067042076
25974,63.1259741503675
25975,60.28411936014732
25976,63.20541659781353
25977,12.49900157504202
26011,16.333997528442872
26012,18.927904496935295
26013,19.172391601271073
26014,23.043079834602253
26113,24.81741001697623
26114,23.59363450411006
26115,25.05871424358417
26116,25.970653987400244
26117,31.71604541823143
26118,33.626970673400805
26119,33.76669284448736
26120,43.60395117259705
26121,48.68372466008625
26122,14.659238211906235
26123,13.583224963111347
26124,16.87756210500828
26140,23.448175081019084
26141,28.382974281925673
26142,31.873054543333893
26143,35.44655141197804
26144,38.95895699496515
26145,40.25173972255421
26146,40.243813504014035
26147,40.73639018611478
26148,26.48154155023773
26149,27.33877946867226
26150,27.27166066011412
26241,27.438741884439953
26242,31.72794792892303
26243,37.790493940231
26244,40.655492422902675
26245,43.477457463908635
26246,44.08267449998869
26247,44.78428676134169
26248,45.04181175493451
26249,48.58653249203394
26250,30.306202856730266
26251,37.737402423591696
26252,44.664277634984394
26289,47.095731678857796
26290,55.381873025300614
26291,60.24893574199693
26292,28.642294977034737
26293,30.133750924522992
26294,40.096090996116075
26295,42.69460767223688
26296,44.08909949176912
26297,42.78572343358207
26298,47.53215418926176
26299,50.50561684548588
26300,53.32599253905373
26315,57.460139273369435
26316,60.807133894586144
26317,21.79870456232518
26318,25.24011258485534
26319,27.58132995110065
26320,31.937731069067755
26321,32.56884362426558
26322,44.96906613439247
26323,41.59438486978116
26324,40.41235635192083
26325,42.12033632204936
26326,45.64155713143972
26455,42.82920560527677
26456,45.71994492620797
26457,27.11605381518871
26458,24.71145842778676
26459,30.324074270846094
26460,32.89581675964577
26461,35.4781842794271
26462,42.472368191256656
26463,49.86086847953343
26508,56.90555517827923
26509,59.55336935999345
26510,60.56519126478201
26511,61.65370772209446
26512,61.865722587528616
26513,63.24897784224677
26514,67.14761541038429
26515,69.13044863122113
26516,69.41375670254199
26517,17.731304685625783
26518,16.25533286331317
26519,23.989764910789816
26520,27.11558862134526
26521,26.426458591123865
26522,16.047299910203197
26523,16.24177744449829
26524,17.739162437706618
26525,18.159459174028704
26526,17.190504100100235
26527,17.33813691452974
26528,8.647041876947153
26529,11.211016469139006
26530,12.87149443417468
26531,14.310545570736945
26564,15.008286994000992
26565,3.8378685946265536
26566,3.1107958074954563
26567,6.136460867155993
26568,17.009601168987647
26569,22.871929540296662
26570,26.696397344477933
26571,37.35408923809792
26572,45.47442889892053
26573,44.300612133982554
26574,44.74840590488023
26575,51.294805964572845
26576,57.715047415844516
26577,58.23499026862029
26578,60.71121736944244
26579,62.56707554558232
26580,64.65304491962358
26581,14.04753322687114
26582,23.75194056802462
26583,27.631272580585414
26584,26.025363938272612
26585,30.96944882561434
26586,34.91947649644912
26587,36.834223010145124
26629,39.10213200137375
26630,40.559544884096674
26631,45.22392245820237
26632,44.50826905295
26633,44.77667199770892
26634,11.528710866414352
26635,22.46925757864231
26636,25.062173044096557
26641,25.085328837989582
26642,32.87938636488195
26643,34.95728865311362
26644,36.846927426719915
26645,37.08752661278507
26704,39.09500458622444
26705,48.556488372501235
26706,52.116611398375966
26707,54.897077241369104
26708,9.604500487298404
26739,13.373346805739814
26740,15.2313771524479
26741,15.872261738495084
26742,17.84033858790725
26779,22.968625060194256
26780,24.958049041985603
26781,26.25104136310337
26782,28.861791792895254
26783,32.25754650917884
26784,41.06797065951987
26785,52.79873956724681
26786,42.983301568081195
26787,41.7435498706148
26788,38.322792807653336
26789,38.57039467910793
26790,7.361961788951654
26819,5.282347387748967
26820,17.646697022472953
26821,24.79112348918041
26822,26.28777467607028
26839,27.018175102575306
26840,30.95650964550047
26841,34.46350105360813
26842,39.70327697445878
26851,41.27181745234184
26852,41.969654420218255
26853,43.54501059898497
26854,13.269147919913468
26855,16.623445569566346
26856,19.288032174441593
26857,24.35160452702986
26858,28.482419370498135
26859,30.90207994235338
26860,30.590272053911963
26861,33.42829299409769
26862,35.478050783467005
26863,39.18423662015428
26864,43.87684085464478
26865,44.1748588863477
26866,52.5138218692154
26909,56.11406883987081
26910,57.23000404497955
26911,57.797173036664645
26912,59.65458203693003
26913,61.2759760849913
26914,13.464065260635692
26915,23.85885012199732
26916,28.551640467611303
26917,32.25945293490291
26918,33.219478257200315
26919,36.01894866072274
26920,38.21844177968123
27006,47.75176242684545
27007,52.662694737095634
27008,51.21516913201122
27009,53.09489715628917
27028,55.93814887957103
27029,21.256876028773707
27030,34.3029131495261
27031,34.47075569885548
27047,37.13115588946871
27048,37.89291849676191
27049,39.26906578813385
27050,42.66665882554188
27051,43.15313697436293
27052,47.2049375699346
27053,50.73834338178249
27054,50.29839003616049
27125,52.06380361505225
27126,15.716802394048438
27127,14.490716693957252
27128,19.477942543709165
27129,22.427021005405905
27130,25.83078242416895
27131,29.749739920869143
27132,32.11238219880399
27133,34.07006791694015
27134,36.113226306303545
27135,38.032338257530625
27136,37.46459773031421
27137,14.593063225740096
27138,17.41479559308194
27139,28.66363418558377
27140,34.49126955182231
27177,35.25833420712842
27178,17.0980879357451
27179,24.080014954411947
27180,39.34142508234188
27181,49.648670741250754
27182,53.17754217136181
27183,51.93290026699634
27184,52.328993426440526
27185,53.603613400253415
27186,54.524720845225644
27187,55.37283333492005
27188,56.53746351327833
27189,59.29168728708957
27190,47.66385549323152
27191,49.08455742763993
27192,52.60788682992095
27193,58.58423644526779
27253,62.74631886616572
27254,58.16685417010708
27255,57.676015461888994
27256,57.623271787685205
27257,61.89656996484882
27258,65.47279577577943
27259,65.74744874099879
27260,68.00972239090717
27261,20.65591580612005
27262,31.727062401706004
27263,36.22521327895084
27264,34.877588221437215
27285,37.36381398572107
27286,37.91479221191285
27287,39.93906134679145
27288,18.691000188308866
27289,33.040674292834105
27290,36.00114956699603
27291,34.140468860289864
27292,35.005630535056994
27293,38.10370502640193
27294,41.99276598490907
27295,39.51849577568539
27296,39.12204864389756
27349,43.758637105873085
27350,47.08281887894284
27351,48.429663686208045
27352,13.270649144239709
27353,13.813097187608541
27378,24.092157196302185
27379,25.842476175194154
27380,27.74272507195558
27381,25.954745794617615
27382,30.281569215325167
27383,38.97673727570847
27384,10.595432557345557
27385,17.92950478537077
27386,19.661640856343343
27387,22.067546533322233
27388,23.697519150555095
27393,13.354946923862034
27394,15.678426072006365
27395,24.260522602269976
27396,33.72941231360482
27397,34.61146904049888
27398,38.34998498169969
27399,37.628485748163044
27400,42.03818932978927
27401,43.76040042948938
27402,39.95742626801493
27403,41.686941490627916
27404,42.804436549272104
27425,50.75367101149989
27426,55.2665577787459
27427,13.602888551362916
27428,28.706351700002124
27429,35.77273449462627
27430,38.70674920591321
27431,22.25345424747293
27432,34.72478338173393
27433,39.64194752776415
27434,47.148426333441535
27435,3.9644359363249544
27436,2.2465783829140937
27437,2.5837635361209665
27438,3.0014688669829614
27439,23.382081578826025
27440,29.363716812179025
27441,31.702610006349023
27442,34.314626486153635
27443,33.27418570199141
27444,35.10506647088201
27445,37.15138635266314
27446,37.963719380166474
27447,42.4485265128684
27448,44.94120199482132
27449,44.20923306505059
27450,50.482351874356986
27451,21.883346525111758
27452,30.562059911827294
27453,37.597003208200285
27454,35.08720090343251
27455,35.892338420043316
27456,40.16690123852718
27457,27.281787216030924
27458,27.5888481076109
27459,27.58903245052449
27470,37.031839533909036
27471,43.464586689757056
27472,39.79370778103179
27473,41.409795241854134
27474,42.43088760478495
27475,43.93330209425439
27482,45.18766867498453
27483,47.77774492590167
27484,48.207729988505136
27485,51.77562542005541
27486,54.41231984298298
27487,53.72739734402664
27488,58.40553222669978
27489,60.972653080697455
27490,3.3228724445135693
27491,6.155693726215421
27492,10.150509678844113
27493,11.281454338657118
27500,15.051949987241176
27501,16.513133752087395
27502,16.61662443926514
27503,17.858626173812265
27504,23.691291531806872
27578,27.340021980569485
27579,27.966246931395407
27580,29.453726513094637
27581,30.579997309715424
27582,43.64284746216994
27583,53.75530883109426
27584,57.51392586478248
27589,62.68916881384117
27590,67.77237147049884
27591,70.6618434165386
27592,68.08314330983495
27593,68.24902950291374
27594,70.50111073356362
27595,71.9446917935635
27596,72.29955391157071
27597,17.832084198808857
27598,16.65218160187786
27599,14.797958922640108
27600,25.092525083168265
27719,29.185795731001697
27720,29.5828515320604
27721,30.167493521228632
27722,34.19663032418783
27723,38.01652152768339
27724,41.224443033919044
27725,41.03304367006527
27726,37.49693934474368
27727,45.586394727721526
27728,59.82394152020381
27729,61.85811279172429
27730,39.00841143952355
27795,39.0672875581077
27796,43.229970769921565
27797,56.952055384170556
27798,30.18512294557471
27799,32.3701657886912
27800,39.95254496198778
27801,40.60908650128593
27802,30.99035947256207
27803,38.04073599926754
27804,47.801311501934485
27805,44.023495580661994
27806,40.27506977857918
27807,51.347379412332074
27808,47.81955224346148
27809,47.6823380709042
27810,50.41063404742802
27811,3.9732470561120956
27812,2.362626826786834
27813,6.162299798771593
27814,8.877844994309896
27815,10.165003952578997
27816,11.10571512311416
27817,11.10571512311416
27818,18.77664981841733
27848,21.37952990523698
27849,21.58395225027456
27850,23.000565978633247
27851,25.031933162968816
27852,17.83298636436882
27863,17.37497898849729
27864,17.42215504829408
27865,19.308921019558102
27866,26.893721622273528
27867,28.657381449372338
27868,31.553056305013758
27869,38.63148486917546
27870,43.595967076672274
27871,46.681787044003954
27872,27.08725185855616
27873,27.875431599429177
27874,29.53649577757217
27898,32.33064537240935
27899,34.22163779385038
27900,33.04832948221962
27901,39.794156100166504
27902,41.57326382156138
27903,43.2722033013302
27904,46.61206921988696
27905,50.128711118180135
27906,49.474699849885134
27907,3.5442878371662587
27908,1.6629187853761358
27909,2.2726656328699675
27933,4.188571735206909
27934,13.656717922616398
27935,12.220642380977546
27936,14.315440154609183
27937,15.822522239935465
27938,18.820095361874184
27939,19.518213957182024
27940,23.943277968361766
27941,26.497014377476308
27942,34.575979632373866
27943,37.08534885762301
27944,42.03405184871765
27945,42.65040687334183
27946,50.97027989235863
27947,55.45955999208329
27948,57.553164758293384
27949,56.086027300210446
27950,19.49967657138743
27951,26.750530334322445
27952,32.46608235606024
27977,33.1200141913181
27978,37.1015281424713
27979,47.46120367058199
27980,50.64668561251911
27981,52.30306717543538
27982,52.98619472803814
27983,18.62698310794949
27984,23.316405041799957
27985,25.521194035115197
28002,30.42016381524861
28003,36.62645009594761
28004,44.35226463466743
28005,41.214861215495155
28006,39.07348135595551
28007,42.01291808039045
28008,44.51227528709874
28009,45.471141566913666
28010,33.52633724734264
28011,33.05438519983686
28012,44.08694109382217
28013,44.94218532031797
28037,53.57058967240749
28038,57.5176623901697
28039,59.1912124222007
28040,58.740639773186096
28041,60.72493316119914
28076,63.88175088196937
28077,62.3389768108896
28078,63.89979758893524
28079,17.67560107888364
28080,19.149351344209105
28081,20.369551335341132
28082,26.502859468156892
28083,33.49368500479747
28084,48.772992807469954
28085,47.413039669299195
28086,48.570013573056734
28087,49.02351677801011
28124,48.701155223567945
28125,50.90028493413072
28126,53.85819670453615
28127,54.42742471463309
28128,57.36970614356921
28129,59.00359764485542
28130,58.28513962747349
28131,64.4262960517065
28132,31.63281795088383
28133,31.767307748758157
28134,31.18566216467341
28135,33.500982157017184
28169,35.00233970946144
28170,36.08477796424047
28171,38.8613431507509
28172,38.82587386999381
28173,41.96194276338078
28174,49.902572245358826
28175,49.22872482541026
28176,52.79763544078834
28177,27.171569301029564
28178,27.847620441187505
28179,29.268318405496665
28180,34.84918449602538
28329,23.108963422802223
28330,29.05485713836449
28331,40.19618226575504
28332,43.74577285695392
28371,46.405448531069055
28372,50.17303195064827
28373,54.603110506127564
28374,59.092955525815114
28375,60.09905638144621
28376,62.064054820760404
28377,63.25301424388178
28378,63.4601512604074
28379,14.500070576053178
28380,13.529624827741461
28381,12.062179156320235
28382,12.411373850390177
28399,12.658691222340472
28400,15.33941735702047
28401,13.576907366095806
28402,14.03771356476533
28403,14.866240898376248
28404,17.839434733445593
28405,18.953296420848318
28488,19.49717927140541
28489,19.781859173527835
28490,30.73028059049505
28491,32.35570382995465
28594,34.59791728902298
28595,34.983456828163305
28596,37.683788617299754
28597,4.882176563385131
28598,7.891554470871653
28599,12.641531408515542
28600,14.03117629523456
28601,14.702914515672363
28602,15.714651937986664
28603,16.470235565238912
28604,22.712888882994502
28605,24.345513044485347
28618,26.248703483144638
28619,29.054971949130888
28620,33.99556011363304
28621,20.322132674151394
28622,24.68922469132097
28623,26.185793738523813
28624,26.72017039065524
28625,35.83311563365729
28626,44.58016197539573
28627,44.76873268336366
28628,45.52032937228021
28629,14.46765340365252
28630,12.925146809029622
28631,12.420779097834838
28632,12.224965474729489
28633,17.744483354718945
28682,24.053883844728077
28683,25.813418515435593
28684,31.539137812808864
28685,34.34531187040694
28686,34.48898199928868
28687,34.75797304590507
28688,38.62500422946281
28689,44.786268145355045
28690,48.700672562593525
28691,49.048501048315096
28692,27.480204141713678
28693,25.34956301741674
28711,27.412411560654206
28712,32.77456970493131
28713,35.74749942778758
28714,13.596158741752026
28737,14.885492274032467
28738,29.7844193757969
28739,36.24520769164965
28740,36.355106599896345
28741,36.37552040172543
28742,38.09449506305093
28743,11.237141511844477
28744,10.61462049413942
28745,14.281433503287447
28746,15.847671710442976
28747,16.50522323120646
28748,17.492682897049296
28749,24.113600859950694
28750,27.0469206851645
28751,28.17831008559533
28752,33.507946249935245
28753,35.45578439159001
28754,40.2300967199218
28755,49.139595497369584
28756,53.28120616874951
28761,56.25620391401425
28762,58.39344579012281
28763,58.917278180974364
28764,59.548445538100125
28765,39.14820008574865
28766,42.53989205551765
28767,45.01792621513289
28768,45.40466797821097
28769,47.781971365746806
28770,50.32422759134655
28771,50.63861464031931
28772,47.70321699251213
28825,46.64135271985154
28826,47.4044455081316
28827,51.794385896289576
28828,50.53937691976885
28829,20.250182750928296
28834,28.227514417019194
28835,31.703212928207304
28836,32.008991331264575
28837,35.280175735621945
28838,35.74870320131962
28839,41.79609481486807
28840,49.75930653689599
28841,52.87116632142863
28842,54.0570684260022
28843,13.06736596391657
28844,32.50019554362346
28845,36.99524442480305
28846,39.11972149961459
28847,41.60771086008423
28848,16.683790950292046
28849,26.569016965033004
28850,29.152350102680327
28851,38.88551576383981
28852,11.461851917087115
28853,10.938496637618845
28854,11.98688783371416
28855,13.722575311593223
28901,14.804059156800664
28902,28.330925371173265
28903,31.2893838563381
28904,34.16655553645135
28905,37.964936584773376
28906,13.565076574562292
28907,12.951920381394688
28908,15.891191548536968
28909,16.71682542902792
28910,42.75559463933805
28911,43.90394722328827
28912,44.610646398446164
28913,43.23238023432203
28914,49.362854442918476
28915,16.782217054591232
28916,20.634328909099477
28917,25.96258486762213
28918,28.85372548135703
28919,28.79647185677549
28961,49.68433006322878
28962,50.8353179237572
28963,50.91067492998194
28964,53.94867945039683
28965,30.375811047014796
28966,33.98332449183104
28967,35.692862324369685
29047,36.637122386644705
29048,46.11989097361102
29049,50.89486480521742
29050,53.64251376192346
29051,53.23204722131237
29052,55.74635979514496
29053,56.677654612004126
29054,41.97733650214549
29055,44.887824513404205
29068,43.63372124115867
29069,44.89947214580549
29070,44.76582281247834
29071,48.77626968470722
29072,59.61970753411328
29073,67.0883503739701
29074,66.6602345645309
29075,68.91545688927988
29076,69.01435894159403
29077,68.61621081640003
29078,42.79315598942682
29079,47.26733898495982
29221,49.65126070337634
29222,53.15798771655825
29223,52.58520957483863
29224,57.100316658536336
29225,63.41622451773917
29226,64.73666670608222
29227,68.56823218730594
29228,13.020996337769077
29229,12.687878274576741
29230,18.66289132811962
29231,20.110485762762643
29232,21.75528207905172
29341,25.072292056785056
29342,28.917606333740014
29343,8.401167861208945
29344,16.42898539184534
29345,24.684600321182785
29346,30.22283122403951
29347,34.42886479952965
29348,20.438170404448638
29349,24.523383173623586
29350,26.56468116979053
29351,30.724686031890247
29352,31.427903543720774
29384,35.33760665469941
29385,35.510956854983995
29386,36.288738589444456
29387,41.57054298554172
29388,43.93654870308909
29389,48.472886844734425
29390,52.394791725327856
29391,12.905975319133852
29392,11.44521472023459
29393,13.771604081117099
29394,19.091511010872523
29395,23.47930696439287
29417,26.821543629832004
29418,29.158407540130202
29419,29.745480993626476
29420,31.20826041347782
29463,31.089004676799114
29464,31.0095044260859
29465,31.886858825616315
29466,7.841761576249724
29467,10.441171546628949
29468,18.962578494360628
29469,22.242359597587864
29470,22.935892038369616
29471,14.614509106294044
29472,12.61659274423358
29473,17.227940201153118
29474,22.00101599382566
29475,25.32310710135044
29476,47.41441398110172
29477,55.29986816908534
29478,61.32917642596551
29479,60.072226317810916
29480,63.42732024253867
29518,66.48907120847697
29519,70.43788027867156
29520,70.51494437319266
29521,73.15146236857782
29522,75.44619343965525
29523,75.81678058183711
29524,77.69716938426699
29525,47.6085776696737
29526,47.64643211087177
29527,44.85856290615262
29528,44.5656280322849
29529,47.9715466765988
29557,49.867133636280464
29558,50.591567579055834
29559,50.78031200238402
29560,51.72857435097859
29561,54.235036046902906
29574,61.749768193068
29575,62.1217465344274
29576,61.72182160544043
29577,61.362772955200136
29619,62.91992762723899
29620,62.94799671546131
29621,65.56851344259232
29622,66.39578973466496
29623,67.8442569295027
29624,3.5137633441148304
29625,2.323478670544899
29626,3.715885759118738
29627,7.085410992234792
29628,12.501942637042161
29629,13.295859690416082
29630,17.45918701879095
29635,19.851121984636606
29636,20.461758347482803
29637,22.034194989306766
29638,24.82385319974138
29639,26.656767187632443
29640,27.05195335752271
29641,24.15293510144861
29642,22.58802541562592
29643,22.18405514164035
29644,24.301994565748185
29645,25.17751725354463
29646,31.10329956626623
29687,33.32923945857366
29688,33.36793613053196
29689,37.396129616187636
29690,43.065807900933486
29691,49.23517693631231
29704,16.21399928911878
29705,14.452173227766492
29706,24.030776004553434
29707,27.798949129935604
29708,14.154127399373989
29709,19.57110964782404
29710,32.99844109465845
29711,35.72522838823594
29724,39.11902731833824
29725,39.16083644275994
29726,41.94818633786404
29727,3.9732470561120956
29728,37.621939566162766
29729,41.747439036133045
29730,41.49227467732276
29731,40.62825722222596
29732,43.3466211138377
29733,46.04162577044135
29734,49.96234804865253
29735,55.112645170842626
29736,58.815049591205586
29737,57.48943078472851
29738,61.019196046949155
29739,52.41823278533055
29740,53.49551062482027
29741,62.63560480521441
29742,67.28068423682902
29743,67.97500140627587
29744,67.58066445248542
29745,69.5478961140482
29746,70.4938880365396
29747,71.37702748770313
29796,71.93843309048731
29797,75.74258186886685
29798,77.690910094167
29799,15.928452287201557
29800,14.663717177639564
29801,21.900703441157006
29802,29.30005551806602
29803,29.378381337498155
29804,30.457759589850127
29805,30.927048641054157
29806,32.177697118190345
29807,32.038660446881714
29817,31.50330884537198
29818,32.12836932158142
29819,34.808171595936365
29820,36.175453892809465
29826,35.85345198790931
29827,38.64513468866051
29828,46.68341777972207
29829,47.286901814921805
29868,47.971988419697155
29869,49.65527054212314
29870,50.75330785935681
29871,51.74641994091123
29913,40.72586955888867
29914,41.1937204759631
29915,39.322162103445876
29916,39.05731502050012
29917,39.65774200889422
29918,39.64762059720722
29919,13.502095925277974
29920,21.81356452657708
29921,26.37638762951182
29922,29.076110981440472
29923,29.502989481019945
29924,35.79429211975351
29998,47.12026220472854
29999,51.21933869761997
30000,53.67069563799701
30001,55.10661797906289
30028,53.38190347969878
30029,53.097907252829295
30030,11.381843595129155
30031,16.545957673678785
30056,20.357222288158702
30057,21.210640524295787
30058,22.424388124619107
30059,21.95203903237965
30060,24.022871301523267
30061,25.165465915059382
30062,25.1306317950044
30063,27.153382397174283
30064,27.838043327299154
30065,31.18059239862245
30066,42.526888629065624
30145,40.94217991713817
30146,43.703008476750924
30147,41.249131196756025
30148,42.4237050904067
30149,42.35673977293526
30150,41.85553507879477
30151,44.92250951124873
30152,43.4025129310353
30153,48.80988286100626
30154,49.13299863349562
30240,51.17942537286469
30241,13.723651700887606
30242,15.62380175124069
30243,30.04373308206276
30244,36.45031275888489
30245,17.46237717173602
30246,16.818226207982857
30247,26.04547193588078
30248,28.577485405465936
30249,30.888493713571638
30250,30.956800693997767
30251,31.654418942098495
30252,34.41233292183816
30253,36.862701378332645
30254,39.856506612462375
30255,43.462940251679456
30256,47.109518033114995
30292,29.886133733509293
30293,33.05039928882146
30294,33.588941107866674
30295,38.67949001573433
30415,43.12549308115595
30416,42.922168801191916
30417,47.419124593751874
30418,55.35677274569124
30435,57.230795942850484
30436,62.211818497489375
30437,63.8876587932847
30438,63.91091687173714
30439,68.42718727683096
30440,69.25693557278653
30441,69.07960591467389
30442,70.13920198829025
30443,37.76015928312439
30444,38.62660569053022
30445,39.308816389995656
30446,42.01800427469525
30452,46.15767362349679
30453,51.189525236549485
30454,55.52124955695652
30455,13.17156760669566
30456,12.920381839897724
30457,14.67929746236181
30458,15.889413154515214
30476,17.491423309263222
30477,22.56508423893862
30478,24.903447409078883
30479,26.358851713473
30480,28.505889772081762
30481,27.630529196061424
30482,27.457140212093854
30483,27.463421756925754
30484,56.44817377469181
30485,53.68590014035292
30486,56.68748075644577
30487,55.5221529947473
30500,58.19856483850261
30501,29.5802042540025
30502,31.840809966067713
30503,41.47257071794538
30504,44.25457035553635
30505,49.42226125036222
30506,51.89759497575315
30507,54.75139136337063
30508,55.1255005802857
30509,53.02797573334879
30510,56.12118389138136
30511,59.255464736814545
30517,58.91838339099245
30518,16.008791525402426
30519,19.79561224016413
30520,25.35689311319672
30590,28.27012719164867
30591,28.43787847616278
30592,28.777472049041958
30593,29.95872117055535
30594,32.16331232039855
30595,34.0398129652019
30596,32.72498001300454
30597,41.54748815920017
30608,48.43304781394929
30609,18.421451547022674
30610,18.778574436637772
30611,18.056024649548785
30612,19.31142674212859
30613,19.62459646288628
30614,19.391850774195536
30615,19.9411240370355
30616,19.64210240341502
30617,24.31270088020957
30618,28.66098092448689
30619,27.28620969139498
30655,30.374399914003437
30656,41.11913785084305
30657,40.81869876304097
30658,44.33714332529552
30769,44.936849725445505
30770,50.91799172407703
30771,20.57804295770529
30772,22.078676424258315
30773,25.535397245782953
30774,28.26240826674184
30775,35.83640630026452
30776,35.17024621960371
30777,40.37932605354865
30778,46.178308511892695
30779,47.217740989428904
30858,47.132820043962795
30859,47.403932212140845
30860,49.35511605711956
30861,49.327389712843576
30862,50.03421085213641
30863,51.946815018317096
30864,53.35413858362011
30865,11.83939604583551
30866,10.315309503886155
30867,10.132481813022979
30868,11.092054776864442
30881,39.90028955344876
30882,39.16085349192953
30883,37.28164671850862
30884,38.747795105946565
30885,40.180997907612195
30886,40.22351792713963
30887,47.551253695728825
30888,47.91764878569598
30889,48.64771209480756
30890,49.13687072002303
30891,43.013628721119666
30892,47.020974126984925
30893,47.80823796317299
30894,52.745616758824916
30895,55.718588678906556
30896,32.75762775071037
30897,32.15978726753796
30898,33.42988218713874
30899,35.714797338800274
30900,36.105702076858975
30901,33.62607062119033
30902,33.37103172846032
30903,33.3114800148368
30904,41.22752182362588
30993,46.35811229456424
30994,16.63844064425821
30995,19.282276014352536
30996,24.37989188529699
30997,26.223266714736933
30998,31.557340059927835
30999,35.684561906090146
31000,50.08962316593046
31001,51.647821279908676
31002,7.713998587817463
31003,7.759838913955863
31004,9.279290395304956
31005,11.859010959329083
31006,13.712472666509907
31007,15.847772369989613
31008,19.272762858265153
31009,51.26392052612255
31010,53.943478493298805
31011,57.5038397225274
31012,58.18604119202241
31013,56.09922808399366
31014,54.7550297450107
31015,59.488716976471956
31016,63.719893358736826
31042,65.5917308672185
31043,67.31720648795539
31044,67.11864773989959
31045,68.5008770203752
31046,34.22321640851042
31047,30.20126299925841
31048,36.03390114087048
31049,37.79337952978903
31050,39.781016111226876
31051,48.735459819219344
31068,48.60355819645784
31069,53.40480167341808
31070,53.60733111577965
31071,54.91906658734817
31072,54.10078070500969
31073,55.35506066019947
31098,56.3340257997406
31099,58.424276284759394
31100,59.120970974228534
31101,58.9037521535403
31102,57.853003269024974
31103,59.8269907212844
31104,12.977054347064822
31113,8.552629868249259
31114,11.184179066294357
31115,13.2049573059526
31116,51.56514422697091
31117,53.56239147575724
31118,55.278407273945746
31119,59.69966030266275
31120,65.87801377701358
31181,34.988379560055215
31182,37.62703518726123
31183,47.08986867468307
31184,50.53697918311839
31185,53.63858909821566
31186,44.19973696165292
31215,53.13681512816341
31216,56.7795863028373
31217,58.40704486174073
31218,58.89742558769683
31219,57.25079146530832
31220,60.015265243956556
31419,59.48327709720543
31420,61.94023129433867
31421,62.1505509548788
31422,63.35522276874962
31443,63.58188160974295
31444,43.116225646268326
31445,46.00163866842742
31446,49.75881810178811
31447,53.38856185978745
31448,54.76535547873133
31449,53.50310397542777
31450,58.792671826964586
31451,64.91142432490705
31452,66.98046984430312
31453,21.506158823968214
31454,34.67230137244062
31483,38.063422187446655
31484,42.91733689959725
31485,17.76759568639226
31486,24.914692342711284
31487,29.64853275497316
31488,31.204948708352074
31489,30.685113143475245
31490,12.820176315185286
31491,23.492817000906527
31492,32.075949673350244
31493,34.96788545581639
31494,36.79682163809047
31495,36.727664447459595
31496,37.608498614066995
31497,41.44248024434391
31498,48.52018851113542
31499,51.18044645625692
31536,51.47937548481339
31537,52.50179517878169
31538,28.126272667984626
31539,35.610737683984226
31540,42.31512694310873
31541,41.68772544018811
31542,47.33009474067372
31543,50.65659167779418
31544,48.511491996892936
31545,50.97801249818388
31546,52.741957366129206
31547,53.87531163186268
31548,51.66331887069212
31549,55.93463307534044
31550,19.672999349481177
31551,28.770498287448554
31552,36.38142097525065
31565,35.154165520573606
31566,45.97441912979439
31567,46.69873305096219
31568,50.2075958816317
31569,48.49017179286381
31570,50.841514660565004
31599,52.03812536687671
31600,54.09516262628184
31601,39.8320841179358
31602,44.41211512910328
31603,50.22698327970715
31604,50.736962325481784
31605,13.290742482541939
31606,17.440079558138265
31607,18.267539492373167
31608,18.87944602012319
31609,18.54418643292499
31610,19.445871683880615
31627,25.219203798799555
31628,29.080614299045475
31629,32.23753786239461
31630,34.71897760487656
31631,37.13218868602139
31632,39.93022179676909
31633,3.506458558272803
31716,14.395860264928677
31717,27.264687130762695
31718,39.70142193465878
31719,18.427186439513804
31720,23.1274707482653
31733,28.423038704062368
31734,31.111855711755776
31735,33.10528166057647
31736,34.83666746949306
31786,36.09484824748065
31787,38.78007777746452
31788,38.023448516731214
31789,12.835346817065368
31832,13.401946417170862
31833,16.293913671866818
31834,16.786058841375425
31835,3.112277494894625
31836,7.527246892601028
31837,9.498778553008524
31838,11.730697040507962
31839,32.123787590083296
31840,41.0209375479722
31841,38.13296330388531
31888,46.611073148787824
31889,31.617229897075262
31890,39.323661830942235
31891,44.976308272904504
31892,49.027625592677374
31893,50.29752886761052
31894,28.844008256653574
31895,30.22528583876384
31993,33.088088241044716
31994,36.73339170119846
31995,47.661706562606064
31996,53.6977809089206
32014,63.76417081951452
32015,69.14521082510194
32016,68.87140883819993
32017,68.78611240680002
32018,70.1178173103686
32019,69.8735376548387
32020,71.09758977620086
32021,71.88834835115696
32022,69.18825801286495
32057,71.50154004240149
32058,48.0985342514549
32059,46.84270667277546
32060,49.289239230984215
32061,50.232589528431916
32062,33.56420417077745
32063,31.33087903054441
32064,30.84768603232237
32065,32.50347539667274
32066,33.66035806023288
32067,42.91021076103516
32068,48.76010856205962
32119,7.650821609860167
32120,20.77045344177275
32121,23.827214233885165
32122,24.49474848460532
32123,26.675563345747587
32124,28.855822926441295
32125,28.66605932612094
32126,31.127746122378422
32127,35.47245589521735
32213,37.71163971552119
32214,39.16148224286769
32215,39.72238854435404
32216,42.70261343406797
32217,46.96855808980689
32218,49.1464259654576
32231,49.11466601520903
32232,49.24229981165001
32233,53.13453392332239
32234,7.41368559590013
32235,8.602278838756371
32236,13.956623463635871
32237,21.088921873616293
32238,25.51488091242932
32239,26.461486019665802
32240,33.0703411029939
32241,35.33217484942913
32242,35.89030722071012
32243,39.42425265558459
32244,39.64025025063927
32245,38.150192486248635
32246,49.185931636303415
32247,53.13966423586567
32353,56.93512253025743
32354,59.02276834235238
32355,60.72636318227976
32356,22.950675743540565
32383,23.118010346686155
32384,25.775961155223904
32385,31.327460220259223
32386,34.88678431904402
32449,37.20882391326403
32450,28.21223119588
32451,32.67090904611669
32452,36.246193555426835
32453,36.75726829767506
32454,46.81332558541689
32455,49.59523584779583
32456,49.93102033404651
32457,50.38680521283378
32470,53.93387974201058
32471,61.80781918476425
32472,61.78102066883493
32473,62.513393600764246
32474,56.16165112321436
32475,58.449440053189974
32476,58.18773190407705
32477,58.570752485284295
32478,57.93344729694892
32479,58.72920456102171
32480,32.9312840103752
32527,28.001730521126788
32528,43.60914926266011
32529,50.41958193981749
32530,20.57952771589766
32608,23.715355376034783
32609,28.103184959658062
32610,31.659119285223124
32611,17.625395198727578
32627,16.174578027322134
32628,15.903552335370662
32629,15.61702999255183
32630,15.60243698902968
32713,18.67961594769845
32714,16.987423361389112
32715,18.61850248383982
32716,18.449317320915362
32717,31.85309867700038
32718,34.512159218746135
32719,36.17420712211548
32720,35.376016349459306
32721,30.30165600304312
32722,37.4049899714602
32723,39.32666259201306
32724,39.82418108375155
32725,27.872037914118177
32726,37.33416350385224
32727,39.712971876717205
32728,38.13850604091068
32729,20.26937744241867
32730,25.213378755484683
32731,26.46739642769938
32732,33.553200929165804
32733,37.41679622507489
32734,41.210078888311166
32735,41.412396876697976
32736,43.554286696151685
32741,42.7718287483647
32742,43.96255466886706
32743,47.36297313689211
32744,49.17990385565603
32745,51.09931791043364
32746,48.98253660312314
32855,50.34852847574442
32856,53.651297325351436
32857,54.74031569522707
32858,36.009981198126546
32859,36.42441093728581
32860,36.36361390858817
32871,35.47424598116752
32872,36.432772546303354
32873,39.34681676126921
32874,50.17129580828751
32875,53.311549733880845
32876,54.07391129551015
32877,56.67433356638504
32878,58.184875372151495
32879,19.760855057620603
32880,23.46933947488636
32881,27.454407956215224
32882,26.18278907198247
32901,19.562607805315885
32902,31.77502444740499
32903,36.80136294111994
32904,37.44939655359099
32905,35.97503556880336
32906,37.44136214974488
32907,39.878267845642284
32908,41.02250560081109
32909,42.795344373735816
32929,42.91631847845524
32930,45.64162778516291
32931,50.657653597479836
32932,23.41532004059551
32933,25.991803912861695
32934,27.91989414326102
32935,31.18370627500861
32936,4.471410804159294
32937,4.4267883672869495
32938,7.853849176801652
32977,11.00743957401592
32978,22.085122666444352
32979,27.205190443626513
32980,40.387261721988914
32981,41.43936544134552
33029,42.1609706081137
33030,39.79452923008819
33031,41.88852785908689
33032,41.45096509559432
33033,40.26767076873346
33034,14.500815199121382
33035,23.74483091511636
33036,26.985301288435654
33037,27.69121294140229
33038,23.480024179208375
33039,32.40636545313469
33040,34.21436506413446
33107,48.26884296845979
33108,48.27446481051925
33109,32.90622752228279
33110,38.296809435990724
33111,44.353319932634086
33112,43.34888914250143
33113,44.57847963879471
33114,44.69119636735867
33115,47.126637431927165
33116,51.28082853588853
33117,52.365398450945804
33118,52.10052480634602
33119,18.560912676874427
33120,31.825281425860855
33121,35.32061110367652
33122,37.32654802204102
33123,19.915341285773135
33124,38.20846683880665
33125,40.77034287961594
33126,42.79123016254495
33127,26.13496463007071
33128,26.924280088527357
33129,38.792469631794845
33130,43.282394160971535
33135,43.03378306471228
33136,40.272779955867726
33137,45.13101637305168
33138,46.27543790172353
33139,45.53205142856729
33140,35.61434676976144
33141,48.378640379467825
33142,60.33197804328864
33143,65.36414669418586
33144,12.979351728982728
33157,14.434431426290008
33158,19.48978130246239
33159,23.805483499286204
33160,27.144052451855707
33161,13.08347816149181
33192,17.966037028993142
33193,20.3261506404179
33194,24.085564783670378
33195,26.540082399379955
33196,28.517147155278035
33197,43.269923263117164
33198,43.69917052043025
33199,45.641047321723015
33200,46.11188345068573
33201,47.06297129183256
33202,31.63281795088383
33203,40.82386052185673
33204,44.237143814879516
33205,48.76278300698519
33206,50.97844396806571
33207,53.03100284005416
33208,55.49400435661663
33209,54.87331575363342
33210,55.449021935442715
33211,39.967144887623654
33212,44.33129096487227
33213,48.674580047485605
33214,53.54765520603417
33215,26.467961313192642
33228,29.797942114685565
33229,33.55450015272137
33230,33.939096992840305
33231,38.31888572609815
33232,43.407516119248044
33233,45.934184571740964
33254,23.33544102603571
33255,22.365438146866374
33256,22.95485781934567
33257,24.595151731770667
33258,28.77911620671309
33259,31.162240594018872
33260,30.889127600053808
33261,36.28746529329547
33262,36.113652359153484
33263,36.49511204135157
33264,44.90173294347078
33265,52.50140817617492
33266,22.10230447835047
33267,24.474506707079712
33268,26.696014194489315
33269,29.74082142189378
33270,27.06017657329885
33271,31.457828643781895
33272,31.741280388153545
33273,39.42063206103665
33274,40.81628213907315
33275,41.0264050878277
33276,40.5748787204489
33277,33.5457659576884
33278,32.53393899389962
33279,34.57238046185437
33280,34.254603578843685
33281,38.59857223464976
33336,40.616894961864766
33337,43.97512042944161
33338,46.8475595232074
33339,49.74562414400816
33483,51.96373670661712
33484,52.63202940461251
33485,57.11284134218731
33486,29.69778856137362
33487,27.65553106064164
33488,26.82079978968304
33489,28.086473907376828
33490,28.551610612837344
33491,29.014833245388303
33492,31.573328622433394
33493,30.509348642781447
33494,31.652716594111393
33495,37.33606408493584
33496,38.085475060893536
33497,40.06107202729207
33498,41.273179844389084
33499,3.8769499981885853
33512,21.260438218335196
33513,22.295114450274085
33514,22.15941153123141
33515,25.472919594454726
33516,27.06199716418674
33517,33.57501344073112
33518,44.68852649952973
33519,49.30379256534651
33520,47.731150673056305
33521,46.47880005669063
33522,46.64185541881617
33523,57.38001339979373
33528,59.900645550853646
33529,61.17099536614528
33530,33.15056426327149
33531,37.832343607793916
33639,40.58085458918195
33640,45.833595226910354
33641,51.48791218403689
33642,40.999666182777986
33659,45.13861340599
33660,51.111461619288384
33661,51.23649079091752
33662,52.83324662593045
33716,55.895911717571366
33717,58.007919738856955
33718,61.472328136255825
33719,61.5735057917033
33720,63.29283408845436
33721,62.838218861037966
33722,63.45126983954675
33723,16.223511172426527
33724,24.50464971032857
33725,43.10955532924116
33726,49.184965018651646
33727,51.038851794788556
33958,51.81362429332332
33959,52.87159321387506
33960,51.87499179644186
33961,52.3454997759977
33962,55.120883546004286
33984,55.13752192403712
33985,38.6164787422896
33986,42.07843275978574
33987,39.782110575323884
34035,42.262083267371324
34036,39.75427723708421
34037,47.596742888436694
34038,45.28674744605772
34039,45.598430003464046
34040,49.14926438383261
34041,46.0865558940664
34042,45.51069431730251
34043,49.01410659259556
34044,37.90596705275364
34045,43.62763705126475
34046,50.04228861489004
34047,53.122335663065755
34048,47.96351215988084
34049,47.216852601437864
34050,47.92357486047255
34051,53.611508682352685
34052,5.549525607390082
34053,5.880292731509661
34054,12.079925716738105
34055,13.159015456875544
34056,22.00626755349361
34057,25.015693382007246
34058,28.566848852653663
34063,34.70734817446499
34064,35.21492160880544
34065,35.53492423091451
34066,37.39866345226324
34067,41.775153779294286
34084,43.08095553081718
34085,44.30097146132956
34086,45.045460959721396
34087,32.45731414455086
34088,33.38052508449012
34089,32.61984084962302
34090,32.55579653042517
34091,30.177581709144807
34092,33.183353049924534
34093,34.86928064554646
34094,38.28447039118296
34095,31.262060736659606
34108,31.305338093696783
34109,36.36795742775987
34110,36.510998645649416
34111,30.406822396448227
34112,32.21692873101371
34176,39.82382265851356
34177,45.45607806981557
34178,42.08482103010695
34179,46.42206567002564
34180,48.687410116352915
34181,50.57995525259319
34182,51.44864824702797
34183,56.44478621902709
34184,35.531742766610535
34282,37.00997638140024
34283,37.357752816582945
34284,39.57420637248866
34285,39.06139733490586
34334,38.45575345465504
34335,40.831783984446226
34336,41.242647235249734
34337,3.0914607936190723
34427,1.4760118730992073
34428,1.434118345981804
34429,1.434118345981804
34430,5.8985955302741
34431,8.186709851943101
34432,9.865094874316899
34433,17.405621941331326
34434,18.740656217322396
34435,19.008405501003487
34436,19.427067031886814
34437,20.236876552643313
34486,17.460522635527983
34487,16.46086897361816
34488,16.281574967565625
34489,21.741888899755857
34490,24.014799852237996
34491,26.020492144362848
34492,26.385886065098486
34493,13.633654168133564
34494,12.466482834252512
34495,12.33269533715236
34496,18.719312939579815
34497,23.147715663896914
34538,7.507311495443213
34539,5.055001625617048
34540,6.715322496586878
34541,10.230671942368073
34594,45.45993580939376
34595,48.16174707697846
34596,47.227663593131716
34597,47.54858976390158
34598,48.45762946578787
34599,49.53850677545496
34600,50.335507748251985
34601,52.10262995427355
34602,52.41230343928345
34603,48.13071851041726
34604,51.60784574940149
34605,52.06142548545295
34606,53.91972409679875
34607,3.0914607936190723
34608,1.4760118730992073
34609,1.4760118730992073
34610,5.15358639261948
34611,5.95797429886665
34612,8.069203348127603
34613,11.579320737006896
34614,26.425955470599334
34615,24.165547098637127
34616,25.3385372037645
34617,37.120559538147404
34618,44.48936164565969
34619,48.49320085063182
34620,17.768375172498473
34621,33.521312943974536
34660,39.580571836930496
34661,40.59358633115566
34662,38.28104368082391
34663,40.979339836811896
34664,41.78609293164166
34665,44.424889127834106
34690,44.68167798628152
34691,47.22747711403036
34692,49.95214619300009
34693,54.01923283947492
34694,27.05195335752271
34695,24.629197619510933
34696,24.333299684799357
34697,33.007459885867455
34698,39.510702910966195
34699,41.15962193472898
34753,42.793259094294925
34754,44.66579038771205
34755,43.46706642155944
34756,45.02279554823107
34757,51.25806353836246
34758,52.05414584866948
34759,9.533380599755295
34760,6.633354623647801
34761,6.545340388713961
34762,8.497581817147376
34763,10.451894351303562
34764,27.7779548394328
34806,26.437757158439148
34807,33.20854006502101
34808,35.29738963817562
34809,37.003506892148394
34810,39.7702153177409
34864,41.68103132270057
34865,40.81468696867963
34866,42.36261479616703
34867,47.2455210580484
34874,51.22414847294792
34875,51.31122131065701
34876,30.39489594289304
34877,37.89930241232562
34906,43.260040379051446
34907,48.12192819343205
34908,48.66537385860129
34909,44.637724484448675
34910,51.63249011366317
34911,51.51438587097247
34912,52.1765677489205
34913,54.16045503094268
34938,29.956134528801908
34939,34.51668039895155
34940,47.84683566397589
34941,48.86154028694593
34942,50.88739553005219
34949,36.41295858674134
34950,41.65060644610169
34951,47.25582753797579
34952,46.762656690866514
34953,48.2614473065052
34998,50.57772865806106
34999,56.405973938614466
35000,57.922218310520066
35001,62.26607739765011
35002,61.98721701190834
35078,61.31128407662061
35079,62.70027414818535
35080,22.295948983952098
35081,22.201179206490476
35111,31.602335640778705
35112,33.78929181191021
35113,29.549019251731277
35114,32.470319111383596
35115,30.546227728843213
35116,37.65664396791524
35117,39.91972556246806
35118,40.74818926772457
35119,46.5485653780642
35120,48.20918333275554
35121,48.77226204482889
35122,50.27158867736548
35177,50.29453598051709
35178,50.44293925610121
35179,26.58183427604598
35180,25.964684619562515
35181,30.191837016728897
35207,30.98395841936504
35208,34.390891063604606
35209,40.10319867124946
35210,47.768344244633134
35211,49.57778531954373
35212,48.576062004251334
35213,51.77641922757015
35214,9.362491414654912
35215,7.781387451251321
35216,12.326454375716125
35217,14.735218151546714
35218,4.226781668815872
35277,2.2451501863371113
35278,2.753596019588912
35279,3.048908621425489
35280,43.67623879135153
35281,49.01516300060786
35282,56.299643035649176
35283,57.28545710658058
35284,57.84016022949352
35285,59.11480626416511
35286,58.626068391742585
35287,61.12875208839957
35288,61.64190811570668
35289,59.70928904626482
35389,63.361495467435454
35390,64.53415087508844
35391,7.367925974131384
35392,5.051732200106119
35393,6.206501456530423
35394,13.093624449873301
35395,17.520756728713703
35396,18.616376413308686
35397,19.087984394582097
35398,23.874908025217056
35399,27.234915832498366
35400,29.215740838586196
35401,30.699340996836675
35402,31.14107353246971
35403,5.534292480970495
35404,3.306962374100583
35405,7.586960516485075
35406,8.980684872598692
35407,10.431337290053296
35408,13.780836831791953
35409,15.082297495238656
35410,23.5763594281902
35411,25.867632331645773
35412,27.11886432344402
35438,28.104936399535244
35439,28.462477226565543
35440,37.72883787659667
35441,45.932594641505176
35442,54.34116356318233
35443,58.72728865499823
35444,17.974001983552018
35445,19.10257289686661
35446,21.138023673359218
35447,21.540724406723648
35448,18.629043147213455
35545,16.801277094309828
35546,26.867294093507322
35547,33.404970509643825
35548,17.983644443830226
35549,17.547576951505285
35550,17.563577318554607
35551,25.390229889370392
35552,55.791871377401755
35553,68.82534429200376
35554,68.88078614582605
35555,64.06099105101387
35556,64.00938590050066
35557,66.15719142344474
35558,65.7432833580155
35559,64.19991269178097
35560,66.91672850388292
35614,68.00854498132087
35615,68.1706432945366
35616,67.56317350412947
35617,20.564864288612128
35618,19.010751569131656
35619,18.504001562632777
35620,18.833248463477908
35621,21.094137543396315
35622,24.72826217114395
35623,29.30254491150431
35624,31.14833897571859
35625,20.109419234599127
35626,20.176588141867388
35627,18.971374903305247
35628,19.147766713040898
35629,23.964792565979533
35630,27.066457642252654
35631,28.847533187711726
35632,30.638958733920713
35676,34.90708683813433
35677,31.969612752789768
35678,32.67794854038258
35679,36.349543259987044
35680,51.33510653307961
35681,55.447779481941126
35682,3.385305816099754
35683,2.500941657571774
35684,7.82280192720705
35685,12.86586645084624
35686,18.979202743574564
35687,21.197760466818444
35706,21.78857875436849
35707,21.866847257751772
35708,22.0857582728628
35709,24.626643491227775
35710,29.04558421128428
35711,29.883352396109228
35712,20.566903056818635
35713,24.708708624298364
35714,25.804216614896422
35715,39.04277695295794
35716,10.417149047185783
35717,18.440647177658672
35718,20.617476992180357
35719,21.32469197918703
35720,21.724293694139497
35721,23.87444688869082
35727,29.487678728778466
35728,17.650001813394265
35729,26.14927006638567
35730,29.989986234741494
35731,23.027403668025027
35732,29.312839197853584
35733,17.688192829272936
35734,30.621772407235547
35735,31.09354596615202
35736,33.25154235331153
35737,34.515855588091746
35738,36.740115975829454
35745,37.592153903146205
35746,43.99106832263022
35747,44.692964140636974
35748,55.42293064674929
35749,62.540288444949326
35824,66.26120090201117
35825,32.3624713622003
35826,32.15726493251655
35827,32.37757031216575
35902,43.02050554595146
35903,31.5385762218675
35904,38.62314552755464
35905,38.13781579922954
35922,38.314229027828695
35923,39.952292108266334
35924,39.685974975889785
35925,43.06294703185397
35926,42.93412607303109
35927,46.483728611217316
35928,48.1282975603114
35929,51.81870486032012
35930,50.48247479838819
35931,18.628140149111477
35932,18.173667938781872
35933,17.06112703639545
35974,30.957031961306868
35975,24.11269049487659
35976,27.16617488178846
35977,27.847677353991728
35978,26.682452807119027
35979,34.496432852822544
35980,38.34316320550643
35981,38.67889997315994
35982,41.66183235736036
35983,44.98452582555547
35984,43.08980588383316
35985,45.53237651753776
35986,17.73715980700893
35987,16.871672862534307
35988,18.444551460662478
35989,19.049554937443308
35990,19.76285726232573
36068,20.1257255796183
36069,3.6159439960316853
36070,5.312947568233322
36071,7.1454788426385765
36120,7.377960490110924
36121,14.116665238503
36122,16.555859875148425
36123,16.74036451548337
36124,16.867529417396444
36137,18.917834741932083
36138,19.88976046994942
36139,24.790719927849523
36140,27.78125794876159
36141,5.512569252695947
36142,4.2518008455150875
36143,5.251194028398573
36144,5.062717928226023
36145,7.177671506749836
36146,9.707105808686471
36147,13.10304630870569
36148,14.27723344042913
36192,14.799110446916618
36193,18.282379222554408
36194,23.854321943455382
36195,9.075951459407007
36196,9.598448930735671
36197,10.771874196951394
36198,14.548464491444854
36199,12.674120726859009
36200,16.796425805859766
36201,16.875141309005713
36202,23.922282306521492
36220,26.567080992242992
36221,29.145654169863025
36222,28.096393186327415
36223,32.54169511796409
36224,34.17535210322435
36225,35.54854492833725
36226,37.07042957015237
36227,37.8355734266636
36228,24.144319853523953
36229,42.05335755399635
36230,45.66051602887939
36231,45.44695109306942
36245,45.56313984329688
36246,18.06180614615475
36247,19.829709736677987
36248,20.103730176697372
36249,19.814293974894543
36250,27.870956346534836
36251,33.090373240058646
36252,34.95911193363254
36253,37.692119623855916
36254,38.34478487654689
36255,38.53016425230657
36256,39.41464949677315
36257,40.32121558734731
36258,57.86712269718871
36259,56.27044819050942
36260,58.92536256436597
36261,57.21818661490343
36262,59.06366988615027
36263,59.8554326572991
36264,58.94242452893475
36289,60.42137587683903
36290,60.26952679300327
36291,60.65741783146074
36292,61.46897959183781
36293,64.01768296938127
36294,8.619125480738777
36295,12.832471358603692
36296,22.617326232951488
36297,27.609024947631895
36298,14.784880764737412
36318,12.824128484757708
36319,16.40530642034427
36320,18.856992513995536
36321,20.69307175344159
36322,22.210196989041158
36323,24.617176252162178
36324,26.540755948619292
36325,35.17141761916406
36326,36.527013827810634
36327,38.9360395480001
36328,40.17192048713308
36329,34.954790036145646
36330,42.6577575591942
36331,45.75637101490074
36332,44.07389410334812
36333,44.00014189862301
36343,42.95914935009288
36344,43.274673786581744
36345,42.248670512204384
36346,45.90180752760084
36347,51.33525614647041
36348,12.68244513678547
36349,23.321740195505686
36350,28.38239391100724
36351,28.38602238456322
36352,31.332503332491367
36353,36.91607651376851
36354,46.75079025137514
36367,47.29127878029661
36368,48.896244219895046
36369,47.74008766177089
36370,49.38845640382737
36371,49.013289813380574
36372,13.913138174571515
36373,16.567764147140164
36374,23.015115039722854
36375,27.42303422077344
36441,58.25276983739946
36442,60.32401974972823
36443,63.00300606477381
36444,63.62507304675085
36445,65.85777861706988
36446,17.727076877470616
36447,16.2530367630866
36448,16.072714600076733
36449,18.640345801897496
36450,21.604223334880455
36451,24.811680382034126
36452,26.866839851361167
36453,29.690799159112405
36454,30.86770988291466
36455,34.025845375201946
36456,33.46495435280257
36457,34.810244376755655
36458,31.822316395467237
36459,36.792387777824345
36460,37.72132225293574
36461,41.473750153856734
36462,41.67385510934399
36463,48.838402010882206
36464,56.95325794641271
36523,61.21784741750649
36524,59.96747122170483
36525,61.2771883399969
36526,62.627680115395975
36601,63.25979801027454
36602,11.002514109166826
36603,19.158847119225644
36604,21.01906400564555
36605,20.955115835928762
36606,21.127917995834498
36607,20.74467717327262
36608,21.575380209886024
36609,21.57038817248638
36610,24.896510918027868
36611,13.306763309864309
36612,18.822822992923918
36618,20.47649834452571
36619,23.13414325487771
36620,24.60270432125432
36621,26.077350357992067
36637,26.648056169136254
36638,55.15498074093997
36639,58.84372418408028
36640,57.0752061858523
36641,58.053144329996925
36642,24.7702388444978
36643,34.650582107078044
36644,41.75614216466236
36645,39.659510662033476
36646,41.970703249232024
36647,45.7090277839398
36648,49.64102118526674
36649,51.62716505132728
36650,52.0411500945632
36651,53.75991358703817
36652,60.90809680430951
36653,64.67266993722872
36658,67.14955819111452
36659,66.67702454228983
36660,67.54277661138755
36661,67.09155647398276
36662,44.059964849139305
36680,47.96706907254734
36681,50.33093209526194
36682,59.30718747066884
36683,66.45457931515084
36714,65.87871233580479
36715,69.73610325433569
36716,68.82748428243261
36717,69.31940533131835
36734,70.73350292462254
36735,71.41873730754882
36736,72.2106490941839
36737,31.545420035956653
36738,30.804644891617716
36739,31.459859459826276
36740,35.531782613953204
36741,36.40542110335493
36742,50.801735057359366
36743,51.51820232098449
36744,53.93055839726964
36808,54.43195132067775
36809,54.74022354276865
36810,55.367594172353755
36811,56.027742432098286
36852,29.689534597963224
36853,28.181162281458555
36854,27.012283503782964
36855,27.646910159027023
36856,29.486337291776714
36878,30.7808848694962
36879,31.498008958263995
36880,33.89481451273626
36881,32.63804007757449
36882,33.2783664542711
36883,36.769049696769194
36884,39.1551369473435
36885,26.851354109454114
36886,27.66631491534921
36887,30.767984821606074
36888,33.40538357165108
36889,41.98634234916784
36890,46.93701046584904
36891,46.77213142944726
36892,48.670430309151065
36893,48.64585095183959
36894,52.93263155398837
36951,55.760936432900046
36952,54.84443338274792
36953,35.39670996257903
36954,42.861556457701276
36955,47.48818371797872
36956,47.52057253327404
36957,53.80439250225162
36958,58.74336498009074
36959,27.7451040198794
36960,29.849734004145642
36961,31.828280778458986
36962,31.674377612486488
36975,45.25255955232803
36976,47.84932574915934
36977,47.00527338098555
36978,46.95538050198866
37010,49.048909624466035
37011,48.32124729448775
37012,51.5092610271539
37013,59.266850118915066
37014,64.54581046124761
37015,65.83083850395957
37016,64.97045329200257
37017,67.01385804922667
37018,66.88063334236297
37019,68.51902213085637
37020,71.20127341283514
37021,72.5504788752086
37022,23.532138018784742
37023,28.507663068037047
37024,30.809144171149022
37025,33.318534289710435
37026,24.240146410883845
37027,32.273658847120835
37028,50.71646228198384
37029,51.80206093733842
37030,53.02836944288737
37031,52.14680552378778
37032,53.48940262448789
37033,54.22817300328199
37034,54.252397939131356
37035,54.95596222663151
37036,55.046465547099054
37037,54.003999614952896
37038,54.65344479731481
37039,55.612463450451905
37040,55.39110494041903
37041,57.30218379784589
37042,56.570552261484586
37043,57.48465873621119
37044,59.02915999896332
37045,55.6777374494866
37046,56.16794612765896
37047,62.69800962346909
37048,70.0011800321744
37049,8.399845878011739
37050,12.510846538072698
37051,14.39719716889904
37052,15.316502384829938
37053,29.533570609347738
37054,30.942631259883893
37055,37.03130731333989
37056,41.63696452834879
37057,16.493650389535443
37058,16.015446623516773
37059,21.819238531785526
37060,26.670578238230046
37061,37.14610465770686
37074,41.479893134340585
37075,48.864682958961914
37076,54.23377040898653
37077,55.9667711370875
37078,56.01921903749644
37079,59.164781269975094
37080,61.06420170915052
37153,61.3012670203313
37154,62.92194438853379
37155,61.893345756393074
37156,62.40838994750636
37157,8.016870946747744
37158,10.925460867025945
37159,30.7512310087051
37160,34.985649937569995
37161,35.19423878820005
37249,35.86560197843869
37250,13.33986300435175
37251,23.810392449962027
37252,27.18572935639283
37253,26.653731270860987
37254,28.044737528080738
37255,29.787773091942334
37256,30.792261572129902
37257,32.345050118524235
37258,32.358395335573256
37259,33.271444592855275
37260,37.37669844751745
37261,39.436231230015096
37262,7.788279874789817
37263,11.671093309404897
37264,13.0829178646791
37265,13.235443754132616
37266,13.19122418917009
37267,13.434541724456144
37268,41.34257457208976
37269,43.83891487192687
37270,43.7448207462484
37271,45.854320833530124
37272,50.26732406943279
37308,51.56208947829865
37309,55.16989953540678
37310,57.428397972844245
37311,58.58158839753226
37398,62.79429033744794
37399,63.158559078376996
37400,66.27229017909704
37401,27.08725185855616
37430,24.61872012770257
37431,23.243870094848962
37432,22.792220527010272
37433,22.470133629998685
37434,22.828431192905654
37435,25.346644472337825
37436,27.389741597509595
37437,30.266254535363238
37438,31.119862938856865
37439,31.296026533639846
37440,31.52372086964212
37489,22.72899382178193
37490,29.203614848350945
37491,33.918404234203656
37492,35.81258464329971
37493,36.62952348904007
37494,40.56790575248294
37495,34.441431682276615
37555,34.934597848351515
37556,34.10669427256057
37557,37.354748427663864
37558,45.245259288091255
37559,42.50473293855676
37560,43.19164264496274
37561,44.93027694284268
37562,46.88181473424273
37563,49.92834912752599
37564,49.65174633274145
37577,54.191369609613865
37578,7.8784069035125945
37579,8.693442842256667
37580,12.537212917248466
37581,12.94459132435571
37653,12.954506127171898
37654,13.201844414920272
37655,14.730873984114748
37656,23.35350889425327
37657,34.249564001184844
37658,35.99060144773739
37659,37.33611205120366
37660,37.88768059795289
37699,19.579684893345384
37700,28.18098772896083
37701,33.46585388904477
37702,35.29488100482996
37703,22.974378970248175
37704,27.14040857732983
37705,31.347917050896672
37706,36.636431975890694
37707,33.81600509096318
37708,34.62373618122544
37709,44.036689001963964
37710,51.41981804671857
37756,38.6663869965776
37757,32.29973794564841
37758,29.51673702852407
37759,34.40528229994477
37760,37.01751814674308
37761,34.63788494577337
37762,8.283707943758115
37767,16.0465911344402
37768,19.10926035104291
37769,20.570893064044558
37770,37.76081191074366
37771,39.36085372328726
37772,46.31180280845748
37773,51.81562720066771
37774,52.19835470456141
37775,53.57081940745229
37776,54.022620944728196
37777,58.00789723311229
37778,57.06036981994135
37816,60.46735399942075
37817,46.64588204637192
37818,44.49801390081933
37819,50.71488264943095
37862,50.18703205685139
37863,47.42067827386751
37864,50.408150197445785
37865,51.85205938863164
37960,54.80655496933301
37961,52.48107922003355
37962,50.86256061920395
37963,56.75659979223049
37964,58.233857673580374
37965,57.84183439862639
37966,57.79078168550836
37967,63.502278245400674
37968,63.13248456555453
37969,14.632503495982036
37970,14.25531350499594
37971,12.237166065626674
37994,23.060027697828705
37995,20.61331033420081
37996,19.622972846337994
37997,23.620114381759173
37998,26.201295972582063
38021,30.410243857780532
38022,31.98953579107708
38023,31.240263804754495
38024,33.12265813908448
38025,33.047210329473884
38026,42.10623674206095
38027,45.07275415723245
38028,48.43115895963818
38029,4.146854327901334
38030,3.0014688669829614
38109,3.049443181071165
38110,3.0766178355283382
38111,40.35474032602732
38112,44.253238017757255
38170,49.43268496683398
38171,50.2684405736686
38172,51.94212474257534
38173,56.24751955916118
38174,59.69771085360187
38175,59.33923395586311
38176,59.458582454163995
38177,8.394184962032547
38178,17.623193728546006
38179,18.584196000530348
38180,18.506385519438073
38181,19.191930002687407
38197,19.24747603322728
38198,25.941856283632415
38199,29.31357973782883
38200,30.70876356184074
38201,31.26010820902758
38202,32.74613412429392
38203,36.29303187364314
38204,55.195940157952606
38205,56.144270083918784
38206,55.54689428307844
38207,58.4976429770362
38208,55.44292952160528
38209,57.69459804482107
38210,58.41822923041989
38211,60.992884612681685
38212,64.54747541813882
38213,67.78012111009541
38214,68.24904482481408
38215,70.65078998833049
38216,2.971584224411855
38217,1.4683898361126473
38218,2.2013684487288683
38239,3.5518820101853037
38240,5.973676634089456
38241,6.9234157913196
38242,12.459479250445503
38243,14.2561273652315
38244,14.23186645310109
38295,16.21162681558224
38296,22.3019933122296
38297,31.683052209303717
38298,22.939443219883483
38299,30.1626646379605
38300,36.83100129469817
38301,37.209976067599676
38302,46.9620834652
38303,47.46699024555288
38304,48.075675283395015
38305,49.02545050870392
38306,49.52610830278841
38307,51.727101405993615
38308,54.20324434917172
38309,57.543854171927045
38310,57.81444870353327
38311,61.67593639490403
38312,61.183919343349764
38313,60.822609690886566
38314,63.696686399811355
38315,63.054540281572535
38316,66.1945852619192
38317,63.73650847776874
38318,9.64917356236935
38319,12.531394778426593
38320,13.919647863541039
38321,19.361751441493837
38322,31.57952607063825
38323,31.787468306043934
38324,32.7278338441032
38325,34.39441822616717
38326,36.08996008677736
38327,35.8677692274545
38328,41.520812369132905
38329,47.97797011961284
38330,56.44992856035449
38435,61.348453830139555
38436,64.37698531993493
38437,61.382492317295366
38438,64.33489586121513
38439,64.46700632290306
38440,65.99389750205053
38441,67.65579887880916
38442,23.33544102603571
38443,23.2590065268991
38444,24.60013942440963
38445,32.90813991094659
38446,14.727744050171246
38447,12.84519475076922
38448,22.291658208948327
38449,24.76089486199009
38450,26.196033111732817
38451,29.462278699173456
38615,29.657437363588542
38616,30.343547532185315
38617,34.46701998440252
38618,54.0049426988852
38619,57.06749971543395
38620,60.39578769394678
38621,58.00289841094633
38622,59.37721312217806
38623,60.00637259832678
38624,62.58020778050441
38625,63.447969531203256
38626,65.16376287993675
38627,67.02752217272455
38628,69.15446171570832
38629,3.04037482362609
38630,1.6094352910544727
38631,1.5675417639370695
38632,2.2282655208257003
38633,2.742586664681681
38634,4.8080513649518135
38786,8.065821944281916
38787,15.709501264820325
38788,18.38679158650324
38789,18.805350612585684
38790,19.052564507293688
38853,19.80720588191088
38854,60.4821173215401
38855,66.96057026652265
38856,64.8935721325965
38857,68.44090254790405
38858,64.52432003428243
38859,66.84097838221325
38860,67.2042140122834
38861,68.0981151550077
38862,71.08180388481976
38863,22.78155436396101
38864,25.75734533753854
38869,25.8355548577176
38870,33.469382812207535
38871,34.32222972967975
38872,52.033643522666104
38916,54.27773585377906
38917,55.35601148586216
38918,55.956064517074914
38919,57.25306891254989
38920,57.42680803320547
38921,4.222127225773047
38922,2.359830179168676
38923,3.632460504537543
38924,4.5559232908172484
38925,19.556813285953595
38926,19.781354321399874
38927,17.02091462396215
38936,16.762915854177933
38937,19.96438882578394
38938,25.73744989745998
38939,39.830771362498254
38969,45.79281178574368
38970,47.882807917885714
38971,47.502565268458376
38972,48.03735578453017
38973,4.611530605073481
38974,4.443561323460085
38975,4.971077883725378
38976,11.988381597959977
38977,13.98290318582618
38990,14.497979908541632
38991,22.19427263993844
38992,24.161908416406227
38993,24.303052733255885
38994,28.073701332393632
39004,32.53144802172915
39005,36.15154844175514
39006,25.931015349375638
39007,25.474750832452358
39008,29.516713189616613
39009,35.56674072804672
39010,18.111584432004157
39011,31.217045308462392
39012,40.00786556463527
39013,38.73530436752347
39014,44.77060975965591
39015,49.92955379480348
39040,59.48321360713794
39041,64.10422130568186
39042,8.456867607319738
39043,12.343142575595603
39089,14.474553938404226
39090,15.310403798496138
39091,37.818917695474035
39092,41.456337402333745
39222,42.022826445100506
39223,45.89567304008214
39224,39.738450121593424
39225,42.710855703877996
39226,43.51299135355741
39227,51.773683407680586
39228,51.410789573720386
39229,32.738647119283115
39230,41.02870856365243
39231,45.64887075162838
39232,46.11099074916756
39233,44.87486089547843
39252,46.59870139407574
39253,28.71430292340106
39254,30.56046568969725
39255,32.91851044129079
39256,33.25094186247302
39257,43.56665090480172
39281,47.00880687879744
39282,52.67544598205902
39283,59.754568290000826
39284,24.734919871310556
39285,25.63798900473151
39313,27.597027251639112
39314,31.69818619425989
39315,32.18287705182927
39316,35.2720535453362
39338,37.378443616130895
39339,39.86563259053893
39340,30.148398410594485
39341,28.669684570946064
39342,27.96509238262542
39343,28.13144344676182
39344,29.959049401756
39345,31.661622551527127
39346,35.42024862167652
39347,20.789039045171354
39348,24.93617857987306
39349,28.10874261632123
39408,31.994222422748585
39409,35.867117461146236
39410,38.93063745719971
39411,39.32912967642954
39412,41.2803366252708
39413,44.48648122227349
39414,48.060876126370516
39415,46.83479737405466
39416,47.620662352979544
39417,20.126352502357545
39418,18.9362961033816
39423,19.17340639410575
39424,19.426461983018143
39425,55.91298521934152
39426,56.25948522946934
39427,56.071133133115374
39428,59.39010945977131
39429,61.01175448980801
39430,61.320624378190224
39431,62.10754331095589
39436,63.091762479347615
39437,63.488213266682045
39438,63.08171769533399
39439,63.19094028430769
39440,64.27481635678521
39441,16.683790950292046
39442,20.612598078479117
39443,26.36613554145957
39444,28.610010026345044
39445,28.224991263739913
39474,30.162684634428842
39475,31.148553082342843
39476,30.969122978932262
39477,32.4443565068064
39478,33.2861550918086
39479,42.398384714534934
39480,45.7007070830903
39481,3.035085045032597
39482,3.167814213646715
39483,5.873617204728975
39484,5.727426489335011
39485,11.347003464585386
39486,13.014768951252696
39487,15.747865761931417
39488,16.874406978989825
39489,17.979083633267372
39522,29.201428989744716
39523,29.597107411376772
39524,32.369322301585164
39525,22.046069929344267
39537,21.456868144290535
39538,19.417799881685983
39539,23.681409111930808
39540,28.764344576468513
39541,31.613248777381312
39542,32.07492528072491
39543,32.70695825464289
39544,40.987308260056324
39557,42.5513057137694
39558,44.527579939755945
39559,46.97667557441823
39560,12.812506576599723
39561,22.818579788893395
39562,24.274524225167273
39563,27.843509292336858
39564,27.936153706359658
39565,28.711038531773966
39598,31.400379790251332
39599,33.154895551948535
39600,39.475147309953805
39601,46.4871742927285
39634,47.05469635502809
39635,47.51079290585907
39636,38.94880024823507
39637,40.80548946852389
39638,40.21341760370455
39639,39.06973195193626
39640,18.45481737101773
39641,24.938892998869562
39642,26.59097421296125
39643,26.208389651171576
39644,6.939210136771553
39645,5.248241809172414
39708,8.782943964363481
39709,9.59156670362352
39710,14.896144741350602
39711,16.550826754339706
39724,16.782776172892135
39725,17.09904177690075
39726,17.711867272435658
39727,28.831448253333996
39728,29.042189779555027
39729,34.16798336464848
39730,13.811478705952194
39731,23.022875911121037
39732,24.956476500381118
39773,26.193702577822314
39774,32.50086722189538
39775,17.595788738211247
39776,26.34823149062497
39777,33.2268129581132
39778,33.94064635165635
39779,36.49754676144186
39780,35.26332893785493
39781,36.43010832586232
39782,43.75322742942246
39783,42.38147614977813
39784,44.332235830431095
39785,42.8046804594402
39786,42.40702790852033
39787,33.96440383137502
39788,35.69613193998918
39789,40.37460088576604
39790,51.119685488753234
39803,56.64607032318948
39804,59.43895738294475
39805,58.770750621452805
39806,58.60991905284282
39807,59.91675989429287
39808,61.69748712965687
39809,61.90750845379474
39810,62.640636930818935
39811,13.45583939511985
39812,11.390226681373278
39813,14.85220530638909
39814,17.952116052043284
39815,17.232635792921002
39816,17.789506035491442
39817,23.57840776096422
39818,26.870497529675372
39819,29.870888211685013
39860,31.737646836722156
39861,13.17500953160198
39862,14.408927875666913
39863,17.934131856803
39864,26.192568342265883
39865,13.647228119210688
39894,17.56407780800887
39895,26.73533573839018
39896,31.827451390180222
39897,16.003794650389487
39936,22.98326053870148
39937,25.842150956743545
39938,25.492693111966407
39939,25.451113870118625
39940,28.440113577081327
39941,29.769944220887467
39942,29.239594064876858
39943,31.78058075967794
39944,32.61562644154998
39945,35.39974815125151
39946,37.2582630042563
39947,41.960020724507324
39960,46.68043965550479
39961,50.83503624648683
39962,60.931797765040955
39963,57.38414243884884
39964,54.846771132545
40034,61.859739850798235
40035,59.61290679763509
40036,63.813039476764416
40037,63.935798500076174
40038,64.18017949627162
40095,64.9750498473823
40096,8.26330458026493
40097,7.21769518676773
40098,9.679639773575557
40099,12.468157459850456
40100,13.011808493016153
40101,21.143166342651803
40131,23.23096789334683
40132,25.23784336594285
40133,27.9935624997776
40134,37.222137937021586
40135,51.611926615010574
40136,57.70935075694839
40137,60.808279864202404
40138,51.493665446722346
40206,57.66486262128983
40207,61.482266836936176
40208,60.04571689396491
40209,59.66374377107483
40210,60.915687472400656
40228,61.11576816913468
40229,62.24687992259468
40230,62.96212864848025
40231,66.40793916132007
40232,66.47438050642897
40233,70.18243063119775
40234,30.294774112545994
40235,26.568980338929734
40236,26.851383908091368
40237,29.000475750264897
40238,32.54421683123102
40239,33.45064564830828
40252,36.99340841371022
40253,34.26085489511097
40254,30.627629014325684
40255,33.48711639309426
40256,32.55961735994663
40257,41.89842596891633
40327,47.83376024247195
40328,50.07523917866105
40329,51.32242379283185
40330,51.113863832529226
40331,49.91822844205764
40332,52.843939721300224
40333,54.856007713564246
40334,34.00130022505047
40335,32.21468330722364
40336,34.28861895912924
40337,34.82962797475736
40338,34.244288937165344
40394,47.34185800919568
40395,48.96279334524515
40396,48.85910549326606
40397,53.934437759010294
40414,58.67438309860114
40415,59.9322233175806
40416,60.067325060756986
40417,28.234341609031816
40418,38.88720457148865
40419,41.51897564909822
40420,47.32196411098847
40421,47.471645006859184
40422,49.25713706232577
40423,49.84451848013116
40466,58.53530236315886
40467,64.32102745996401
40468,66.22507038353112
40469,66.4935039613987
40470,67.17586097219981
40471,28.036141200786503
40472,33.10452271007665
40473,34.72663867768198
40474,38.443042707870305
40475,26.851354109454114
40476,39.16530688732612
40481,42.47797906228279
40482,45.28629534789348
40483,50.95717703559859
40484,49.64152586370794
40485,52.72797644697082
40486,53.88773360911382
40487,55.70440544463858
40488,55.57306761846014
40489,55.79144912199043
40490,58.788177004729306
40491,28.302210359886537
40492,32.66922673483535
40493,33.81945393364267
40494,34.907226464303704
40495,34.518585918800646
40496,34.52523820888431
40497,35.36954613057188
40556,35.79722774240783
40557,37.832949923752054
40558,44.82389421619763
40559,46.00172388364271
40560,46.63191655800677
40561,28.577570724153343
40562,27.318551259455873
40563,28.283810988966408
40564,25.782255859435846
40565,27.05570281692148
40566,28.99654864728875
40567,30.36525992585867
40613,28.173258323824392
40614,29.04256072080421
40615,26.72812032947106
40616,28.272133073177915
40629,38.73210059880578
40630,26.67348204786212
40631,30.97931353389609
40632,43.59247797584752
40633,49.943734486665505
40634,20.494545087171037
40635,31.996006508912345
40636,41.62225278887664
40637,43.04234487898571
40638,45.93935570141959
40639,48.63773209922216
40740,49.15643149808421
40741,51.56027663525896
40742,56.58681116660731
40743,65.39973448473341
40744,68.84774758740514
40745,71.71703392405414
40746,11.620910310653985
40747,10.612532010129907
40748,11.080637986804469
40749,16.576284257850723
40766,31.60814327422359
40767,32.14829818897142
40768,30.938128371757525
40769,31.465487718712197
40770,32.479788006751306
40771,35.46581747056925
40772,34.801634942409095
40773,36.597149898245235
40774,44.336736578943984
40775,46.875750796117806
40776,52.343382201207675
40777,52.31113363284797
40778,8.683460290270665
40779,8.079242251261167
40780,10.038624734866984
40781,10.790296626685679
40837,15.967483448379257
40838,17.47640895859648
40839,19.762925866690345
40840,21.76211244017727
40841,27.263881979962594
40863,28.035384236290437
40864,27.214007520283413
40865,29.273049430075396
40866,32.819252781947306
40891,28.29112299532261
40892,26.636426230436996
40893,26.40499839865763
40894,25.591295907677765
40903,29.02315880021182
40904,29.85142431485105
40905,3.859122185503429
40906,2.2292788670264088
40925,2.84459469713835
40926,5.923769851919137
40927,27.341046594400563
40928,30.608330994961033
40963,36.277686060805785
40964,36.56707307081952
40965,24.097210692369114
40966,34.24784840740737
40967,39.57116415565663
40968,46.75207514414671
40969,54.487182078203965
40970,53.657958999984025
40971,54.88443632415065
40972,58.952617699705385
40973,58.95572203081319
40974,59.658278309598174
41003,59.307418390148925
41004,61.61034427440669
41005,30.163600601444895
41006,31.112563438532906
41079,30.05420840866306
41080,29.348831092261303
41081,31.68254083760007
41082,32.8927755101668
41083,34.00958010815309
41084,34.380026822753535
41101,36.850158843950084
41102,34.52255162060041
41103,33.08992821488536
41104,39.94529295166445
41105,43.1049068955573
41106,45.293414036791006
41107,44.79864793501761
41108,46.743202429753715
41109,48.12895288717509
41110,51.00077866437698
41111,52.447134724876086
41112,49.65395160248312
41129,56.58386783365659
41130,60.43077826166471
41131,63.69898169963418
41132,64.29306094840653
41133,13.324511044478696
41134,23.219449259475642
41135,26.64073656640568
41136,29.10272023155834
41137,29.683615566905026
41138,29.689688711986992
41139,40.25130308641659
41140,45.70495240818918
41141,37.79915906287509
41142,38.24793881363361
41143,47.71054738934069
41144,47.82275774840125
41145,41.155762415881085
41146,42.0213139665964
41147,43.13833247461896
41207,46.35193087666846
41208,50.27231458829749
41209,51.86349007807852
41210,52.30410186699324
41211,18.310115287733055
41212,18.08390660116214
41236,25.597116124759147
41237,28.151435031025564
41238,30.899123555371876
41239,32.19727248395925
41268,31.67708733733509
41269,34.75612258686565
41270,34.7178742177716
41271,39.03679231443014
41272,40.55344701606869
41339,45.4082468354455
41340,19.664311719920534
41341,19.447236550420467
41342,25.166815411868786
41377,27.121030996976547
41378,31.013515451929955
41379,25.934680067741596
41380,25.879670645969703
41381,34.4205887600701
41382,38.163866341681164
41383,37.77740619953181
41384,38.73654909888085
41385,39.21729744223317
41386,9.528060726518294
41387,7.7224249540203695
41388,9.759915176871738
41401,16.339719991510133
41402,24.297048479327827
41403,26.999109703679913
41404,31.247464447599363
41405,31.22065449461765
41406,31.001180030151268
41407,32.52545615517399
41446,31.992248979234038
41447,24.240146410883845
41448,34.781899895775
41449,50.66645012242507
41450,56.01672071566851
41451,57.55347667168258
41452,31.726379083107506
41453,30.816411902330692
41454,33.04353031717694
41455,33.03903446474231
41456,34.85564601054446
41457,38.294156585584815
41484,38.44444670721613
41485,39.30801327571345
41486,40.436934387689334
41487,48.11368858545068
41488,50.91767149182334
41493,52.65882484903752
41494,10.368494715343457
41495,17.804516399356512
41496,19.832066236230048
41497,24.212761448191962
41498,31.84565911973657
41499,34.28565449228355
41500,41.17591906724431
41501,41.4846992623675
41506,42.18446525804324
41507,41.82418625331708
41508,43.52611690429089
41509,34.75300147841814
41510,35.161922498950005
41511,44.1135541977816
41512,44.044592172199565
41513,53.647773766704184
41514,36.07530448901108
41515,37.98689021223856
41516,39.04272960918883
41517,40.50197617279644
41518,49.52863201446886
41519,50.467604217426775
41520,51.59125789658834
41521,22.652069421497988
41530,23.494852133640446
41531,28.67464279346248
41532,34.76948647733461
41533,35.910046795438475
41534,39.047289979863756
41535,40.94482593608588
41536,42.34057659453726
41537,42.73224301133441
41538,42.9837822465337
41539,44.39877450758076
41540,47.52318404339554
41541,28.233986280756444
41559,26.918910727691994
41560,28.99309189120716
41561,31.29150948519919
41562,31.020809952638988
41563,34.20787749276607
41564,37.42673160480232
41565,50.30203434015791
41566,59.0793345087078
41567,22.46214648624931
41568,25.7633417836417
41569,27.42964131421415
41570,36.71149965938534
41579,32.43038856132632
41580,43.820777532854216
41581,47.34839256925956
41582,48.108828081856444
41595,49.88481470037063
41596,47.6774181716374
41597,53.3489481410577
41598,56.099293788060066
41599,60.21751056968062
41600,60.95307324421874
41601,60.597594548467015
41602,60.774375415558765
41603,14.686784633158602
41604,13.892767840140541
41605,17.509757288434834
41606,18.176199193748175
41652,18.561572994941223
41653,19.039181856726696
41654,18.669711007161148
41655,20.324858929569814
41807,24.409413643487458
41808,25.535221411587614
41809,26.76191823276978
41810,32.34743948981674
41811,4.383500579312818
41812,3.8527501426796187
41813,6.781336922539491
41814,10.616949544889703
41815,10.308143820732727
41816,14.590095323990889
41817,16.10074348003429
41818,18.974158429144737
41856,20.364467557111684
41857,23.676102026798866
41858,26.174929392026574
41859,28.18237420531152
41860,31.303122513187763
41861,33.44806214737869
41862,35.926209507441015
41863,41.717213082698045
41864,22.522560941695193
41865,23.541758481966603
41866,22.2635789382422
41867,22.807885214324788
41868,26.335191516340068
41869,40.57439421138156
41870,43.95058423228661
41871,46.63579269514485
41872,47.909755643517634
41901,52.79508612044202
41902,53.20192215033222
41903,52.73752897521694
41904,23.847990789141992
41905,26.798189432035503
41906,27.99011595423679
41907,30.878163462562014
41908,36.68816490872905
41909,38.80190131414382
41910,39.739465524165375
41911,42.20743868629478
41912,42.35555912306141
41929,43.09136211508162
41930,42.44227740747408
41931,41.86153186658408
41932,20.561441822313924
41933,20.406915761492453
41934,22.075350356808354
41935,25.986728554818473
41936,34.745852532844864
41937,33.08962830175523
41938,29.846632348798387
41939,29.110536475246953
41940,32.733514890281114
41941,36.95255611433818
41942,40.411099240079686
41943,3.2506175887859796
41944,2.3145591599873705
41972,2.750705240291688
41973,3.6650727214438032
41974,4.242915137585549
41975,28.32835082092622
41976,49.64793304742146
41977,54.85480686084724
41978,57.38670019333519
42010,56.888795288508426
42011,57.684245697368866
42012,58.505078322348695
42013,32.12506376653823
42014,32.474401918909805
42015,33.7989333008831
42016,33.62322839250196
42017,35.43764189442833
42018,37.47279483535898
42019,38.71366687034244
42020,41.220685441534386
42021,48.32384247508449
42022,49.0291031627687
42023,50.95279727366132
42024,50.37956082323776
42025,33.966109180404125
42026,42.50522694854764
42027,48.553976703663636
42028,51.43543710291494
42029,51.79424596230192
42036,52.799459337367416
42037,58.91629168917516
42038,57.65896053460333
42039,57.152606637212685
42040,60.122661623996876
42121,60.768375495517915
42122,59.959821433364255
42123,27.065449664451695
42124,33.04171924591291
42125,39.35866934945936
42126,39.95276876294177
42127,49.72022213942339
42128,37.36406311227534
42129,34.05818006366142
42130,36.26316299531572
42131,38.437653485817265
42132,43.09507684390562
42133,44.31530545545103
42134,45.34162032370052
42135,48.95572926998778
42136,47.430702374872034
42137,47.85243985118887
42138,50.781425011130246
42139,54.88954649516238
42140,16.017679841352663
42141,13.14213917979503
42142,13.383179909851023
42143,18.734004356112578
42144,21.22133739631586
42181,21.56067892816207
42182,22.71089424317924
42183,25.485142739232515
42184,18.604340390532993
42404,24.82785290223108
42405,38.179247696139065
42406,41.12850532771768
42407,39.38716750895026
42408,41.48499669609885
42409,43.42020182607439
42410,49.053880006777895
42411,49.5422854410234
42412,48.522063807484535
42413,50.55982879380809
42438,51.51873683216758
42439,28.284326163337056
42440,29.080841719382235
42441,31.804929788708087
42442,34.38400041432159
42443,38.9661592574901
42444,44.00399984276477
42445,17.63105611470677
42446,16.132645294284572
42447,16.029848972780435
42448,14.725605424767382
42615,20.6957076530975
42616,40.69069028264662
42617,46.734323806722266
42618,47.751585771405715
42619,29.319757673389752
42620,30.653992946415773
42621,31.84888453965279
42622,40.295997108131836
42623,41.8723520739775
42624,43.63988800610402
42625,38.7380696268455
42626,52.74286097545126
42639,54.76541921731951
42640,57.548837412338045
42641,8.334895808126175
42642,9.645722319440408
42643,10.976448171282824
42711,12.38919214334053
42712,17.811152827933146
42713,23.3691276621531
42714,26.368871224245716
42715,28.992028836631995
42716,30.18822215268403
42717,32.35993599744753
42718,40.30920309897917
42719,40.88125517200106
42720,69.76481182009731
42721,68.50788198939813
42722,70.18944704053693
42749,72.0437505240766
42750,71.02863757315427
42751,73.34194307523605
42752,75.57301811810733
42778,73.27209316953042
42779,75.80722673394736
42780,35.13660615219897
42781,36.35948698940889
42782,35.9116419191481
42870,37.22299422514171
42871,40.746332552615826
42872,10.308143820732727
42873,10.489309211008806
42874,10.337306535136468
42875,10.337306535136468
42876,8.914280779526818
42877,11.209250762294602
42878,19.249574997847606
42879,21.612194347226474
42880,21.835999789044184
42881,8.074157491960746
42977,5.513632581220486
42978,12.341626103853699
42979,14.893728664327975
42980,15.243491545230919
42981,20.93521215739463
42982,22.650752369715292
42983,24.92294799846121
42984,32.384969583868944
42985,36.21961583891326
42986,37.3841350411046
42987,38.8764131006212
42988,11.92111378418055
42994,19.51041414642752
42995,25.62620598101323
42996,29.153522693279314
42997,36.065792703982545
42998,44.45561549434045
42999,52.32725666489327
43000,50.385072842884135
43001,51.02602570693691
43002,53.07592539210552
43003,50.67798980232001
43004,54.91657716594099
43005,20.568060097980624
43018,19.624651258429996
43019,19.22598231695914
43020,20.4960971229462
43021,14.412417035896576
43038,13.38535507061141
43039,13.350008163471447
43040,15.26008767635426
43041,15.065152583503973
43042,15.888416326242313
43043,19.326714284498202
43044,21.64040277123096
43045,21.4777936258605
43046,22.851366900555025
43047,28.74261731751473
43048,33.247786399357814
43049,48.5057368170326
43050,49.097344258851145
43051,56.14059401110717
43052,59.945015715935675
43053,62.058154459282974
43058,59.907966194559464
43059,62.05379938244608
43060,64.83011789917255
43061,62.71735418888507
43062,64.30518412940259
43063,64.53970306307872
43064,66.84605276141133
43065,28.270366190308895
43066,29.475577475519078
43067,27.278503175967764
43068,31.38498148742341
43069,32.75261141123606
43120,32.29428617589045
43121,34.04365520496143
43122,35.55029031802394
43123,45.262135028790304
43124,53.37873432907283
43125,53.74748789544115
43126,54.75587522151325
43127,28.347312482632933
43128,27.228995468847476
43129,32.00223464052057
43130,34.345736665061
43131,37.54796580065827
43132,39.05598451931573
43133,39.08628943313883
43134,39.42388505348689
43135,39.77852001299655
43145,41.88947661290271
43146,40.566564904539796
43147,39.59787044942433
43148,14.849584903350285
43149,12.538085374068322
43150,16.662786338911438
43173,19.19685546021612
43174,27.058917100622544
43175,34.82880207515495
43176,40.46210630827837
43203,40.537852599681464
43204,41.180034042876066
43205,42.472041769280175
43206,43.43054592643953
43223,44.337849878651156
43224,45.835261347754304
43225,45.70462585633902
43226,48.15893968464417
43227,50.99865561432853
43228,36.19706847623095
43229,45.021567756376605
43230,48.476418998454086
43231,49.29847022872625
43232,16.709051630122964
43233,18.45750659961446
43234,28.139832105977472
43279,32.215174150878205
43280,32.57902322678518
43281,34.855448627727625
43282,36.584308630218906
43283,38.941469489733706
43335,43.37165057017798
43336,44.48072291297446
43337,45.94060075095181
43338,47.517055211730046
43339,9.841318119018672
43340,14.240343753652157
43341,22.773103810617524
43342,30.71918368417099
43343,55.6554647159966
43344,53.3900738854764
43397,46.139389259770326
43398,48.73573852738626
43399,52.81166214247074
43400,54.52068006029171
43401,55.897837331197515
43402,54.08023674398536
43403,58.69212320574384
43404,59.25223952792468
43405,59.047352322306196
43406,59.523423197658396
43419,9.925764840507961
43420,23.23528616920649
43421,26.633731287083553
43422,30.03770916386608
43423,60.53167215272845
43424,64.07175382279227
43425,66.11591238872423
43426,68.3981018425201
43427,67.37485365923303
43428,67.8752348396489
43429,67.83410853261309
43430,14.756546006803795
43457,21.831595636611016
43458,25.163268000163445
43459,26.3034702317277
43460,35.44244414292887
43461,43.40381709872182
43462,48.19342387366597
43463,52.27442723918656
43464,55.94464938938381
43465,56.21560156537917
43466,56.584482809471204
43467,59.09643315195588
43468,59.11339486155569
43506,22.976310775351116
43507,22.144625445388268
43508,22.1150990303104
43509,23.91567284492122
43510,26.261533295079065
43511,30.15263499455257
43512,30.835537252810752
43513,30.37818223114732
43514,36.15638422313444
43515,38.34836687278079
43516,42.34483362953401
43521,47.81059765801594
43522,25.402954395115724
43523,30.60104117442437
43524,32.77361634297071
43532,39.887474544057014
43533,3.910315822183639
43534,2.0247610925286685
43535,1.9828675654112646
43536,1.9828675654112646
43537,2.738634467152679
43538,6.116553451880068
43539,6.575443457727154
43540,13.028716477826974
43541,14.894129940176185
43542,15.13173349427027
43543,22.13626474110687
43616,39.58240852032073
43617,39.67156327747728
43618,38.95274511406199
43619,39.57789650932755
43620,39.462695715640656
43621,9.515095024697077
43622,13.318394403211665
43623,15.130153161176327
43624,17.54458457150762
43625,21.740418326878167
43626,25.00740182089296
43627,26.316009884618378
43776,27.287388424118053
43777,29.912456541239333
43778,32.822914647317596
43779,37.628298654705624
43857,36.79736367901449
43858,28.20528281834209
43859,29.463900328940564
43860,42.32605687655518
43879,43.80461438881197
43880,48.54019331167139
43881,52.57919212242511
43882,55.186438825177724
43883,57.58510016372577
43884,54.609410587979845
43885,57.36770485265371
43886,60.39218620854041
43958,61.872198690424796
43959,4.50865570278705
43960,7.892539805013712
43961,12.26881040842207
43962,16.226826540109098
43963,16.232560903107952
43964,17.146054430692665
43965,17.789226111340113
43966,29.87313736542093
43967,34.382090200094254
43968,32.84442486681832
43969,33.04533331916239
43970,35.78460002202461
43971,10.253625068580984
43972,9.215998585426352
43973,8.777199497577474
43974,10.818954615245602
43987,32.271403275288876
43988,29.87626116597933
43989,31.78645307994682
43990,29.86580810972842
43991,33.450984073790366
43992,29.583654799491438
43993,34.50437543273504
43994,34.8870003438055
43995,36.92447088035311
43996,36.13836504489643
43997,47.74472701061116
43998,51.950368706078194
43999,53.75584203338788
44000,13.392338574499108
44001,11.326725860752536
44002,11.027320894910567
44074,13.227088210755458
44075,14.47594904724828
44076,14.653072860613328
44077,7.638074016269321
44078,6.764254508625754
44079,8.096301519439532
44080,12.323709004840659
44081,14.415914853047399
44082,15.149243494254165
44083,18.862427879320478
44096,21.841327932478276
44097,24.117301368403233
44098,25.522055711950053
44099,26.748527964160008
44125,26.774818567045454
44126,26.275258948459292
44127,31.47802705472181
44128,36.14878975312529
44129,36.675285418643604
44130,39.24600639554282
44131,3.4257491091809897
44132,2.388941857077634
44133,7.768932965718604
44134,11.935082090984173
44135,12.338006991902695
44136,12.525247671179354
44188,12.525247671179354
44189,22.999272812699658
44190,25.981142734623507
44191,26.65976434022673
44192,28.611301996702224
44193,28.842653597739368
44194,21.780320303769837
44195,38.385229547585055
44196,45.91089463678003
44197,41.00469496632603
44198,46.15521767025002
44199,49.980795951909606
44200,17.74261118803317
44201,17.392755061995228
44202,19.540869111384435
44203,24.37688066398281
44262,49.14972912927485
44263,53.153335832739124
44264,53.52120197764172
44265,57.099300608163915
44266,59.930053463565564
44267,22.42100596499111
44268,21.426549364749704
44269,21.93408156489431
44270,24.74966943922597
44271,29.63871294583375
44272,30.768088046365964
44273,39.93167896911865
44274,50.00506786566503
44275,50.84532132174396
44276,51.10410471975606
44277,55.489830042388576
44278,58.12064152117929
44279,61.6229203276015
44280,63.61056879364387
44281,17.420181358091114
44282,20.536631579390566
44283,23.65476138867302
44284,24.846421385409684
44285,18.172225566102174
44286,24.85668519262112
44287,35.106897797732444
44288,39.65130970671854
44289,40.02353505716201
44306,40.4393504368341
44307,43.66713481245957
44308,12.689540684687248
44309,14.263760147235235
44310,16.292981575875178
44311,19.552546804863375
44312,21.58788012960641
44313,30.342412727306105
44314,33.138807163399136
44315,34.064011611052926
44316,33.5583355920581
44317,35.59755087685743
44318,35.69820217765119
44319,37.38730238593526
44332,22.94127777038518
44333,21.981796436195175
44334,25.55150843789882
44335,31.003696626989747
44336,34.953877468058444
44337,4.180464704898197
44338,2.1316610774532827
44339,3.3623978757047475
44340,6.756784347139448
44424,10.155477770341204
44425,14.75236465233733
44426,18.7553193264592
44427,18.86401466355793
44428,24.13052905229231
44429,20.531882356410996
44443,24.6610422896818
44444,26.56235762949047
44445,27.692610556931914
44446,28.19117281355303
44458,32.253969722848474
44459,36.954716855610876
44460,39.06496420172319
44461,39.21927363287895
44474,44.193944712875464
44475,46.38698839966928
44476,50.74500527132122
44477,8.997425126488016
44478,25.099612294335024
44479,28.424967259081438
44504,28.055575666726718
44505,31.17599047330344
44506,30.180434580976442
44507,29.776471749766095
44508,29.9587333327694
44509,17.60954069840592
44510,20.907135109022835
44511,26.25620030739256
44516,28.986555092374243
44517,31.949277215353572
44518,33.44593596583342
44519,36.1779108895413
44582,37.64621063482236
44583,17.35757621750522
44584,23.05331243987498
44585,24.106414305938895
44586,28.447789908868494
44640,29.259039584757897
44641,35.18764921500752
44642,35.113076737007226
44643,35.05407720143396
44644,38.578472416303164
44645,42.90357581512233
44646,46.907928534956426
44647,22.421908963093088
44648,24.617182668865407
44649,30.682228196710994
44650,34.39993868170124
44651,38.25654931744575
44669,16.65715493590788
44670,18.39505771097066
44671,19.99983108108032
44672,23.664568070394846
44692,3.1073399007601865
44693,1.562251985343576
44694,1.562251985343576
44695,4.521950680891702
44696,6.815544413515913
44697,39.60712674350331
44698,39.762231186435436
44699,46.865073368422635
44700,47.12592124081349
44728,47.6466455424009
44729,47.33220201471835
44730,48.411132131394474
44731,49.774747460586255
44732,51.02660119567578
44733,50.994239081874824
44734,52.07433193201898
44837,53.71311615717783
44838,17.83298636436882
44839,24.143125557326172
44840,25.746450565495206
44841,26.857076373669393
44842,31.372170035898723
44843,33.411969763145756
44844,38.35385759236397
44845,42.336616274254126
44846,43.570696505609575
44847,45.75872648464598
44848,50.43468809309722
44849,35.53464880608083
44850,36.519589206130036
44851,42.60030133933315
44852,45.59130056432404
44853,17.400580641226853
44854,18.10462270811803
44855,19.462080843475462
44856,23.125728687653467
44857,24.147711195284227
44858,25.46189954245702
44859,29.056153471740007
44860,29.69674939529122
44861,29.892324340138767
44862,31.84208443304415
44863,33.34292738978279
44864,34.29948965444103
44885,48.984360882630725
44886,51.582645655779004
44887,58.48028217114209
44888,55.82544076284811
44897,24.951428203715178
44898,30.841453920563307
44899,35.37266476549512
44900,37.931487118413564
44901,35.85639669415365
44902,36.57138964581033
45041,36.03055912710588
45042,38.419841836009276
45043,38.56262289452135
45044,41.97292319008596
45045,48.00191023634063
45046,32.39627811426305
45047,43.02561100786281
45048,44.96970562978417
45049,46.7668884923209
45070,46.997696543670095
45071,50.08915873927735
45072,51.25287462769207
45073,58.92502111491777
45074,63.4096568072678
45075,67.10936283862154
45076,66.80861535446013
45077,68.28964133651674
45078,37.79659052941275
45079,38.54154103858613
45080,39.566244547358615
45081,39.89395198493376
45082,43.13332896012976
45083,45.81734481706045
45084,53.5895796689494
45085,57.99284668784378
45086,59.66225238500943
45087,60.176377117554296
45093,58.286198690307124
45094,61.292867818873475
45095,32.091231212377416
45096,38.1924535930743
45097,37.63368586791492
45098,41.61054866148656
45099,42.81043826438689
45100,10.07566853792889
45101,9.176787432621017
45102,12.579836065184693
45103,18.821092664328862
45104,24.513901574166603
45105,26.949099357798183
45106,28.03085591220671
45107,34.28639581930041
45108,45.04460317729574
45140,41.1207081629724
45141,41.09522652460142
45142,44.33731399437383
45143,4.525824501576601
45144,4.303463798240787
45145,10.445463195295037
45146,14.473269961085446
45147,28.085183152045595
45148,28.67957050315789
45149,32.353054363020426
45150,37.04711302232999
45151,36.21447560892406
45176,38.8210961257774
45177,38.715543913545496
45178,42.1695013387745
45179,45.71186242415336
45180,47.6953638110671
45181,13.315189595696358
45182,17.161246541023043
45183,19.385421661888945
45184,25.228299291502637
45185,33.997447547001556
45186,26.956572726256002
45187,27.29077897421257
45253,29.783248858700333
45254,33.32250324821393
45255,33.8540725648589
45256,43.92027656075705
45283,51.80570220260147
45284,52.040546063481784
45285,53.28283106802068
45286,55.252651589149195
45287,56.41418776687445
45288,55.46975891669936
45289,64.07163226329767
45290,72.14317625404031
45291,74.58972987852658
45292,75.91895275716301
45293,38.35859755890684
45294,42.9235464944342
45354,41.98404318908155
45355,43.15990663695741
45356,55.24438620354129
45357,56.116625279076885
45399,56.34622518324936
45400,56.995925560217195
45401,31.832634950101177
45402,30.08965625811225
45432,30.38395492803521
45433,31.650861851192545
45434,33.32681232488345
45435,13.35977842097422
45476,11.953233116497417
45477,17.231756124851962
45478,23.53193468915645
45479,29.928391062492917
45480,30.308960849771147
45481,38.02814322083989
45482,39.232422606309854
45483,40.269020690343226
45484,58.25442399625614
45500,60.71173402511207
45501,61.063657875576816
45502,64.33723965182989
45503,65.67170206246573
45504,67.24724333695019
45505,66.40658438857291
45506,69.02242527752342
45507,73.23473667056227
45508,74.35648586089673
45509,73.59491018224278
45510,77.88152389579939
45511,4.378003001751049
45512,13.53869850320937
45513,21.64222204695744
45514,26.378056414330153
45515,28.561994404340656
45556,46.888588884415825
45557,59.462420175183304
45558,62.18187357931405
45559,65.09276370720607
45560,27.179890366403583
45561,25.393041049654844
45562,25.59069872687472
45563,27.13313214631942
45564,34.46805973008577
45565,46.24986116130951
45566,44.208976136356846
45567,47.308799496417784
45568,49.60986653382479
45592,54.377418425545805
45593,50.01714267894795
45594,53.57124438048327
45595,14.442545830140595
45662,15.56651033301261
45663,23.87934520562964
45664,27.017326230541705
45665,42.716931507554854
45666,42.89793556367743
45667,41.995681063926924
45668,41.822126359293975
45669,43.609881229281406
45670,42.76253386625675
45671,49.27148203197129
45672,52.85915564980896
45673,51.79293382100716
45690,56.10939596402396
45691,37.70029683465851
45692,38.48054318272009
45693,46.20865539529129
45694,51.531074784196264
45695,54.50011685434196
45696,56.1756090300841
45697,54.64995839863499
45698,3.9732470561120956
45699,2.362626826786834
45700,3.7131403882432688
45701,9.27150401704306
45702,13.620751226515695
45703,16.298220545891642
45704,15.802601397997003
45705,13.428369905147559
45706,16.313473640509006
45707,18.074646412688065
45736,23.35476085973114
45737,30.359231342946853
45738,34.22616267132754
45739,35.74212462049847
45740,36.57934049906997
45741,40.48701068515582
45742,42.92134701693046
45743,50.27772032537832
45744,58.45594431969637
45745,61.111986546210126
45746,64.43084506084543
45747,65.64138984020174
45820,40.26148531843516
45821,42.40682980527189
45822,43.17500924187193
45823,48.90457985623489
45824,38.748032695192116
45825,37.31101786908891
45826,39.09160104069888
45827,38.933315773774765
45828,38.972234634193086
45829,42.63759648791155
45830,44.279617822747454
45831,47.929089782856764
45832,52.678957540000724
45833,53.04571895130825
45834,10.165292250750342
45835,11.980384196299793
45836,18.954426576362042
45837,23.11378103449376
45838,26.226683662932764
45839,40.14914604720723
45840,44.23030244887371
45841,47.72020914538099
45842,49.9482866004002
45843,55.56973126055415
45873,56.85604479047572
45874,57.19219889737445
45875,59.07301149520386
45876,47.54552896611764
45877,49.685429011407365
45878,51.19329906285589
45879,47.86568932444899
45880,48.59458907921261
45881,50.576618595021614
45882,51.80200927362816
45883,52.2342055576286
45884,53.946700473663725
45920,52.31585075880484
45921,42.653948813698435
45922,39.256721933572095
45923,39.81852013767288
45924,42.8662412420469
45925,61.9732597059745
45926,62.157455440943316
45927,61.98508021419667
45928,62.78602427551186
45929,61.38103079582628
45930,60.337293879633776
45931,17.567273532222334
45944,24.260695140458864
45945,26.036200001553762
45946,27.254020542198838
45947,28.494909741233023
45948,29.544323427152626
45978,34.28653019838359
45979,35.43177489737735
45980,40.105761688153706
45981,39.01898276322734
45982,38.53125306722657
45983,40.39968416604439
45984,16.025376669238963
45985,29.431101722411356
45986,33.93051384523572
45987,36.791383647513435
45988,40.98862806179538
45989,43.47702684102253
46068,15.959809917585883
46069,15.351980340390833
46070,15.320264964140224
46071,18.832734426903396
46072,25.163558343688134
46073,27.820129111898368
46074,31.042865319178528
46075,31.866120710400168
46088,31.672465639754304
46089,34.414252777613726
46090,34.20952128514772
46091,20.525061912761473
46092,23.80985057829073
46093,32.03294660585114
46094,35.99738282586776
46150,37.168762367497315
46151,42.8184852058339
46152,39.672116082461244
46153,41.936558638949
46154,40.635701596293345
46155,14.692445549137794
46156,14.696662518837131
46157,17.452031050487054
46158,19.282827977632778
46181,18.845566697285218
46182,21.751425391112033
46183,24.77895747719652
46184,30.609452790524383
46216,32.3095531364595
46217,33.107785403396
46218,33.833961276027566
46219,33.54677440644962
46220,6.7169364692793465
46249,4.797804030752673
46250,6.9971499597144495
46251,7.344268233682767
46252,9.263372150966132
46253,9.710884933885414
46254,13.065354676674122
46255,14.761418814885051
46256,16.46978359852604
46257,18.649450616635924
46258,24.189860699594846
46259,28.553787738554803
46260,5.167341744817753
46272,12.199432488025666
46273,14.403622775422239
46274,16.57416197033073
46275,18.495297339402804
46276,23.722031052768553
46277,30.303843678387647
46278,31.194635026464702
46279,31.453206251502124
46280,41.284527492449484
46281,46.4898831848594
46282,51.154266593330576
46283,51.74348262738619
46288,48.66841688707203
46289,49.31400194452683
46290,52.46708129664931
46291,54.91135118568512
46312,56.466821293231206
46313,58.48925956767463
46314,24.377607678331948
46315,30.969398344352918
46316,34.97371950911511
46317,38.17862911880328
46318,39.777581275373294
46319,13.257376658546884
46320,13.870466150617219
46321,19.627654156212397
46322,21.808289003141518
46323,23.433285939375413
46324,23.312167759705694
46325,23.365137105064512
46326,24.67825474200882
46327,28.133097937981052
46340,29.253226389578828
46341,32.89764794124339
46342,33.56070072285127
46343,26.09764498385313
46425,25.881696341915596
46426,31.08540198422911
46427,35.55346477225415
46428,43.61376383985632
46429,45.8441878487334
46437,48.11120714243658
46438,49.37117520283936
46439,52.31306673292938
46440,54.78514235979634
46470,32.63953990592481
46471,33.930454988266426
46472,32.917595527300094
46473,33.9067466656295
46474,34.66355598765597
46475,9.42023896247629
46476,23.320771210127024
46477,27.323253503388955
46478,28.283515586002014
46479,31.44481328012561
46480,32.19207365192134
46481,29.582351952995108
46530,41.07112722461009
46531,14.781458298439206
46532,13.70105519351647
46533,14.037930537671983
46602,14.929561536203888
46603,39.13979595182992
46604,40.92223315651799
46605,41.187340354629654
46635,41.723135898994805
46636,47.297033959807735
46637,49.036689054164846
46638,54.66237856992532
46672,56.81959884642413
46673,60.005879436192075
46674,62.125679063220254
46675,65.48354055441524
46676,32.328539989855045
46677,31.262497659513198
46678,32.830639402665035
46679,34.79609215547389
46680,44.379016619161135
46681,43.90798598077476
46682,42.99176395084398
46683,45.27638062956665
46684,44.00306834265822
46685,44.28634780639626
46686,45.69237975515208
46687,47.02517141207487
46688,47.62751723906296
46736,48.90605193749886
46737,52.3635921025571
46738,54.55441057146234
46739,36.07530448901108
46780,40.94468499148351
46781,46.49767947824426
46782,47.02317309660361
46783,13.363200887272425
46784,14.641723108754837
46811,15.967291797155186
46812,16.00758510820151
46813,28.684095876919123
46814,28.130791866015453
46815,37.28014500434743
46816,39.79887564615528
46817,40.708954253137996
46818,41.72288402090766
46819,46.063272206481585
46820,45.93464223981875
46821,49.92434137322188
46822,54.16960805944713
46839,57.723973333672745
46840,57.355291934522896
46841,16.470778782143654
46842,16.094061233601316
46843,15.860328025007849
46844,15.936689232395151
46845,22.129538939830407
46846,27.76973952470883
46847,44.067026522145255
46848,46.86705644812173
46849,19.805069095793556
46850,20.243994441991013
46977,24.53702145147771
46978,27.698720350950413
46979,32.92711629439566
46980,33.921483821239605
46981,37.823358332305
47007,39.07358653414219
47008,39.18588190264468
47009,39.853980884137556
47010,40.27552011543719
47011,40.765647101646
47012,41.341664207015654
47013,43.21316127528014
47014,41.33340029984327
47015,45.27880803682279
47038,50.59664684541723
47039,53.72111234350699
47040,53.21987557180171
47041,55.83641460149837
47042,54.66335100949724
47043,53.903115690877826
47044,53.24205704574628
47045,54.94483653755698
47046,40.75218610792783
47047,48.10632434070019
47048,47.32937084176762
47049,47.936181999878826
47141,48.254285413907965
47142,48.93665640864556
47143,51.48691594427897
47144,51.11609897695084
47145,55.747900873384516
47146,56.035015702107216
47147,59.38642180328193
47148,61.59825327674954
47149,29.51594895647404
47150,30.368812734414295
47151,32.717961522455305
47152,33.332479465983525
47211,39.34460451854016
47212,37.584532341011176
47213,36.31514268514025
47214,39.73224374104174
47215,40.53974676748812
47216,18.088073427258525
47217,25.120590361778106
47218,30.458794459004626
47219,34.23790560319438
47220,35.761699024040446
47221,44.45459646132927
47222,41.52954925450521
47223,41.31465465088918
47224,41.695289825345405
47225,47.55067043740366
47226,50.75332504212741
47227,53.25110345798931
47228,61.839939300756654
47229,61.190144765032855
47230,66.27514493020584
47231,62.61987077378356
47276,63.581219571832186
47277,66.73847733741168
47278,63.915831486704896
47279,66.2377310627908
47280,68.89196899810415
47281,68.49461287578215
47282,67.70270792348973
47283,69.31134177053698
47284,8.647041876947153
47285,8.742945538329039
47286,12.890635503636133
47287,15.180520592550012
47288,21.362530114378263
47289,12.905975319133852
47290,10.987991088972926
47291,13.44571382959848
47292,14.988454371692368
47293,15.41837586836352
47294,19.491415946210783
47295,29.973473436679253
47296,35.48354939205271
47297,35.03367964364228
47298,35.5734035242922
47299,40.336787857454105
47300,19.58038238839143
47301,27.380634591914983
47326,31.104647430548948
47327,35.96573639664392
47328,38.18493604489936
47329,39.73200268810366
47330,39.80215281398364
47331,41.666342248483645
47332,44.17762852140083
47333,43.82669689768935
47334,46.49247407230531
47335,44.60268004256433
47336,49.11652279993643
47337,51.51283002326974
47377,54.589621802526665
47378,52.25998550423711
47379,54.0630901294618
47380,56.39584154147863
47381,61.24704845737847
47382,54.98847591998739
47383,58.73132694334054
47384,66.38847865373187
47385,69.49238596013267
47386,67.68940826916406
47387,67.92351537401848
47388,71.84663015658114
47438,73.79235363980233
47439,75.3813685450576
47440,75.33439223075759
47441,18.58010682855833
47442,27.341419111294037
47443,32.09324271013308
47444,33.99947626682224
47445,39.24627629148523
47446,37.22187765674328
47452,5.281654535103087
47453,7.598902644761344
47454,7.445965593279182
47455,12.047558397968645
47456,12.99216828394301
47457,13.618369600443057
47458,8.11981736477052
47459,7.273826778324574
47460,12.887109785272898
47461,14.78580766164553
47462,15.397982991667979
47463,18.955433274210787
47464,32.493315957883084
47465,33.873710469795654
47466,32.82536925434486
47467,32.03772176217717
47468,26.960493437594952
47469,35.075492230455
47470,37.17702080000782
47490,37.0833944455192
47491,39.97066755138283
47492,42.625631386438606
47493,48.88194349931643
47494,57.909099115736595
47511,58.860016293100294
47512,56.71567202332485
47513,59.47056868035886
47514,28.510984314172504
47530,34.30048283175675
47531,44.11801598072676
47532,44.322918194018804
47533,16.65270878310231
47534,15.678876352999666
47535,17.753362854374345
47536,19.522314118186912
47537,19.053782665826066
47538,5.377486529178837
47539,11.071464525264924
47540,16.71801781983914
47541,23.591027658539975
47551,32.95953040838141
47552,5.488459305353865
47553,7.890976449061338
47554,10.469099634119074
47555,13.195363792136861
47556,28.019428547004356
47586,25.656342264504605
47587,30.239678544011692
47588,34.86555265917868
47589,31.66924236854134
47590,31.3111322270303
47591,30.109813947530483
47592,30.661770568974926
47593,30.72613924839734
47594,30.813533265059775
47595,32.640410216643325
47596,33.41493214336239
47597,36.072395617226675
47598,38.38937171126414
47599,40.85389779882605
47600,47.50845082611795
47601,2.933972376035642
47628,4.801543782649203
47629,5.995131648733331
47630,5.538173685656412
47631,7.914235566016705
47638,20.81002073209519
47639,23.367660774214496
47640,23.45169590790726
47641,26.261235227740638
47642,27.386815266709597
47643,27.353855446651284
47644,28.701252542565722
47645,27.001452854607596
47646,28.144396951140543
47647,28.169530971744855
47648,30.864432962940324
47649,29.26754311638889
47697,46.77881964274764
47698,51.39924187657385
47699,51.347707333037576
47700,53.69178330294933
47701,59.46133009902987
47702,61.676000291755784
47703,63.68102487897282
47704,62.92286144633439
47719,63.37916201786035
47720,64.39967576154046
47721,64.95631150743334
47722,65.55105124511367
47723,28.86676029071047
47724,29.47639367861038
47725,31.492193575053975
47726,35.64505979598117
47727,16.653974954820765
47728,23.377210823751337
47729,28.894922794456015
47730,28.701416118843493
47731,34.02729078349742
47732,34.50600850639107
47733,34.97656843219913
47734,36.437537235599535
47735,36.5654790545809
47736,38.0575652070687
47737,40.40075361681291
47738,53.83499923444475
47739,34.54468928368799
47740,41.24717144243204
47741,45.94117600283405
47742,48.65282229811351
47743,27.749329942404003
47744,39.00010757103479
47745,46.817363358431656
47746,48.09389747700115
47747,14.592228102756707
47748,17.597868810969207
47749,19.894096132644048
47800,22.54931959146347
47801,27.897249402817494
47802,45.69400015266624
47803,47.86725816487272
47804,47.80348012047539
47879,47.160019925647234
47880,47.707378819907234
47881,34.89965513455763
47882,37.13544455473353
47895,35.24558347040666
47896,41.38161198331653
47897,40.792702087651925
47898,38.63141554561254
47899,43.006706045977324
47900,42.77609337097107
47901,41.560391031047445
47902,43.566639100519524
47903,44.687668248439095
47904,46.221857924172035
47905,20.566903056818635
47906,21.244397172856807
48043,21.260748489959198
48044,30.842681872667193
48045,35.417176515885025
48046,42.47355589637805
48047,49.171205789086926
48048,47.39271126862387
48049,50.07637377640001
48050,51.09557817806398
48051,54.104590861642755
48052,58.486136294738365
48053,27.08725185855616
48054,42.358758543792646
48055,48.4113868564394
48056,47.73129236260992
48057,37.84365287799673
48058,40.51275650589462
48059,43.62688840083603
48060,46.83452602310574
48061,47.72127787709335
48062,48.76495354355407
48063,48.085921666434324
48064,22.06790814287698
48065,24.912883779786515
48066,30.207916446424456
48067,31.005063595977976
48068,32.26010206151435
48069,37.588977345904105
48070,41.33615870585074
48071,40.37193056889121
48072,50.025003602126624
48073,51.16984124306003
48074,55.89687135918107
48075,57.17457315247921
48076,28.240550194837613
48077,28.73037381084515
48078,29.229004370766184
48079,30.81980055212009
48085,35.5894274032587
48086,37.1299847374158
48087,45.25811780589536
48088,20.51640255390352
48089,27.85238378166474
48090,33.22492734861186
48091,33.60657726671327
48092,13.755144026915584
48093,25.51289515403904
48094,29.1057647218874
48095,28.437399540018237
48096,33.42049333859435
48097,35.61481690301662
48098,2.9170252859746304
48099,14.355060782409863
48100,19.303613922418947
48101,21.426997716598642
48102,10.00272756152264
48128,18.2060961915864
48129,21.057772169895998
48130,23.890088215929875
48131,25.518771280967197
48132,25.222167491326346
48133,28.486567725338798
48134,37.74872058700843
48135,39.57912739995024
48136,40.80586215404021
48137,42.022099367290245
48138,42.419206484066486
48139,16.644101560237402
48212,14.154565472173092
48213,14.365899080630552
48214,17.512029449110972
48215,32.06693660654227
48216,35.69063042252491
48217,37.94661702694382
48218,39.01111950113015
48219,44.1087905736962
48220,13.041544123944076
48221,19.40279854024705
48222,31.812636879101177
48228,33.27142088263577
48229,35.70403755385169
48230,39.21602893006404
48231,27.08725185855616
48244,24.61872012770257
48245,24.42336929387604
48246,23.499190553756307
48247,30.242364219102914
48248,33.658356609808465
48249,40.00083495803268
48250,41.67276299871858
48251,42.51269318647582
48252,41.290375460785015
48253,44.12451551279003
48254,45.87173906747704
48255,32.60950202141067
48256,38.43825394424447
48257,42.74297236069094
48258,43.93394454058861
48259,22.608775651709696
48272,21.248349207655416
48273,20.25343365870452
48274,19.075935715866724
48275,19.745315060982623
48276,20.323744860642496
48277,25.591304692227226
48278,29.138098648746464
48394,33.04792520793423
48395,34.42861032365033
48396,37.3435015386589
48397,42.794170253997564
48398,30.147839615726657
48399,41.93471349805208
48400,45.07661759548442
48401,46.18803695083997
48402,46.227532183163646
48403,45.60059786597265
48404,47.8425787138366
48405,52.71423656869248
48406,60.48992688851122
48407,61.83991972774487
48408,64.6923045006579
48409,25.4105512336107
48410,27.02675581130802
48411,30.001320993778535
48412,30.996203149647254
48413,29.980347136374984
48414,34.62122793385596
48415,36.37313847826334
48416,40.86028579340323
48417,47.040734927839715
48418,49.971632211225256
48419,50.39651595004313
48420,53.80027780372606
48421,21.97666109297728
48422,19.923373998955267
48423,18.565235721224777
48424,20.570469329513262
48425,10.311566287030933
48426,21.427478473550483
48427,24.240752470980336
48428,23.825196650104424
48429,23.583295701135253
48430,25.712554645366207
48431,26.69842150977196
48432,27.3301088438846
48433,26.935265207567248
48434,26.7247486536744
48435,28.496045645139596
48436,32.17381126239808
48437,28.265278767502824
48438,33.30387085640783
48439,37.65730678546729
48475,45.13880587619346
48476,48.665748261230874
48477,51.757046095874166
48478,53.95989450850815
48479,53.268737578871516
48480,20.394737319886875
48481,26.016012367454625
48482,29.757531031175844
48483,34.836708014377734
48484,46.428125316031824
48512,53.57284142925532
48513,57.10558780211321
48514,60.85557898227561
48515,61.320466350640515
48516,63.716862577239105
48517,64.28432745973555
48518,64.9924096295391
48519,18.68886657298428
48520,24.89829721316402
48521,27.36030234751744
48522,26.93690942025789
48523,26.88321159526125
48528,28.823842838818855
48529,31.671690719425747
48530,35.74658965505399
48531,33.68321455876885
48532,36.349914555904945
48533,36.245395759422934
48534,36.37174833690141
48535,13.616995623116834
48536,11.781063930387443
48537,12.059323729022923
48538,24.17440485614045
48539,26.69437723351288
48610,28.239647196735636
48611,27.158740787620896
48612,27.50855945292296
48613,34.921801048325655
48614,37.66158048850199
48615,42.86230431189822
48653,43.8875939392848
48654,48.35935808100391
48655,45.19973574407018
48656,47.71256971451481
48662,48.25071042640432
48663,51.90088012721664
48664,20.40083313520868
48665,20.551450325156903
48666,20.55754856441716
48667,21.554821182643607
48668,3.086106246323029
48669,6.300510929770675
48704,12.081673980945414
48705,13.028999726929646
48706,28.45435896425016
48707,34.60393954167418
48736,42.22636896048407
48737,47.06826534125007
48738,19.542333202807338
48739,17.42705307800877
48740,19.012015217717085
48741,19.26780209300688
48742,18.525051592939157
48743,24.4869532338317
48744,28.596850356352782
48745,29.373229350824023
48746,34.889661870400325
48747,36.80948240796037
48748,38.411186048863236
48749,40.589608760963884
48750,10.547752561792153
48751,7.853945268891818
48752,13.554093777445143
48753,16.229054569062153
48754,17.453450008925266
48755,14.511309415724643
48756,14.876598566617313
48768,22.497048586957398
48769,24.702471625723977
48770,27.60476769173979
48771,28.161479166988777
48772,30.071419385754442
48773,30.281667461231518
48774,40.19309697598674
48775,40.83820176472513
48776,12.805444986351148
48777,11.61911961161038
48778,14.07214785776929
48779,15.93168196309086
48828,18.69683836402943
48829,19.450736223803887
48830,29.852482347115767
48831,32.01591033361307
48832,31.735657230979545
48833,35.2566908247396
48834,36.04671742678941
48835,37.64076890220541
48836,16.07923856947795
48861,14.646297397800797
48862,19.628099544813058
48863,30.977479943240443
48864,32.218381332040515
48865,32.12303457876662
48871,34.64131894218025
48872,35.243535053584445
48873,41.298598248917
48874,44.64306795284982
48875,49.65049827540712
48897,52.448274166694816
48898,37.61818392281788
48899,37.80702445009886
48900,37.77040064340113
48901,35.823305852104944
48902,35.58338931792291
48903,36.57821614763287
48904,46.03502356721397
48905,45.322905851866004
48906,45.06285776974715
48907,46.276159464545124
48908,48.666237113788476
48918,50.32203313562648
48919,52.673734782290175
48920,34.299358122287956
48921,37.327466343617026
49051,38.5268593344848
49052,39.142210673219175
49053,41.625986515070096
49054,45.70251730268832
49055,53.49366834499651
49056,55.28095994916378
49057,55.37158894549766
49058,56.15709116847474
49059,56.22833258552054
49060,56.56081633179836
49061,17.77915699311534
49062,22.256522009694457
49063,28.131618978852984
49064,27.61224078751918
49065,18.383161212152306
49072,16.693970910872892
49073,17.896559690187992
49074,23.10076172726742
49075,42.15714697526277
49102,51.83415908284197
49103,58.08144495764903
49104,62.219152934444296
49105,10.176050339616394
49106,7.378212947645245
49107,8.803957533905756
49108,9.322806650211826
49109,8.207470904927122
49110,10.878650238472204
49111,12.558129974630464
49112,24.05831016164029
49113,25.287539001028627
49126,28.182749890327486
49127,36.134068318988994
49128,44.44634764552719
49129,39.843396043028974
49130,38.68411541879033
49131,48.31762490917115
49132,50.405977021921544
49133,52.25757467826695
49134,53.57905724929294
49135,59.15913375774982
49136,58.66727585810202
49190,62.66532248333323
49191,40.033807182730264
49192,44.906000490119226
49193,44.575289558544384
49194,53.61474829814992
49195,4.67574920331304
49196,3.1701191022485613
49197,5.789569712766754
49198,15.3017524011692
49199,26.916653570020248
49200,30.467836228339618
49201,36.43148800524784
49212,36.963734516211304
49213,13.755144026915584
49214,12.728393018884617
49215,18.862107452182183
49216,24.955493653561746
49217,28.70647767136888
49218,29.436159419700378
49219,38.03367052492698
49220,42.39657833744731
49221,45.540546631895296
49230,45.78774939860039
49231,2.9819753558601927
49232,1.5510358232885753
49233,3.105621142196914
49234,6.487180638749013
49270,9.63399010768996
49271,11.788803645665782
49272,13.186976039381703
49273,14.44667186501669
49291,15.28126387871896
49292,15.427875862644706
49293,15.876867846016234
49294,18.666918434362
49342,20.525061912761473
49343,20.095919173000567
49344,18.524699374989396
49345,27.961415966390195
49346,32.199450621927305
49398,35.68244670864494
49399,37.614760602881915
49400,37.79077797854583
49401,38.35317825158572
49402,4.083638600277388
49403,3.3074652982013415
49404,5.785685216198946
49405,7.668633200170097
49406,6.851716105472345
49407,12.8809756933963
49408,14.438907311297006
49417,15.27674007501449
49418,17.81020272413808
49419,20.13489277094443
49420,25.02449030579997
49421,17.82429569539134
49422,28.036959034334483
49423,36.00694210830785
49424,35.0210789640528
49425,36.832676266361716
49426,38.95480658672139
49427,38.246107579221245
49428,37.39899021170253
49429,44.051581376735264
49430,53.29428071538366
49431,57.65891622147758
49432,56.64953942377686
49433,17.287166686594365
49434,25.777776087099987
49435,29.65260353710498
49436,30.48584782841428
49457,39.64063689016151
49458,40.373482640242116
49459,41.83890732946395
49460,45.10959609267029
49485,49.07833684071075
49486,49.55967077459912
49487,48.07469079939207
49488,48.243875497262884
49489,47.631327970066195
49490,49.39419792803206
49491,49.194430281906044
49492,50.056940311416795
49493,50.360580260148666
49494,50.414367039105755
49495,50.651579451791406
49496,54.602937888316845
49497,58.36722527735505
49498,60.60548914140602
49499,62.81871811923559
49500,61.38864973502508
49501,5.219349394986791
49502,6.4635968299125075
49503,10.081263575350741
49504,11.259692383960331
49505,13.268389844212876
49506,16.313860980554487
49507,16.65296489291371
49508,18.076054373212546
49585,18.88073914437357
49586,19.079112430310804
49587,20.430934536198205
49588,21.362182437063783
49589,36.05689635566364
49590,35.87350680755037
49591,39.644194340142334
49592,40.532305164244534
49593,40.67911542619511
49594,42.62732778860522
49595,48.88350909715202
49596,53.4598181215967
49647,56.011405760059446
49648,21.164907280217516
49649,23.704790756219722
49650,24.72215483808042
49651,26.28963444709929
49712,23.76086131887564
49713,25.73248186996801
49714,26.396278350251528
49715,26.525709637078922
49716,33.55714630429718
49717,36.01844956172946
49718,36.39359718319803
49719,36.75378190310547
49720,5.857589042697739
49721,5.154688027849596
49722,9.38493960652732
49723,13.382403354738413
49770,25.575218595439292
49771,30.654079126647694
49772,40.5801403614976
49773,50.491716788114765
49774,52.78235384671508
49775,53.795352346990455
49815,55.0702083264839
49816,58.16581106282198
49817,56.87929834748252
49818,58.56348014239892
49897,60.13483085279454
49898,62.819674120227376
49899,40.00587231360361
49900,41.064196038752456
49901,41.48656676845977
49902,41.36246689339309
49903,41.66049815536204
49904,43.7627813957611
50004,44.474102693781845
50005,45.55950102138742
50006,45.44529014790869
50007,44.80726913090732
50032,45.524114902533164
50033,50.25428598768006
50034,30.673279296719496
50035,31.590318380682085
50036,34.90061959893818
50037,35.837008168294325
50038,36.5132459473875
50039,15.780909215799845
50040,18.00033468798475
50041,18.34024512181992
50042,18.213816629330257
50043,21.688799455742146
50044,22.794016008757314
50045,24.9397220834033
50046,28.86823183635903
50047,30.660107473615145
50096,18.449026689027118
50097,25.134550610621183
50098,42.26606666843239
50099,48.361396958595286
50100,48.61929466904596
50223,49.198380392641134
50224,49.655370028279116
50225,50.04275278265339
50226,50.381611704167966
50227,52.16072306106126
50288,54.618034160565344
50289,58.95071203002705
50290,37.273687935939684
50291,40.260496754747834
50292,53.00122680313664
50302,63.68607748778324
50303,64.66679453220277
50304,66.28490753000972
50305,69.16234003167185
50306,70.60198123386327
50307,71.95550641642079
50308,5.9003374967526065
50309,5.11145053519701
50310,9.99631933904728
50311,19.010198214314823
50312,43.21056789416547
50359,52.30381990827473
50360,52.06478216617301
50361,49.80897016223363
50362,53.003225191037664
50363,51.27319716778397
50364,49.040391726120106
50365,50.76690239786149
50366,53.93571042486316
50407,58.79530286358539
50408,60.71945551958619
50409,63.50271155415448
50410,42.08682873065071
50411,45.448291566577964
50412,49.331801234142695
50413,50.73378906135608
50414,52.5909422869575
50415,31.726379083107506
50416,36.19749679213255
50417,37.332060672399805
50418,38.742108078777214
50457,40.20504647617847
50458,44.3775293173468
50459,49.57800228511378
50460,46.9730680506217
50507,50.59663312846148
50508,51.83771131064886
50509,58.84807444413543
50510,9.949006724867234
50511,22.894679510524625
50512,28.43248118614097
50513,30.563315927240797
50514,14.784880764737412
50515,12.41845975187456
50516,13.712828221371604
50517,14.951272279019973
50518,27.849844345432064
50519,30.478668406821082
50520,31.756310931879035
50521,28.24571626940257
50522,31.69918159967438
50558,35.36064161198943
50559,42.06498075577383
50560,44.76678124469906
50561,44.636047390916666
50635,47.28797643379311
50636,47.73865176180179
50637,46.53050203626178
50638,48.126797634683776
50639,47.615610219923184
50640,53.02545445353707
50641,51.798419100453316
50642,59.434239472613676
50643,65.990261612097
50644,69.57772681847746
50645,32.64364348128213
50646,55.44130441043825
50656,57.61618376507165
50657,57.95132535186555
50658,59.905388679850965
50659,58.02088713455102
50660,58.565468587305745
50661,58.46876219529305
50662,59.69302781575201
50663,60.85221761024953
50664,63.57383047390665
50665,62.96413282548094
50666,33.43596207100698
50667,33.4503604950704
50668,34.94003904896978
50669,43.4951442946903
50670,46.712726610666806
50671,48.997877663285166
50686,22.488933239882932
50687,25.91584662211275
50688,29.021879965020325
50689,34.380062472136856
50735,28.200220304368045
50736,30.014111780113442
50737,31.79856941918332
50738,37.36665885028839
50739,40.07581546353426
50740,43.44298113665677
50741,43.82516765914797
50742,45.34487770976607
50743,44.15742808482104
50744,43.36692404969219
50745,44.914280019601954
50746,47.69010632033971
50752,31.120866597257574
50753,35.17915389997919
50754,34.21682923962769
50755,47.59536081072119
50756,49.1541171784111
50757,50.6199902448998
50758,52.46612432414068
50759,51.71973458823431
50760,51.72233118604862
50761,53.90274852984836
50762,56.72535775460622
50763,55.98570333127406
50768,7.811396794363069
50769,7.286524644418178
50770,7.283363206269079
50771,9.10903730161833
50772,12.587688712223253
50773,14.694104879236777
50774,18.315699623680164
50775,23.96308307061098
50776,26.00614187490741
50777,25.231536134048312
50778,27.527068213117843
50779,28.504609311035825
50792,4.383500579312818
50793,2.622013344428155
50794,2.580119817310752
50795,2.9173049705176246
50796,20.727228717472634
50818,20.39263155502346
50819,38.597336869275914
50820,43.234917332811506
50821,42.568922040298816
50822,43.4675433659052
50823,44.785753980479804
50824,45.71834225450274
50825,45.193148310517195
50826,47.09073213344124
50827,46.121126233237554
50828,48.15712339295518
50829,55.586284804557536
50848,64.16686697518568
50849,70.4581713517921
50850,72.5145449682031
50851,32.57135699865527
50852,32.02559061618029
50853,35.45322313160816
50854,34.97903281366896
50855,37.3590456929265
50856,41.09142155342115
50857,47.72907166003451
50858,48.311254635944266
50859,49.71508333325271
50860,51.67810791475015
50861,55.3083151869458
50862,56.01376172632011
50863,23.01145084700873
50864,24.18966633075771
50865,26.148332301733777
50866,34.79340563128156
50867,3.075127452417479
50868,1.9709281625821689
50869,4.071980276270221
50870,5.443328305790201
50871,11.432538463086587
50890,13.10840590811925
50891,13.127758389231518
50892,14.870478263952798
50893,17.12430638506196
50894,16.764870694661184
50895,16.397990840681732
50896,21.697015634281843
50897,29.232805850987397
50898,31.189417454014265
50899,35.94858110189925
50900,38.51421729346621
50901,40.20299036695083
51021,44.15432277979468
51022,45.46095022617948
51023,44.594909649528034
51024,21.31266797968233
51025,19.726956935668504
51026,19.816396034119354
51027,18.454108947730944
51028,18.569647269653494
51029,19.300960994859263
51030,24.12763256399537
51031,29.435056194520055
51032,34.681039313268236
51088,36.946643253920335
51089,36.836094488806836
51090,37.79929740211584
51091,39.84700947285212
51111,42.9095466221052
51112,44.465022615047175
51113,46.95425272926654
51114,46.41167769247825
51122,48.180455358283474
51123,52.80675026921544
51124,53.109783874118484
51125,54.745417884660625
51192,56.87576583450643
51193,59.572443363970265
51194,59.58142392007832
51195,36.235684804269496
51204,37.288469419641
51205,36.97018609538443
51206,37.78704446042285
51207,23.023164418853657
51208,31.557046383839502
51209,36.42866605691063
51210,38.70131369810526
51211,58.951363709813194
51212,62.08134353204868
51213,59.59911682121281
51214,59.979286596479085
51215,22.671146245896512
51221,22.59479360057509
51222,21.19694484642027
51223,21.861117791926137
51224,22.176733241360722
51225,22.84657083259643
51226,25.42546116343664
51227,26.081133059980942
51228,26.299475908363085
51229,27.840964210488405
51230,34.04210213258521
51231,41.019488962844214
51232,41.19048596554891
51334,38.202278189542525
51335,43.088667783745436
51336,47.885291104320025
51337,43.5335109269901
51338,48.38256802820762
51339,47.36895339802045
51340,49.45900621379347
51341,51.74417382451992
51342,51.72298470828216
51343,52.85239112567792
51344,51.79512190326368
51345,53.101753921308415
51400,52.867075740545914
51401,52.61721041417699
51402,52.785003882206155
51403,4.222127225773047
51404,8.0289530339769
51405,11.157814964671855
51406,12.26881040842207
51479,17.65311740099563
51480,18.824634215621394
51481,24.231519265975194
51482,28.686425235962375
51541,31.822359062604043
51542,37.54084943533636
51543,34.956292048261766
51544,35.73426775363832
51545,27.537340856279844
51546,30.317682519653708
51547,33.78186327969404
51548,34.65396465541345
51549,34.40950900477929
51550,35.66998594390306
51551,35.64911883872863
51552,35.18667764017364
51577,37.90489440551796
51578,37.05854549611437
51579,40.862780305883966
51580,41.175500018649394
51581,42.827969865254474
51582,47.19435528951566
51583,49.45402144317178
51584,50.070702059735446
51585,52.28637610137194
51586,55.85979882387686
51587,50.33174214785801
51616,52.001316823008025
51617,51.67965395480698
51618,52.40642254364373
51619,54.581390471645626
51620,55.57146378844173
51621,58.60629553028693
51622,31.920159489897287
51623,30.48090755984704
51624,35.34907825926193
51625,41.73250712411126
51626,47.01963301088672
51627,45.66881747000991
51674,46.76782804046745
51675,51.523726657201905
51676,45.13877189437616
51677,51.05444898561031
51678,50.71158125456333
51679,52.83716141548187
51680,22.00626755349361
51681,24.905740932432128
51682,32.89595672796605
51683,33.456103554798524
51684,35.13696274039296
51685,38.71343730319554
51702,16.314715070129065
51703,15.714453965249726
51704,24.209964175224155
51705,27.357450272617054
51706,7.811396794363069
51707,14.699240364781375
51708,19.068897944638913
51709,32.815191789192724
51710,38.411910788798565
51711,33.47163864659218
51712,31.69125259849067
51713,33.277637519573
51718,36.657274450550226
51719,52.9922966958662
51720,55.16879533942236
51721,35.8024099344999
51722,41.640126618991275
51723,47.491070601448115
51724,53.29054766121379
51725,26.874201459877956
51726,31.9657578007908
51727,34.60847392221274
51728,40.37148936653681
51729,24.143207320467024
51730,36.411559274839526
51731,46.45764200899316
51732,56.08463310709854
51733,58.60694971412581
51734,62.69128883647775
51735,64.09345944661379
51736,62.40730664905954
51737,63.0618268731627
51738,65.60648552078229
51739,66.24914494449958
51740,66.27103252187104
51741,22.832127164446007
51747,21.853065601713773
51748,22.294741738492263
51749,23.80104864977168
51750,26.286480433528467
51751,13.456809487652999
51752,18.808082803057786
51792,26.244447110786083
51793,28.803903516542682
51794,30.62620267688689
51795,31.007766432127767
51796,30.384756335754297
51797,30.97911735895951
51798,31.531208781400668
51799,32.69303691142492
51800,32.3435281823545
51801,35.502720335077484
51802,35.9493963147183
51803,37.538047718861534
51812,39.407936011755496
51813,41.16981408008537
51814,31.649805098162204
51815,43.00730487433166
51833,47.502859479615104
51834,50.256930093680225
51835,49.15568892223692
51836,55.96193253589695
51837,58.01422569648276
51838,60.4955278016844
51839,63.10171880712163
51840,63.09542671668826
51841,63.686623044253245
51842,64.80479443934517
51843,28.683153484308193
51844,27.728525803226372
51845,27.9959257030126
51846,34.29965993010852
51847,36.52715044338491
51848,39.836773478998346
51849,40.9440833928417
51850,40.251857514454066
51851,41.76117283326642
51864,44.07981305687704
51865,44.13343539326569
51866,45.15172679445897
51867,14.65717817264227
51868,14.677649024891194
51869,18.910994861709444
51870,19.944883795877253
51871,37.45886782971924
51872,41.66700087582639
51873,44.508834009838594
51874,51.857195963295574
51875,38.90990003794439
51891,39.034990311108054
51892,40.46458856006714
51893,39.26978716115706
51894,38.945027472231764
51921,38.19285757209832
51922,41.564588827531544
51923,45.20894764130779
51924,46.48391930362564
51925,47.19850146123138
51926,48.036997146924605
51927,52.71992574936027
51928,16.117928412271677
51929,23.011595296635097
51930,26.41243938588957
51931,27.23947296814422
51932,27.23939221112331
51937,25.145074944420706
51938,34.12330606861379
51939,39.06173021748371
51940,38.04613813314592
51941,39.18546193308072
51942,41.20261791381792
52202,46.55925361584703
52203,44.06019614605073
52204,48.179292029849236
52205,50.053180694306334
52206,52.09626036661106
52207,30.119166979134995
52208,32.9689293308117
52209,34.093018887731304
52333,31.594676074842724
52334,45.90716002724506
52335,31.757098076680766
52336,30.970443572405376
52359,29.631974070274076
52360,29.202550279839755
52361,29.47640374210082
52362,29.4122142039831
52363,28.54309243479775
52364,30.31971201864478
52365,31.78283735362062
52366,48.63541485200753
52367,55.73903256145567
52368,65.11843228210158
52369,65.77292666572056
52370,42.92031426498387
52377,44.525542527378114
52378,48.54703759419732
52379,52.78690134959134
52380,50.928105895783254
52381,54.75936258325189
52382,56.86378159892823
52383,55.68357734407875
52384,56.973704565236126
52385,27.083829392257957
52386,25.968110176402885
52387,28.97704471412712
52388,31.299396891763863
52413,28.941939386000115
52414,31.778473771963757
52415,32.29699558410748
52416,33.41141358098769
52417,34.34316615642736
52418,34.82395501307204
52419,37.16698875298125
52420,38.76326052664922
52421,41.41198340845674
52422,48.83161965993862
52423,56.75772929094606
52424,57.337516714526345
52425,56.836806538023524
52499,56.547325353454966
52500,57.372705900132196
52501,57.57005179130872
52502,58.33179121885848
52515,58.66952502137001
52516,58.82371803598647
52517,60.31881117350285
52518,35.9198593315849
52524,39.13400390359652
52525,46.88043301675639
52526,48.065259206711005
52527,55.333876958532144
52587,58.52739795750012
52588,61.46526253374466
52589,60.515855647331335
52590,61.41502313405516
52591,62.000693971302255
52592,62.31078492579938
52593,65.35126171299025
52594,24.097210692369114
52595,35.32239479940032
52614,38.54968060784119
52615,37.85227652947734
52616,19.49967657138743
52617,18.460660387882363
52657,24.963089589670794
52658,26.39099257706868
52659,57.145787348892554
52660,57.78276585107451
52661,60.92831297230294
52662,54.528189931895085
52663,59.489252946549435
52664,58.6723206103964
52719,59.66639825848684
52720,60.66505906516443
52721,61.10884744608317
52722,61.483975071284036
52723,61.604502773267086
52724,61.96396571087159
52725,7.684716514232225
52726,21.30104115114985
52727,22.960651706485542
52728,24.128508436641013
52729,24.87202532570709
52730,32.50237497730497
52753,38.063863984780106
52754,35.835411464690495
52755,44.17681879398311
52756,43.870460297866444
52757,45.95576911009697
52758,49.03756816792704
52759,29.736664416557943
52760,35.20921790288824
52761,35.044720136348694
52762,37.41875905377675
52763,37.7613699666341
52764,37.92300488410598
52802,38.34343401032527
52803,40.56296506812983
52804,43.782874556446885
52805,48.48430964534885
52806,22.814792825730496
52807,27.791110622750868
52808,31.104748492302043
52809,43.24970569961433
52810,44.56101776862859
52811,47.3177722423111
52812,20.84847501992781
52813,28.43060621687257
52861,33.4641265023831
52862,36.05170284077309
52863,54.032579155258624
52864,52.83144245585946
52865,55.292798513427805
52866,57.391165832625546
52867,61.48438134903721
52868,18.49834129956831
52869,18.58042344056332
52870,17.437614857306297
52871,20.652304902538393
52872,21.23939447308371
52913,23.186541869519115
52914,31.685262624923816
52915,34.4183870229615
52916,52.305360241006305
52917,53.76200003361057
52918,56.88543503554994
52919,60.793115148800446
52920,64.9440989296283
52921,65.89523282081295
52922,65.42111931109154
52923,67.55894220992721
52924,65.62632956776581
52925,67.70321987092349
52926,28.995912935277566
52927,49.09094737513698
52928,54.368986427830755
52929,54.173738910453416
52930,53.28063916256374
52931,55.52376183084729
52932,56.36749868670047
52933,59.2022798132843
52934,58.329795742054905
52955,59.27469977622882
52956,59.784958385755665
52957,62.601200548819385
52958,36.271333724693356
52959,34.5644767263276
52960,39.67454211343657
52961,46.93101431441218
52962,45.02166794257227
52963,46.58685923574845
52964,50.449048429182476
52965,49.099894408587275
52966,49.5369150648249
52998,50.81643334554581
52999,37.86157289366307
53000,37.902164719915184
53001,37.44323912185449
53002,35.383484432485425
53003,42.10643794707484
53004,45.74335527341919
53005,13.444338498784562
53006,22.642443926309717
53007,26.957984747665368
53008,33.40068084804531
53009,36.86341146485821
53010,13.599581208050232
53011,15.730336012870305
53012,14.303229896971187
53013,16.692995647051195
53014,18.5324102641949
53015,18.982550358684644
53016,23.959348848085202
53017,25.689267626798667
53018,30.35289393304484
53019,31.910069503069227
53020,35.208185280612234
53021,34.215707555066246
53022,24.359639817724112
53023,36.49059448887576
53024,41.076297403318186
53025,43.92938774580668
53141,45.29833366023076
53142,35.13309909600615
53143,42.13966964739926
53144,48.47639926761776
53145,47.79505371375251
53150,51.42474226612486
53151,54.69177329801672
53152,56.123339447555345
53153,58.05806580972074
53154,65.24162663461244
53155,71.32617621576668
53156,73.59139798073802
53157,74.37559132954904
53158,74.66899444049726
53159,72.43554441959535
53160,39.14046383155781
53161,45.55248960642473
53162,46.393309134214455
53163,51.98123316304762
53164,57.888566609449235
53165,63.77987825351671
53166,64.96902592159054
53167,62.996028925463726
53168,3.5225752138017987
53169,2.4293881574431047
53170,4.2999854418388574
53171,7.084140991093382
53172,12.59167725439809
53173,14.27723344042913
53174,14.799110446916618
53175,14.717533414213756
53176,14.88254232120286
53177,21.248823069569575
53178,23.746843270149196
53179,26.090579021976982
53180,22.650761672327047
53181,27.955906921996984
53182,39.97419753101348
53183,34.65659743877546
53184,43.844720813813026
53185,47.58937919253506
53186,51.35722642068115
53187,51.56712546272979
53193,53.81766492478413
53194,57.121410113109164
53195,54.457975497613916
53196,52.91103607347601
53197,18.66228160898294
53198,28.822315671404876
53199,35.61117046656359
53200,34.04419731637029
53244,34.70937610695
53245,35.12232568924758
53246,38.563967960472034
53247,37.908933645064046
53248,37.357936550464615
53281,39.177094673468346
53282,39.700908757049845
53283,41.71531884760443
53284,31.703383828412804
53285,31.60934253261157
53291,33.60535036099289
53292,42.12131665150629
53293,26.455213599505367
53294,29.419045810881588
53295,41.2565337136697
53296,43.90597548294972
53297,44.96154055105219
53298,45.864442314694514
53299,44.62754199184044
53300,45.07894101846646
53301,45.915927659752704
53302,46.439525520938375
53318,45.09718017908842
53319,47.749776713910244
53320,27.907053692894337
53321,34.76887817555418
53322,38.84117424185349
53323,38.77870924044515
53324,40.618418538318075
53430,49.0542056342711
53431,50.44173174923377
53432,48.87748092888621
53433,51.549056469533255
53434,54.62058186274506
53435,53.91502447810812
53436,54.725366798446245
53437,14.142793097345287
53438,21.751931922623942
53439,24.713897936842
53440,29.738620436113585
53441,32.83609402645348
53442,34.61595386080219
53443,38.46970711014563
53444,39.27055927295621
53445,13.376379556365585
53446,10.362837093661932
53447,14.78555482883432
53448,17.762005452962992
53449,13.155743663354034
53450,19.18253951245941
53451,33.81057648433829
53452,44.310373023875556
53453,47.79198887381611
53483,29.7927921993746
53484,31.065548970963217
53485,32.91759670373323
53486,33.48555480343354
53487,12.769549006645208
53488,10.945047243869801
53489,10.198100874871795
53490,18.699504744336995
53491,21.61606148992915
53492,21.883151609110254
53493,23.592461869730375
53494,25.78671014700186
53527,27.501741525255262
53528,34.41644718391752
53529,37.20637952131447
53530,43.68838960052883
53531,47.727672045329264
53544,46.46997239442546
53545,46.56473783084973
53546,49.74950962620358
53547,49.9509188878984
53589,51.69490129936953
53590,51.26079612208679
53591,54.0707403715232
53592,56.76113682489063
53593,16.047362534742703
53594,17.127178432563188
53595,17.75517735184481
53596,26.135506055628344
53597,28.745045058140732
53598,12.991436295589638
53599,18.8115587499633
53600,20.01660809839991
53651,20.18387828108534
53652,27.706711275849223
53653,32.906670625850055
53654,31.546197343303724
53655,31.205324597641265
53656,38.85783155856888
53657,40.38952697879495
53658,40.73185305335967
53659,9.831463304728219
53660,19.033713297558467
53661,21.61365551979155
53662,21.88425158383015
53663,23.74546528473099
53664,33.90667917457524
53665,36.539793546719025
53666,38.844273777642485
53667,34.70482348316378
53668,34.67352935320214
53669,34.98888988382963
53670,34.327262622711956
53671,34.76471882694417
53672,34.454421267106454
53673,35.97338249040166
53674,38.47553271440834
53675,41.53507024677485
53676,45.69709129585066
53677,48.840079003899426
53678,50.79977698566891
53703,11.555166373222908
53704,7.557262427944779
53705,8.62603673547391
53706,15.615167445447602
53707,18.124993426206657
53720,22.414272727137742
53721,25.460243020689425
53722,27.04933647688522
53723,27.545066188263704
53724,29.75915635561152
53725,29.190061886491154
53726,29.934463200086093
53727,33.15346518501611
53728,35.12829765426732
53729,35.849946789754256
53730,43.93379547542131
53731,19.971681155605552
53732,24.991583126448724
53733,29.87042452142144
53734,32.33791507184541
53735,28.47181040079278
53736,33.66087935271473
53737,33.74931107072524
53738,34.08804992994464
53739,57.020391104078186
53740,55.68022596374363
53741,58.364928548382395
53742,58.9276205837012
53743,59.347237196262626
53794,61.22595174376382
53795,62.576966981971424
53796,63.117629117031214
53797,62.7415529249505
53798,61.186153314899556
53936,60.86637562335196
53937,62.25695267256333
53938,28.203469455166008
53939,35.75409545749502
53940,38.65851712573279
53941,39.87590230948495
53942,44.03561218009114
53943,35.59319398584918
53944,40.23690126065733
53945,46.9219617869461
53946,50.89106853794203
53947,53.29462472634501
53954,51.06808212327416
53955,52.88441450113658
53956,12.509122358691716
53957,10.746488249888985
53958,13.518419398197343
53971,24.012107347741853
53972,23.25374002378446
53973,24.648319914265958
53974,33.88313065663654
53975,37.72266719518128
54001,39.47109683428611
54002,41.67297840778826
54003,43.25082104460185
54004,48.86524432474704
54017,33.495351988937664
54018,43.27788645795474
54019,49.525324018870336
54020,49.31658390094456
54021,18.847196486202673
54022,25.794386461645473
54023,29.50445961339628
54024,33.57123023834141
54025,27.31372587530568
54089,24.915546889511692
54090,26.486186559251287
54091,27.504203799543163
54092,35.31941940252973
54093,30.158594637073538
54094,38.7446564696824
54095,42.427063315655495
54108,46.83533555379698
54109,48.361669746034075
54110,52.24415406445156
54111,52.62646819883848
54120,58.74344386304707
54121,63.97251574994765
54122,66.45937768810607
54123,66.76748584902211
54124,44.80667627791363
54125,43.8161028504408
54131,46.11060335918189
54132,39.56723274664413
54133,37.909575499461894
54134,36.84386824147078
54135,36.33202343497492
54136,27.083829392257957
54137,25.755308675368674
54138,31.853776232712676
54139,37.60635347163579
54140,45.99517428680021
54162,46.2539988178436
54163,45.54208104096804
54164,49.05230138324568
54165,51.34758832862632
54178,54.4641548709521
54179,59.873749696977946
54180,64.53893522467784
54181,44.795077275448364
54182,45.435389470777224
54183,49.733942883583445
54184,51.773572160257984
54185,52.82481303763327
54186,53.01525519496111
54187,54.0693907370983
54188,54.86883759536319
54189,53.078013558483946
54202,58.45144351912728
54203,58.759263149448785
54204,59.55492935749612
54205,37.273687935939684
54206,36.71386698834149
54207,42.027214589469246
54208,47.08898852853448
54209,52.63050683680273
54210,50.86979912493313
54246,49.56093941210934
54247,51.38729162226256
54248,51.71338080327698
54249,53.83378847826427
54250,55.23346030791112
54296,57.613641449658516
54297,12.805726748214836
54298,19.596427981934248
54299,21.77209542241071
54300,22.036130327360933
54301,22.682325847455065
54302,29.89409283023144
54303,32.34664868710058
54304,33.48949698544843
54305,35.03944205247052
54306,35.4596938162777
54307,34.69299529123391
54323,35.99818136635124
54324,45.95851716056545
54325,46.442213408629094
54326,50.68965204288716
54327,58.13532389106773
54328,4.830472745726003
54329,14.041238645414893
54330,19.322946579762892
54388,20.083433961263584
54389,16.01155085331877
54390,14.461407533045332
54391,21.61960560815886
54392,24.8955070323383
54475,26.42838155776619
54476,28.91491776375953
54477,31.89239121226635
54478,33.748794616860216
54479,23.009646346743697
54480,26.889469159837446
54481,29.436682306986214
54482,32.48071496423464
54483,31.415941822684573
54484,40.33871334271139
54485,48.59711477784892
54486,52.096584893737536
54493,41.134832303571
54494,43.78038027845652
54495,44.93964905689067
54496,45.799427013590304
54549,48.45071448929306
54550,50.52826801004739
54551,52.62507008250296
54552,53.25836969339918
54553,54.29635289119626
54554,56.23405934651146
54555,37.36406311227534
54556,39.73344580482963
54557,46.835519428522765
54558,52.4310362551131
54559,19.49967657138743
54564,21.202783568154576
54565,25.80853695324289
54566,30.958026127152667
54567,22.005110512331623
54659,34.50601497569067
54660,37.602912046876334
54661,37.54477850544542
54662,39.52389260886109
54674,40.198096526742454
54675,40.881822309320846
54676,42.67884923343702
54677,45.17100787707317
54714,45.282656136623075
54715,47.36364656779811
54716,50.11363241595936
54717,42.84209113833267
54718,42.40241617486291
54728,44.78505317030672
54729,47.12106356308088
54730,48.96185530788082
54731,48.79180641492265
54732,50.72475902828721
54785,62.39587876563972
54786,68.60728122637002
54787,69.37232039125661
54788,70.43164255179562
54789,71.24119838140713
54790,28.196415938490578
54791,41.26504664128352
54792,41.80897011582788
54793,45.158946023111
54794,31.60814327422359
54795,30.488033344726446
54796,32.19140295803568
54797,34.38539779012411
54798,34.24099536773402
54799,33.46854442237314
54800,36.423703992801535
54801,43.007967805140474
54802,48.438648356924055
54851,51.46923439770305
54852,54.25868807906733
54853,57.01631619155939
54854,59.9216868866191
54935,59.014817945540706
54936,31.973553969456294
54937,35.26912478725699
54938,35.903149390499
54953,39.99761102991581
54954,27.180857693745693
54955,31.79668434105393
54956,41.171662425699076
54957,44.75376711618303
54958,45.180091553855554
54959,45.170333910916284
54960,47.61356244295125
54961,49.53826362826571
54962,48.82543162414642
54963,49.45141776949348
54964,50.745589862902506
55017,51.66595337212469
55018,7.676963048001855
55019,12.190847307607875
55020,15.226952938280197
55021,16.437058732561166
55022,15.776515650563057
55023,16.41446732752744
55024,25.09367010750979
55025,25.943824960001557
55026,28.46801004112282
55027,30.153419785832213
55028,33.63731875489727
55041,34.839117472919156
55042,33.465778066478265
55043,38.60875210517738
55044,37.46751349539384
55045,41.27241933843453
55046,40.85956833969983
55047,44.39969112657101
55048,47.03432775018591
55049,51.0863444232908
55050,51.03375477722441
55051,51.998875803782
55052,52.27648995966403
55060,54.533614331227795
55061,40.329925406862046
55062,54.29555364327563
55063,59.22024789857167
55095,60.74315921855278
55096,65.81006930837917
55097,66.61009934377597
55098,67.22947144204959
55127,69.05504107379559
55128,70.18024476050908
55129,71.2856336262071
55130,71.5715543556755
55131,72.3526894527053
55132,31.703383828412804
55133,35.67210281080422
55134,35.790892231808314
55135,37.509335155678464
55136,61.180815024969114
55137,60.71067294132594
55138,63.52354094379738
55179,64.02725220696298
55180,64.33848832827391
55181,66.04013215187312
55182,65.37642735077105
55183,66.88971526971991
55184,39.94626480229827
55185,42.551640423731605
55186,47.32527264276557
55187,51.316195336988265
55188,52.258499318160375
55189,53.615300687176976
55190,54.54894052470097
55191,54.11345196605083
55192,53.30394514413669
55193,54.988870926481745
55194,56.31392373210579
55220,57.51552231411146
55221,10.080651569438073
55222,13.854323519916509
55223,15.81004214305379
55224,17.333387452242746
55225,18.757993043357313
55226,18.359771161193404
55227,19.573814679262675
55228,24.03440261202119
55229,11.226500376629344
55230,15.643803145349088
55231,16.800101338070846
55261,18.687653447514304
55262,17.84632911068078
55263,18.629043147213455
55264,16.881764182443415
55265,16.851836111888886
55266,17.115089824524443
55279,16.808891598121807
55280,21.82376812895944
55281,24.88193657214188
55282,29.45658679267479
55283,32.19151374278497
55284,31.924986950799493
55285,35.50918175046628
55286,40.08581048465528
55287,41.621774461146366
55288,42.48798674074566
55289,47.30727675231468
55290,52.78126162336
55349,15.576546193103782
55350,18.114431495022036
55351,20.71153521840852
55352,19.87010276206882
55353,17.27973513442696
55354,29.727942532106884
55355,36.90211673770975
55356,40.69565588579938
55357,40.210593340523374
55358,40.85096427149486
55359,40.45063384327461
55360,40.64521712212379
55517,43.42706926540047
55518,44.34782483546958
55519,46.16124671070365
55520,50.67511796082175
55521,28.433119262125846
55522,28.35915536574863
55523,28.69999233716891
55524,31.89574175548626
55525,41.69382489050733
55548,31.504271753540124
55549,30.48539819698501
55550,28.201532639237968
55551,29.072598315452446
